2026-08-10T08:22:29.718+09:00  INFO 14880 --- [CardCapture-back] [restartedMain] j.c.e.c.CardCaptureBackApplication       : Starting CardCaptureBackApplication using Java 21.0.9 with PID 14880 (C:\kino-work\SpringBoot\CardCapture-back\bin\main started by NPC-61 in C:\kino-work\SpringBoot\CardCapture-back)
2026-08-10T08:22:29.728+09:00  INFO 14880 --- [CardCapture-back] [restartedMain] j.c.e.c.CardCaptureBackApplication       : No active profile set, falling back to 1 default profile: "default"
2026-08-10T08:22:29.826+09:00  INFO 14880 --- [CardCapture-back] [restartedMain] .e.DevToolsPropertyDefaultsPostProcessor : Devtools property defaults active! Set 'spring.devtools.add-properties' to 'false' to disable
2026-08-10T08:22:29.827+09:00  INFO 14880 --- [CardCapture-back] [restartedMain] .e.DevToolsPropertyDefaultsPostProcessor : For additional web related logging consider setting the 'logging.level.web' property to 'DEBUG'
2026-08-10T08:22:31.864+09:00  INFO 14880 --- [CardCapture-back] [restartedMain] o.s.boot.tomcat.TomcatWebServer          : Tomcat initialized with port 8080 (http)
2026-08-10T08:22:31.901+09:00  INFO 14880 --- [CardCapture-back] [restartedMain] o.apache.catalina.core.StandardService   : Starting service [Tomcat]
2026-08-10T08:22:31.903+09:00  INFO 14880 --- [CardCapture-back] [restartedMain] o.apache.catalina.core.StandardEngine    : Starting Servlet engine: [Apache Tomcat/11.0.22]
2026-08-10T08:22:31.997+09:00  INFO 14880 --- [CardCapture-back] [restartedMain] b.w.c.s.WebApplicationContextInitializer : Root WebApplicationContext: initialization completed in 2169 ms
2026-08-10T08:22:32.197+09:00  INFO 14880 --- [CardCapture-back] [restartedMain] j.c.e.c.service.GlobalStateService       : createDeck; 開始
2026-08-10T08:22:32.208+09:00  INFO 14880 --- [CardCapture-back] [restartedMain] j.c.e.c.service.GlobalStateService       : createDeck; makeCard :code; 102 / suitLスペード s:1 / num: 2 numLab:2
2026-08-10T08:22:32.212+09:00  INFO 14880 --- [CardCapture-back] [restartedMain] j.c.e.c.service.GlobalStateService       : suit=1 / num=2 / card-c:102
2026-08-10T08:22:32.212+09:00  INFO 14880 --- [CardCapture-back] [restartedMain] j.c.e.c.service.GlobalStateService       : createDeck; makeCard :code; 103 / suitLスペード s:1 / num: 3 numLab:3
2026-08-10T08:22:32.212+09:00  INFO 14880 --- [CardCapture-back] [restartedMain] j.c.e.c.service.GlobalStateService       : suit=1 / num=3 / card-c:103
2026-08-10T08:22:32.213+09:00  INFO 14880 --- [CardCapture-back] [restartedMain] j.c.e.c.service.GlobalStateService       : createDeck; makeCard :code; 104 / suitLスペード s:1 / num: 4 numLab:4
2026-08-10T08:22:32.213+09:00  INFO 14880 --- [CardCapture-back] [restartedMain] j.c.e.c.service.GlobalStateService       : suit=1 / num=4 / card-c:104
2026-08-10T08:22:32.214+09:00  INFO 14880 --- [CardCapture-back] [restartedMain] j.c.e.c.service.GlobalStateService       : createDeck; makeCard :code; 105 / suitLスペード s:1 / num: 5 numLab:5
2026-08-10T08:22:32.214+09:00  INFO 14880 --- [CardCapture-back] [restartedMain] j.c.e.c.service.GlobalStateService       : suit=1 / num=5 / card-c:105
2026-08-10T08:22:32.214+09:00  INFO 14880 --- [CardCapture-back] [restartedMain] j.c.e.c.service.GlobalStateService       : createDeck; makeCard :code; 106 / suitLスペード s:1 / num: 6 numLab:6
2026-08-10T08:22:32.214+09:00  INFO 14880 --- [CardCapture-back] [restartedMain] j.c.e.c.service.GlobalStateService       : suit=1 / num=6 / card-c:106
2026-08-10T08:22:32.215+09:00  INFO 14880 --- [CardCapture-back] [restartedMain] j.c.e.c.service.GlobalStateService       : createDeck; makeCard :code; 107 / suitLスペード s:1 / num: 7 numLab:7
2026-08-10T08:22:32.215+09:00  INFO 14880 --- [CardCapture-back] [restartedMain] j.c.e.c.service.GlobalStateService       : suit=1 / num=7 / card-c:107
2026-08-10T08:22:32.215+09:00  INFO 14880 --- [CardCapture-back] [restartedMain] j.c.e.c.service.GlobalStateService       : createDeck; makeCard :code; 108 / suitLスペード s:1 / num: 8 numLab:8
2026-08-10T08:22:32.215+09:00  INFO 14880 --- [CardCapture-back] [restartedMain] j.c.e.c.service.GlobalStateService       : suit=1 / num=8 / card-c:108
2026-08-10T08:22:32.217+09:00  INFO 14880 --- [CardCapture-back] [restartedMain] j.c.e.c.service.GlobalStateService       : createDeck; makeCard :code; 109 / suitLスペード s:1 / num: 9 numLab:9
2026-08-10T08:22:32.217+09:00  INFO 14880 --- [CardCapture-back] [restartedMain] j.c.e.c.service.GlobalStateService       : suit=1 / num=9 / card-c:109
2026-08-10T08:22:32.218+09:00  INFO 14880 --- [CardCapture-back] [restartedMain] j.c.e.c.service.GlobalStateService       : createDeck; makeCard :code; 110 / suitLスペード s:1 / num: 10 numLab:10
2026-08-10T08:22:32.219+09:00  INFO 14880 --- [CardCapture-back] [restartedMain] j.c.e.c.service.GlobalStateService       : suit=1 / num=10 / card-c:110
2026-08-10T08:22:32.220+09:00  INFO 14880 --- [CardCapture-back] [restartedMain] j.c.e.c.service.GlobalStateService       : createDeck; makeCard :code; 111 / suitLスペード s:1 / num: 11 numLab:ジャック
2026-08-10T08:22:32.220+09:00  INFO 14880 --- [CardCapture-back] [restartedMain] j.c.e.c.service.GlobalStateService       : suit=1 / num=11 / card-c:111
2026-08-10T08:22:32.221+09:00  INFO 14880 --- [CardCapture-back] [restartedMain] j.c.e.c.service.GlobalStateService       : createDeck; makeCard :code; 112 / suitLスペード s:1 / num: 12 numLab:クイーン
2026-08-10T08:22:32.221+09:00  INFO 14880 --- [CardCapture-back] [restartedMain] j.c.e.c.service.GlobalStateService       : suit=1 / num=12 / card-c:112
2026-08-10T08:22:32.221+09:00  INFO 14880 --- [CardCapture-back] [restartedMain] j.c.e.c.service.GlobalStateService       : createDeck; makeCard :code; 113 / suitLスペード s:1 / num: 13 numLab:キング
2026-08-10T08:22:32.222+09:00  INFO 14880 --- [CardCapture-back] [restartedMain] j.c.e.c.service.GlobalStateService       : suit=1 / num=13 / card-c:113
2026-08-10T08:22:32.222+09:00  INFO 14880 --- [CardCapture-back] [restartedMain] j.c.e.c.service.GlobalStateService       : createDeck; makeCard :code; 114 / suitLスペード s:1 / num: 14 numLab:エース
2026-08-10T08:22:32.223+09:00  INFO 14880 --- [CardCapture-back] [restartedMain] j.c.e.c.service.GlobalStateService       : suit=1 / num=14 / card-c:114
2026-08-10T08:22:32.223+09:00  INFO 14880 --- [CardCapture-back] [restartedMain] j.c.e.c.service.GlobalStateService       : createDeck; makeCard :code; 202 / suitLハート s:2 / num: 2 numLab:2
2026-08-10T08:22:32.223+09:00  INFO 14880 --- [CardCapture-back] [restartedMain] j.c.e.c.service.GlobalStateService       : suit=2 / num=2 / card-c:202
2026-08-10T08:22:32.224+09:00  INFO 14880 --- [CardCapture-back] [restartedMain] j.c.e.c.service.GlobalStateService       : createDeck; makeCard :code; 203 / suitLハート s:2 / num: 3 numLab:3
2026-08-10T08:22:32.224+09:00  INFO 14880 --- [CardCapture-back] [restartedMain] j.c.e.c.service.GlobalStateService       : suit=2 / num=3 / card-c:203
2026-08-10T08:22:32.225+09:00  INFO 14880 --- [CardCapture-back] [restartedMain] j.c.e.c.service.GlobalStateService       : createDeck; makeCard :code; 204 / suitLハート s:2 / num: 4 numLab:4
2026-08-10T08:22:32.225+09:00  INFO 14880 --- [CardCapture-back] [restartedMain] j.c.e.c.service.GlobalStateService       : suit=2 / num=4 / card-c:204
2026-08-10T08:22:32.225+09:00  INFO 14880 --- [CardCapture-back] [restartedMain] j.c.e.c.service.GlobalStateService       : createDeck; makeCard :code; 205 / suitLハート s:2 / num: 5 numLab:5
2026-08-10T08:22:32.225+09:00  INFO 14880 --- [CardCapture-back] [restartedMain] j.c.e.c.service.GlobalStateService       : suit=2 / num=5 / card-c:205
2026-08-10T08:22:32.226+09:00  INFO 14880 --- [CardCapture-back] [restartedMain] j.c.e.c.service.GlobalStateService       : createDeck; makeCard :code; 206 / suitLハート s:2 / num: 6 numLab:6
2026-08-10T08:22:32.227+09:00  INFO 14880 --- [CardCapture-back] [restartedMain] j.c.e.c.service.GlobalStateService       : suit=2 / num=6 / card-c:206
2026-08-10T08:22:32.227+09:00  INFO 14880 --- [CardCapture-back] [restartedMain] j.c.e.c.service.GlobalStateService       : createDeck; makeCard :code; 207 / suitLハート s:2 / num: 7 numLab:7
2026-08-10T08:22:32.228+09:00  INFO 14880 --- [CardCapture-back] [restartedMain] j.c.e.c.service.GlobalStateService       : suit=2 / num=7 / card-c:207
2026-08-10T08:22:32.228+09:00  INFO 14880 --- [CardCapture-back] [restartedMain] j.c.e.c.service.GlobalStateService       : createDeck; makeCard :code; 208 / suitLハート s:2 / num: 8 numLab:8
2026-08-10T08:22:32.229+09:00  INFO 14880 --- [CardCapture-back] [restartedMain] j.c.e.c.service.GlobalStateService       : suit=2 / num=8 / card-c:208
2026-08-10T08:22:32.229+09:00  INFO 14880 --- [CardCapture-back] [restartedMain] j.c.e.c.service.GlobalStateService       : createDeck; makeCard :code; 209 / suitLハート s:2 / num: 9 numLab:9
2026-08-10T08:22:32.229+09:00  INFO 14880 --- [CardCapture-back] [restartedMain] j.c.e.c.service.GlobalStateService       : suit=2 / num=9 / card-c:209
2026-08-10T08:22:32.229+09:00  INFO 14880 --- [CardCapture-back] [restartedMain] j.c.e.c.service.GlobalStateService       : createDeck; makeCard :code; 210 / suitLハート s:2 / num: 10 numLab:10
2026-08-10T08:22:32.230+09:00  INFO 14880 --- [CardCapture-back] [restartedMain] j.c.e.c.service.GlobalStateService       : suit=2 / num=10 / card-c:210
2026-08-10T08:22:32.230+09:00  INFO 14880 --- [CardCapture-back] [restartedMain] j.c.e.c.service.GlobalStateService       : createDeck; makeCard :code; 211 / suitLハート s:2 / num: 11 numLab:ジャック
2026-08-10T08:22:32.231+09:00  INFO 14880 --- [CardCapture-back] [restartedMain] j.c.e.c.service.GlobalStateService       : suit=2 / num=11 / card-c:211
2026-08-10T08:22:32.231+09:00  INFO 14880 --- [CardCapture-back] [restartedMain] j.c.e.c.service.GlobalStateService       : createDeck; makeCard :code; 212 / suitLハート s:2 / num: 12 numLab:クイーン
2026-08-10T08:22:32.231+09:00  INFO 14880 --- [CardCapture-back] [restartedMain] j.c.e.c.service.GlobalStateService       : suit=2 / num=12 / card-c:212
2026-08-10T08:22:32.231+09:00  INFO 14880 --- [CardCapture-back] [restartedMain] j.c.e.c.service.GlobalStateService       : createDeck; makeCard :code; 213 / suitLハート s:2 / num: 13 numLab:キング
2026-08-10T08:22:32.231+09:00  INFO 14880 --- [CardCapture-back] [restartedMain] j.c.e.c.service.GlobalStateService       : suit=2 / num=13 / card-c:213
2026-08-10T08:22:32.231+09:00  INFO 14880 --- [CardCapture-back] [restartedMain] j.c.e.c.service.GlobalStateService       : createDeck; makeCard :code; 214 / suitLハート s:2 / num: 14 numLab:エース
2026-08-10T08:22:32.232+09:00  INFO 14880 --- [CardCapture-back] [restartedMain] j.c.e.c.service.GlobalStateService       : suit=2 / num=14 / card-c:214
2026-08-10T08:22:32.232+09:00  INFO 14880 --- [CardCapture-back] [restartedMain] j.c.e.c.service.GlobalStateService       : createDeck; makeCard :code; 302 / suitLダイヤ s:3 / num: 2 numLab:2
2026-08-10T08:22:32.232+09:00  INFO 14880 --- [CardCapture-back] [restartedMain] j.c.e.c.service.GlobalStateService       : suit=3 / num=2 / card-c:302
2026-08-10T08:22:32.233+09:00  INFO 14880 --- [CardCapture-back] [restartedMain] j.c.e.c.service.GlobalStateService       : createDeck; makeCard :code; 303 / suitLダイヤ s:3 / num: 3 numLab:3
2026-08-10T08:22:32.234+09:00  INFO 14880 --- [CardCapture-back] [restartedMain] j.c.e.c.service.GlobalStateService       : suit=3 / num=3 / card-c:303
2026-08-10T08:22:32.235+09:00  INFO 14880 --- [CardCapture-back] [restartedMain] j.c.e.c.service.GlobalStateService       : createDeck; makeCard :code; 304 / suitLダイヤ s:3 / num: 4 numLab:4
2026-08-10T08:22:32.236+09:00  INFO 14880 --- [CardCapture-back] [restartedMain] j.c.e.c.service.GlobalStateService       : suit=3 / num=4 / card-c:304
2026-08-10T08:22:32.236+09:00  INFO 14880 --- [CardCapture-back] [restartedMain] j.c.e.c.service.GlobalStateService       : createDeck; makeCard :code; 305 / suitLダイヤ s:3 / num: 5 numLab:5
2026-08-10T08:22:32.237+09:00  INFO 14880 --- [CardCapture-back] [restartedMain] j.c.e.c.service.GlobalStateService       : suit=3 / num=5 / card-c:305
2026-08-10T08:22:32.237+09:00  INFO 14880 --- [CardCapture-back] [restartedMain] j.c.e.c.service.GlobalStateService       : createDeck; makeCard :code; 306 / suitLダイヤ s:3 / num: 6 numLab:6
2026-08-10T08:22:32.238+09:00  INFO 14880 --- [CardCapture-back] [restartedMain] j.c.e.c.service.GlobalStateService       : suit=3 / num=6 / card-c:306
2026-08-10T08:22:32.238+09:00  INFO 14880 --- [CardCapture-back] [restartedMain] j.c.e.c.service.GlobalStateService       : createDeck; makeCard :code; 307 / suitLダイヤ s:3 / num: 7 numLab:7
2026-08-10T08:22:32.238+09:00  INFO 14880 --- [CardCapture-back] [restartedMain] j.c.e.c.service.GlobalStateService       : suit=3 / num=7 / card-c:307
2026-08-10T08:22:32.238+09:00  INFO 14880 --- [CardCapture-back] [restartedMain] j.c.e.c.service.GlobalStateService       : createDeck; makeCard :code; 308 / suitLダイヤ s:3 / num: 8 numLab:8
2026-08-10T08:22:32.239+09:00  INFO 14880 --- [CardCapture-back] [restartedMain] j.c.e.c.service.GlobalStateService       : suit=3 / num=8 / card-c:308
2026-08-10T08:22:32.239+09:00  INFO 14880 --- [CardCapture-back] [restartedMain] j.c.e.c.service.GlobalStateService       : createDeck; makeCard :code; 309 / suitLダイヤ s:3 / num: 9 numLab:9
2026-08-10T08:22:32.239+09:00  INFO 14880 --- [CardCapture-back] [restartedMain] j.c.e.c.service.GlobalStateService       : suit=3 / num=9 / card-c:309
2026-08-10T08:22:32.239+09:00  INFO 14880 --- [CardCapture-back] [restartedMain] j.c.e.c.service.GlobalStateService       : createDeck; makeCard :code; 310 / suitLダイヤ s:3 / num: 10 numLab:10
2026-08-10T08:22:32.239+09:00  INFO 14880 --- [CardCapture-back] [restartedMain] j.c.e.c.service.GlobalStateService       : suit=3 / num=10 / card-c:310
2026-08-10T08:22:32.239+09:00  INFO 14880 --- [CardCapture-back] [restartedMain] j.c.e.c.service.GlobalStateService       : createDeck; makeCard :code; 311 / suitLダイヤ s:3 / num: 11 numLab:ジャック
2026-08-10T08:22:32.239+09:00  INFO 14880 --- [CardCapture-back] [restartedMain] j.c.e.c.service.GlobalStateService       : suit=3 / num=11 / card-c:311
2026-08-10T08:22:32.240+09:00  INFO 14880 --- [CardCapture-back] [restartedMain] j.c.e.c.service.GlobalStateService       : createDeck; makeCard :code; 312 / suitLダイヤ s:3 / num: 12 numLab:クイーン
2026-08-10T08:22:32.240+09:00  INFO 14880 --- [CardCapture-back] [restartedMain] j.c.e.c.service.GlobalStateService       : suit=3 / num=12 / card-c:312
2026-08-10T08:22:32.240+09:00  INFO 14880 --- [CardCapture-back] [restartedMain] j.c.e.c.service.GlobalStateService       : createDeck; makeCard :code; 313 / suitLダイヤ s:3 / num: 13 numLab:キング
2026-08-10T08:22:32.240+09:00  INFO 14880 --- [CardCapture-back] [restartedMain] j.c.e.c.service.GlobalStateService       : suit=3 / num=13 / card-c:313
2026-08-10T08:22:32.240+09:00  INFO 14880 --- [CardCapture-back] [restartedMain] j.c.e.c.service.GlobalStateService       : createDeck; makeCard :code; 314 / suitLダイヤ s:3 / num: 14 numLab:エース
2026-08-10T08:22:32.240+09:00  INFO 14880 --- [CardCapture-back] [restartedMain] j.c.e.c.service.GlobalStateService       : suit=3 / num=14 / card-c:314
2026-08-10T08:22:32.240+09:00  INFO 14880 --- [CardCapture-back] [restartedMain] j.c.e.c.service.GlobalStateService       : createDeck; makeCard :code; 402 / suitLクラブ s:4 / num: 2 numLab:2
2026-08-10T08:22:32.241+09:00  INFO 14880 --- [CardCapture-back] [restartedMain] j.c.e.c.service.GlobalStateService       : suit=4 / num=2 / card-c:402
2026-08-10T08:22:32.241+09:00  INFO 14880 --- [CardCapture-back] [restartedMain] j.c.e.c.service.GlobalStateService       : createDeck; makeCard :code; 403 / suitLクラブ s:4 / num: 3 numLab:3
2026-08-10T08:22:32.241+09:00  INFO 14880 --- [CardCapture-back] [restartedMain] j.c.e.c.service.GlobalStateService       : suit=4 / num=3 / card-c:403
2026-08-10T08:22:32.241+09:00  INFO 14880 --- [CardCapture-back] [restartedMain] j.c.e.c.service.GlobalStateService       : createDeck; makeCard :code; 404 / suitLクラブ s:4 / num: 4 numLab:4
2026-08-10T08:22:32.241+09:00  INFO 14880 --- [CardCapture-back] [restartedMain] j.c.e.c.service.GlobalStateService       : suit=4 / num=4 / card-c:404
2026-08-10T08:22:32.241+09:00  INFO 14880 --- [CardCapture-back] [restartedMain] j.c.e.c.service.GlobalStateService       : createDeck; makeCard :code; 405 / suitLクラブ s:4 / num: 5 numLab:5
2026-08-10T08:22:32.241+09:00  INFO 14880 --- [CardCapture-back] [restartedMain] j.c.e.c.service.GlobalStateService       : suit=4 / num=5 / card-c:405
2026-08-10T08:22:32.241+09:00  INFO 14880 --- [CardCapture-back] [restartedMain] j.c.e.c.service.GlobalStateService       : createDeck; makeCard :code; 406 / suitLクラブ s:4 / num: 6 numLab:6
2026-08-10T08:22:32.241+09:00  INFO 14880 --- [CardCapture-back] [restartedMain] j.c.e.c.service.GlobalStateService       : suit=4 / num=6 / card-c:406
2026-08-10T08:22:32.242+09:00  INFO 14880 --- [CardCapture-back] [restartedMain] j.c.e.c.service.GlobalStateService       : createDeck; makeCard :code; 407 / suitLクラブ s:4 / num: 7 numLab:7
2026-08-10T08:22:32.242+09:00  INFO 14880 --- [CardCapture-back] [restartedMain] j.c.e.c.service.GlobalStateService       : suit=4 / num=7 / card-c:407
2026-08-10T08:22:32.242+09:00  INFO 14880 --- [CardCapture-back] [restartedMain] j.c.e.c.service.GlobalStateService       : createDeck; makeCard :code; 408 / suitLクラブ s:4 / num: 8 numLab:8
2026-08-10T08:22:32.242+09:00  INFO 14880 --- [CardCapture-back] [restartedMain] j.c.e.c.service.GlobalStateService       : suit=4 / num=8 / card-c:408
2026-08-10T08:22:32.242+09:00  INFO 14880 --- [CardCapture-back] [restartedMain] j.c.e.c.service.GlobalStateService       : createDeck; makeCard :code; 409 / suitLクラブ s:4 / num: 9 numLab:9
2026-08-10T08:22:32.242+09:00  INFO 14880 --- [CardCapture-back] [restartedMain] j.c.e.c.service.GlobalStateService       : suit=4 / num=9 / card-c:409
2026-08-10T08:22:32.242+09:00  INFO 14880 --- [CardCapture-back] [restartedMain] j.c.e.c.service.GlobalStateService       : createDeck; makeCard :code; 410 / suitLクラブ s:4 / num: 10 numLab:10
2026-08-10T08:22:32.242+09:00  INFO 14880 --- [CardCapture-back] [restartedMain] j.c.e.c.service.GlobalStateService       : suit=4 / num=10 / card-c:410
2026-08-10T08:22:32.242+09:00  INFO 14880 --- [CardCapture-back] [restartedMain] j.c.e.c.service.GlobalStateService       : createDeck; makeCard :code; 411 / suitLクラブ s:4 / num: 11 numLab:ジャック
2026-08-10T08:22:32.243+09:00  INFO 14880 --- [CardCapture-back] [restartedMain] j.c.e.c.service.GlobalStateService       : suit=4 / num=11 / card-c:411
2026-08-10T08:22:32.243+09:00  INFO 14880 --- [CardCapture-back] [restartedMain] j.c.e.c.service.GlobalStateService       : createDeck; makeCard :code; 412 / suitLクラブ s:4 / num: 12 numLab:クイーン
2026-08-10T08:22:32.243+09:00  INFO 14880 --- [CardCapture-back] [restartedMain] j.c.e.c.service.GlobalStateService       : suit=4 / num=12 / card-c:412
2026-08-10T08:22:32.243+09:00  INFO 14880 --- [CardCapture-back] [restartedMain] j.c.e.c.service.GlobalStateService       : createDeck; makeCard :code; 413 / suitLクラブ s:4 / num: 13 numLab:キング
2026-08-10T08:22:32.243+09:00  INFO 14880 --- [CardCapture-back] [restartedMain] j.c.e.c.service.GlobalStateService       : suit=4 / num=13 / card-c:413
2026-08-10T08:22:32.243+09:00  INFO 14880 --- [CardCapture-back] [restartedMain] j.c.e.c.service.GlobalStateService       : createDeck; makeCard :code; 414 / suitLクラブ s:4 / num: 14 numLab:エース
2026-08-10T08:22:32.243+09:00  INFO 14880 --- [CardCapture-back] [restartedMain] j.c.e.c.service.GlobalStateService       : suit=4 / num=14 / card-c:414
2026-08-10T08:22:32.243+09:00  INFO 14880 --- [CardCapture-back] [restartedMain] j.c.e.c.service.GlobalStateService       : createDeck; 終了
2026-08-10T08:22:32.509+09:00  INFO 14880 --- [CardCapture-back] [restartedMain] o.s.v.b.OptionalValidatorFactoryBean     : Failed to set up a Bean Validation provider: jakarta.validation.NoProviderFoundException: Unable to create a Configuration, because no Jakarta Validation provider could be found. Add a provider like Hibernate Validator (RI) to your classpath.
2026-08-10T08:22:33.177+09:00  INFO 14880 --- [CardCapture-back] [restartedMain] o.s.boot.tomcat.TomcatWebServer          : Tomcat started on port 8080 (http) with context path '/'
2026-08-10T08:22:33.187+09:00  INFO 14880 --- [CardCapture-back] [restartedMain] j.c.e.c.CardCaptureBackApplication       : Started CardCaptureBackApplication in 4.341 seconds (process running for 12.401)
2026-08-10T08:22:37.676+09:00  INFO 14880 --- [CardCapture-back] [http-nio-8080-exec-1] o.a.c.c.C.[Tomcat].[localhost].[/]       : Initializing Spring DispatcherServlet 'dispatcherServlet'
2026-08-10T08:22:37.677+09:00  INFO 14880 --- [CardCapture-back] [http-nio-8080-exec-1] o.s.web.servlet.DispatcherServlet        : Initializing Servlet 'dispatcherServlet'
2026-08-10T08:22:37.679+09:00  INFO 14880 --- [CardCapture-back] [http-nio-8080-exec-1] o.s.web.servlet.DispatcherServlet        : Completed initialization in 2 ms
2026-08-10T08:22:38.657+09:00  INFO 14880 --- [CardCapture-back] [http-nio-8080-exec-2] o.springdoc.api.AbstractOpenApiResource  : Init duration for springdoc-openapi is: 608 ms
2026-08-10T08:22:46.775+09:00  INFO 14880 --- [CardCapture-back] [http-nio-8080-exec-3] j.c.e.c.service.CardCuptureInitService   : CardCuptureInitService: init 開始
2026-08-10T08:22:46.893+09:00  INFO 14880 --- [CardCapture-back] [http-nio-8080-exec-3] j.c.e.c.service.CardCuptureInitService   : CardCuptureInitService; init 終了
2026-08-10T08:22:46.894+09:00  INFO 14880 --- [CardCapture-back] [http-nio-8080-exec-3] j.c.e.c.service.CardCuptureInitService   : CardCuptureInitService: gameStart 開始
2026-08-10T08:22:46.894+09:00  INFO 14880 --- [CardCapture-back] [http-nio-8080-exec-3] j.c.e.c.service.CardCuptureInitService   : CardCuptureInitService: gameStart: EnemyArea枚数:4
2026-08-10T08:22:46.895+09:00  INFO 14880 --- [CardCapture-back] [http-nio-8080-exec-3] j.c.e.c.service.CardCuptureInitService   : CardCuptureInitService: gameStart: playerHands枚数:4
2026-08-10T08:22:46.895+09:00  INFO 14880 --- [CardCapture-back] [http-nio-8080-exec-3] j.c.e.c.service.CardCuptureInitService   : CardCuptureInitService: gameStart 終了
2026-08-10T08:22:46.896+09:00  INFO 14880 --- [CardCapture-back] [http-nio-8080-exec-3] j.c.e.c.service.CardCupturePlayService   : CardCupturePlayService: enemyPhase; 開始
2026-08-10T08:22:46.897+09:00  INFO 14880 --- [CardCapture-back] [http-nio-8080-exec-3] j.c.e.c.service.CardCupturePlayService   : CardCupturePlayService: enemyPhase; 終了
2026-08-10T08:22:46.897+09:00  INFO 14880 --- [CardCapture-back] [http-nio-8080-exec-3] j.c.e.c.service.CardCupturePlayService   : CardCupturePlayService: disCardAndDrowPhase; 選択カード0
2026-08-10T08:22:46.903+09:00 ERROR 14880 --- [CardCapture-back] [http-nio-8080-exec-3] o.a.c.c.C.[.[.[/].[dispatcherServlet]    : Servlet.service() for servlet [dispatcherServlet] in context with path [] threw exception [Request processing failed: java.lang.NullPointerException: Cannot invoke "jp.co.ea.cardcapture.component.PlayerSession.getEnemyDeck()" because "plyaData" is null] with root cause

java.lang.NullPointerException: Cannot invoke "jp.co.ea.cardcapture.component.PlayerSession.getEnemyDeck()" because "plyaData" is null
	at jp.co.ea.cardcapture.controller.CardCaptureController.startGameTest(CardCaptureController.java:74) ~[main/:na]
	at java.base/jdk.internal.reflect.DirectMethodHandleAccessor.invoke(DirectMethodHandleAccessor.java:103) ~[na:na]
	at java.base/java.lang.reflect.Method.invoke(Method.java:580) ~[na:na]
	at org.springframework.web.method.support.InvocableHandlerMethod.doInvoke(InvocableHandlerMethod.java:252) ~[spring-web-7.0.8.jar:7.0.8]
	at org.springframework.web.method.support.InvocableHandlerMethod.invokeForRequest(InvocableHandlerMethod.java:184) ~[spring-web-7.0.8.jar:7.0.8]
	at org.springframework.web.servlet.mvc.method.annotation.ServletInvocableHandlerMethod.invokeAndHandle(ServletInvocableHandlerMethod.java:117) ~[spring-webmvc-7.0.8.jar:7.0.8]
	at org.springframework.web.servlet.mvc.method.annotation.RequestMappingHandlerAdapter.invokeHandlerMethod(RequestMappingHandlerAdapter.java:934) ~[spring-webmvc-7.0.8.jar:7.0.8]
	at org.springframework.web.servlet.mvc.method.annotation.RequestMappingHandlerAdapter.handleInternal(RequestMappingHandlerAdapter.java:853) ~[spring-webmvc-7.0.8.jar:7.0.8]
	at org.springframework.web.servlet.mvc.method.AbstractHandlerMethodAdapter.handle(AbstractHandlerMethodAdapter.java:86) ~[spring-webmvc-7.0.8.jar:7.0.8]
	at org.springframework.web.servlet.DispatcherServlet.doDispatch(DispatcherServlet.java:963) ~[spring-webmvc-7.0.8.jar:7.0.8]
	at org.springframework.web.servlet.DispatcherServlet.doService(DispatcherServlet.java:866) ~[spring-webmvc-7.0.8.jar:7.0.8]
	at org.springframework.web.servlet.FrameworkServlet.processRequest(FrameworkServlet.java:1000) ~[spring-webmvc-7.0.8.jar:7.0.8]
	at org.springframework.web.servlet.FrameworkServlet.doPost(FrameworkServlet.java:903) ~[spring-webmvc-7.0.8.jar:7.0.8]
	at jakarta.servlet.http.HttpServlet.service(HttpServlet.java:649) ~[tomcat-embed-core-11.0.22.jar:6.1]
	at org.springframework.web.servlet.FrameworkServlet.service(FrameworkServlet.java:874) ~[spring-webmvc-7.0.8.jar:7.0.8]
	at jakarta.servlet.http.HttpServlet.service(HttpServlet.java:710) ~[tomcat-embed-core-11.0.22.jar:6.1]
	at org.apache.catalina.core.ApplicationFilterChain.doFilter(ApplicationFilterChain.java:128) ~[tomcat-embed-core-11.0.22.jar:11.0.22]
	at org.apache.tomcat.websocket.server.WsFilter.doFilter(WsFilter.java:53) ~[tomcat-embed-websocket-11.0.22.jar:11.0.22]
	at org.apache.catalina.core.ApplicationFilterChain.doFilter(ApplicationFilterChain.java:107) ~[tomcat-embed-core-11.0.22.jar:11.0.22]
	at org.springframework.web.filter.RequestContextFilter.doFilterInternal(RequestContextFilter.java:100) ~[spring-web-7.0.8.jar:7.0.8]
	at org.springframework.web.filter.OncePerRequestFilter.doFilter(OncePerRequestFilter.java:116) ~[spring-web-7.0.8.jar:7.0.8]
	at org.apache.catalina.core.ApplicationFilterChain.doFilter(ApplicationFilterChain.java:107) ~[tomcat-embed-core-11.0.22.jar:11.0.22]
	at org.springframework.web.filter.FormContentFilter.doFilterInternal(FormContentFilter.java:93) ~[spring-web-7.0.8.jar:7.0.8]
	at org.springframework.web.filter.OncePerRequestFilter.doFilter(OncePerRequestFilter.java:116) ~[spring-web-7.0.8.jar:7.0.8]
	at org.apache.catalina.core.ApplicationFilterChain.doFilter(ApplicationFilterChain.java:107) ~[tomcat-embed-core-11.0.22.jar:11.0.22]
	at org.springframework.web.filter.CharacterEncodingFilter.doFilterInternal(CharacterEncodingFilter.java:199) ~[spring-web-7.0.8.jar:7.0.8]
	at org.springframework.web.filter.OncePerRequestFilter.doFilter(OncePerRequestFilter.java:116) ~[spring-web-7.0.8.jar:7.0.8]
	at org.apache.catalina.core.ApplicationFilterChain.doFilter(ApplicationFilterChain.java:107) ~[tomcat-embed-core-11.0.22.jar:11.0.22]
	at org.apache.catalina.core.StandardWrapperValve.invoke(StandardWrapperValve.java:165) ~[tomcat-embed-core-11.0.22.jar:11.0.22]
	at org.apache.catalina.core.StandardContextValve.invoke(StandardContextValve.java:77) ~[tomcat-embed-core-11.0.22.jar:11.0.22]
	at org.apache.catalina.authenticator.AuthenticatorBase.invoke(AuthenticatorBase.java:492) ~[tomcat-embed-core-11.0.22.jar:11.0.22]
	at org.apache.catalina.core.StandardHostValve.invoke(StandardHostValve.java:113) ~[tomcat-embed-core-11.0.22.jar:11.0.22]
	at org.apache.catalina.valves.ErrorReportValve.invoke(ErrorReportValve.java:83) ~[tomcat-embed-core-11.0.22.jar:11.0.22]
	at org.apache.catalina.core.StandardEngineValve.invoke(StandardEngineValve.java:72) ~[tomcat-embed-core-11.0.22.jar:11.0.22]
	at org.apache.catalina.connector.CoyoteAdapter.service(CoyoteAdapter.java:341) ~[tomcat-embed-core-11.0.22.jar:11.0.22]
	at org.apache.coyote.http11.Http11Processor.service(Http11Processor.java:397) ~[tomcat-embed-core-11.0.22.jar:11.0.22]
	at org.apache.coyote.AbstractProcessorLight.process(AbstractProcessorLight.java:63) ~[tomcat-embed-core-11.0.22.jar:11.0.22]
	at org.apache.coyote.AbstractProtocol$ConnectionHandler.process(AbstractProtocol.java:1272) ~[tomcat-embed-core-11.0.22.jar:11.0.22]
	at org.apache.tomcat.util.net.NioEndpoint$SocketProcessor.doRun(NioEndpoint.java:1801) ~[tomcat-embed-core-11.0.22.jar:11.0.22]
	at org.apache.tomcat.util.net.SocketProcessorBase.run(SocketProcessorBase.java:52) ~[tomcat-embed-core-11.0.22.jar:11.0.22]
	at org.apache.tomcat.util.threads.ThreadPoolExecutor.runWorker(ThreadPoolExecutor.java:946) ~[tomcat-embed-core-11.0.22.jar:11.0.22]
	at org.apache.tomcat.util.threads.ThreadPoolExecutor$Worker.run(ThreadPoolExecutor.java:480) ~[tomcat-embed-core-11.0.22.jar:11.0.22]
	at org.apache.tomcat.util.threads.TaskThread$WrappingRunnable.run(TaskThread.java:57) ~[tomcat-embed-core-11.0.22.jar:11.0.22]
	at java.base/java.lang.Thread.run(Thread.java:1583) ~[na:na]

2026-08-10T09:24:04.747+09:00  INFO 14880 --- [CardCapture-back] [File Watcher] rtingClassPathChangeChangedEventListener : Restarting due to 21 class path changes (0 additions, 0 deletions, 21 modifications)
2026-08-10T09:24:04.764+09:00  INFO 14880 --- [CardCapture-back] [Thread-1] o.s.boot.tomcat.GracefulShutdown         : Commencing graceful shutdown. Waiting for active requests to complete
2026-08-10T09:24:04.784+09:00  INFO 14880 --- [CardCapture-back] [tomcat-shutdown] o.s.boot.tomcat.GracefulShutdown         : Graceful shutdown complete
2026-08-10T09:24:04.935+09:00  INFO 14880 --- [CardCapture-back] [restartedMain] j.c.e.c.CardCaptureBackApplication       : Starting CardCaptureBackApplication using Java 21.0.9 with PID 14880 (C:\kino-work\SpringBoot\CardCapture-back\bin\main started by NPC-61 in C:\kino-work\SpringBoot\CardCapture-back)
2026-08-10T09:24:04.937+09:00  INFO 14880 --- [CardCapture-back] [restartedMain] j.c.e.c.CardCaptureBackApplication       : No active profile set, falling back to 1 default profile: "default"
2026-08-10T09:24:05.532+09:00  INFO 14880 --- [CardCapture-back] [restartedMain] o.s.boot.tomcat.TomcatWebServer          : Tomcat initialized with port 8080 (http)
2026-08-10T09:24:05.534+09:00  INFO 14880 --- [CardCapture-back] [restartedMain] o.apache.catalina.core.StandardService   : Starting service [Tomcat]
2026-08-10T09:24:05.534+09:00  INFO 14880 --- [CardCapture-back] [restartedMain] o.apache.catalina.core.StandardEngine    : Starting Servlet engine: [Apache Tomcat/11.0.22]
2026-08-10T09:24:05.555+09:00  INFO 14880 --- [CardCapture-back] [restartedMain] b.w.c.s.WebApplicationContextInitializer : Root WebApplicationContext: initialization completed in 614 ms
2026-08-10T09:24:05.586+09:00  INFO 14880 --- [CardCapture-back] [restartedMain] j.c.e.c.service.GlobalStateService       : createDeck; 開始
2026-08-10T09:24:05.589+09:00  INFO 14880 --- [CardCapture-back] [restartedMain] j.c.e.c.service.GlobalStateService       : createDeck; makeCard :code; 102 / suitLスペード s:1 / num: 2 numLab:2
2026-08-10T09:24:05.590+09:00  INFO 14880 --- [CardCapture-back] [restartedMain] j.c.e.c.service.GlobalStateService       : suit=1 / num=2 / card-c:102
2026-08-10T09:24:05.591+09:00  INFO 14880 --- [CardCapture-back] [restartedMain] j.c.e.c.service.GlobalStateService       : createDeck; makeCard :code; 103 / suitLスペード s:1 / num: 3 numLab:3
2026-08-10T09:24:05.591+09:00  INFO 14880 --- [CardCapture-back] [restartedMain] j.c.e.c.service.GlobalStateService       : suit=1 / num=3 / card-c:103
2026-08-10T09:24:05.591+09:00  INFO 14880 --- [CardCapture-back] [restartedMain] j.c.e.c.service.GlobalStateService       : createDeck; makeCard :code; 104 / suitLスペード s:1 / num: 4 numLab:4
2026-08-10T09:24:05.591+09:00  INFO 14880 --- [CardCapture-back] [restartedMain] j.c.e.c.service.GlobalStateService       : suit=1 / num=4 / card-c:104
2026-08-10T09:24:05.591+09:00  INFO 14880 --- [CardCapture-back] [restartedMain] j.c.e.c.service.GlobalStateService       : createDeck; makeCard :code; 105 / suitLスペード s:1 / num: 5 numLab:5
2026-08-10T09:24:05.591+09:00  INFO 14880 --- [CardCapture-back] [restartedMain] j.c.e.c.service.GlobalStateService       : suit=1 / num=5 / card-c:105
2026-08-10T09:24:05.591+09:00  INFO 14880 --- [CardCapture-back] [restartedMain] j.c.e.c.service.GlobalStateService       : createDeck; makeCard :code; 106 / suitLスペード s:1 / num: 6 numLab:6
2026-08-10T09:24:05.591+09:00  INFO 14880 --- [CardCapture-back] [restartedMain] j.c.e.c.service.GlobalStateService       : suit=1 / num=6 / card-c:106
2026-08-10T09:24:05.591+09:00  INFO 14880 --- [CardCapture-back] [restartedMain] j.c.e.c.service.GlobalStateService       : createDeck; makeCard :code; 107 / suitLスペード s:1 / num: 7 numLab:7
2026-08-10T09:24:05.591+09:00  INFO 14880 --- [CardCapture-back] [restartedMain] j.c.e.c.service.GlobalStateService       : suit=1 / num=7 / card-c:107
2026-08-10T09:24:05.591+09:00  INFO 14880 --- [CardCapture-back] [restartedMain] j.c.e.c.service.GlobalStateService       : createDeck; makeCard :code; 108 / suitLスペード s:1 / num: 8 numLab:8
2026-08-10T09:24:05.591+09:00  INFO 14880 --- [CardCapture-back] [restartedMain] j.c.e.c.service.GlobalStateService       : suit=1 / num=8 / card-c:108
2026-08-10T09:24:05.591+09:00  INFO 14880 --- [CardCapture-back] [restartedMain] j.c.e.c.service.GlobalStateService       : createDeck; makeCard :code; 109 / suitLスペード s:1 / num: 9 numLab:9
2026-08-10T09:24:05.591+09:00  INFO 14880 --- [CardCapture-back] [restartedMain] j.c.e.c.service.GlobalStateService       : suit=1 / num=9 / card-c:109
2026-08-10T09:24:05.591+09:00  INFO 14880 --- [CardCapture-back] [restartedMain] j.c.e.c.service.GlobalStateService       : createDeck; makeCard :code; 110 / suitLスペード s:1 / num: 10 numLab:10
2026-08-10T09:24:05.591+09:00  INFO 14880 --- [CardCapture-back] [restartedMain] j.c.e.c.service.GlobalStateService       : suit=1 / num=10 / card-c:110
2026-08-10T09:24:05.592+09:00  INFO 14880 --- [CardCapture-back] [restartedMain] j.c.e.c.service.GlobalStateService       : createDeck; makeCard :code; 111 / suitLスペード s:1 / num: 11 numLab:ジャック
2026-08-10T09:24:05.592+09:00  INFO 14880 --- [CardCapture-back] [restartedMain] j.c.e.c.service.GlobalStateService       : suit=1 / num=11 / card-c:111
2026-08-10T09:24:05.592+09:00  INFO 14880 --- [CardCapture-back] [restartedMain] j.c.e.c.service.GlobalStateService       : createDeck; makeCard :code; 112 / suitLスペード s:1 / num: 12 numLab:クイーン
2026-08-10T09:24:05.592+09:00  INFO 14880 --- [CardCapture-back] [restartedMain] j.c.e.c.service.GlobalStateService       : suit=1 / num=12 / card-c:112
2026-08-10T09:24:05.592+09:00  INFO 14880 --- [CardCapture-back] [restartedMain] j.c.e.c.service.GlobalStateService       : createDeck; makeCard :code; 113 / suitLスペード s:1 / num: 13 numLab:キング
2026-08-10T09:24:05.592+09:00  INFO 14880 --- [CardCapture-back] [restartedMain] j.c.e.c.service.GlobalStateService       : suit=1 / num=13 / card-c:113
2026-08-10T09:24:05.592+09:00  INFO 14880 --- [CardCapture-back] [restartedMain] j.c.e.c.service.GlobalStateService       : createDeck; makeCard :code; 114 / suitLスペード s:1 / num: 14 numLab:エース
2026-08-10T09:24:05.592+09:00  INFO 14880 --- [CardCapture-back] [restartedMain] j.c.e.c.service.GlobalStateService       : suit=1 / num=14 / card-c:114
2026-08-10T09:24:05.592+09:00  INFO 14880 --- [CardCapture-back] [restartedMain] j.c.e.c.service.GlobalStateService       : createDeck; makeCard :code; 202 / suitLハート s:2 / num: 2 numLab:2
2026-08-10T09:24:05.592+09:00  INFO 14880 --- [CardCapture-back] [restartedMain] j.c.e.c.service.GlobalStateService       : suit=2 / num=2 / card-c:202
2026-08-10T09:24:05.592+09:00  INFO 14880 --- [CardCapture-back] [restartedMain] j.c.e.c.service.GlobalStateService       : createDeck; makeCard :code; 203 / suitLハート s:2 / num: 3 numLab:3
2026-08-10T09:24:05.592+09:00  INFO 14880 --- [CardCapture-back] [restartedMain] j.c.e.c.service.GlobalStateService       : suit=2 / num=3 / card-c:203
2026-08-10T09:24:05.592+09:00  INFO 14880 --- [CardCapture-back] [restartedMain] j.c.e.c.service.GlobalStateService       : createDeck; makeCard :code; 204 / suitLハート s:2 / num: 4 numLab:4
2026-08-10T09:24:05.592+09:00  INFO 14880 --- [CardCapture-back] [restartedMain] j.c.e.c.service.GlobalStateService       : suit=2 / num=4 / card-c:204
2026-08-10T09:24:05.592+09:00  INFO 14880 --- [CardCapture-back] [restartedMain] j.c.e.c.service.GlobalStateService       : createDeck; makeCard :code; 205 / suitLハート s:2 / num: 5 numLab:5
2026-08-10T09:24:05.592+09:00  INFO 14880 --- [CardCapture-back] [restartedMain] j.c.e.c.service.GlobalStateService       : suit=2 / num=5 / card-c:205
2026-08-10T09:24:05.592+09:00  INFO 14880 --- [CardCapture-back] [restartedMain] j.c.e.c.service.GlobalStateService       : createDeck; makeCard :code; 206 / suitLハート s:2 / num: 6 numLab:6
2026-08-10T09:24:05.592+09:00  INFO 14880 --- [CardCapture-back] [restartedMain] j.c.e.c.service.GlobalStateService       : suit=2 / num=6 / card-c:206
2026-08-10T09:24:05.592+09:00  INFO 14880 --- [CardCapture-back] [restartedMain] j.c.e.c.service.GlobalStateService       : createDeck; makeCard :code; 207 / suitLハート s:2 / num: 7 numLab:7
2026-08-10T09:24:05.592+09:00  INFO 14880 --- [CardCapture-back] [restartedMain] j.c.e.c.service.GlobalStateService       : suit=2 / num=7 / card-c:207
2026-08-10T09:24:05.592+09:00  INFO 14880 --- [CardCapture-back] [restartedMain] j.c.e.c.service.GlobalStateService       : createDeck; makeCard :code; 208 / suitLハート s:2 / num: 8 numLab:8
2026-08-10T09:24:05.592+09:00  INFO 14880 --- [CardCapture-back] [restartedMain] j.c.e.c.service.GlobalStateService       : suit=2 / num=8 / card-c:208
2026-08-10T09:24:05.592+09:00  INFO 14880 --- [CardCapture-back] [restartedMain] j.c.e.c.service.GlobalStateService       : createDeck; makeCard :code; 209 / suitLハート s:2 / num: 9 numLab:9
2026-08-10T09:24:05.592+09:00  INFO 14880 --- [CardCapture-back] [restartedMain] j.c.e.c.service.GlobalStateService       : suit=2 / num=9 / card-c:209
2026-08-10T09:24:05.592+09:00  INFO 14880 --- [CardCapture-back] [restartedMain] j.c.e.c.service.GlobalStateService       : createDeck; makeCard :code; 210 / suitLハート s:2 / num: 10 numLab:10
2026-08-10T09:24:05.593+09:00  INFO 14880 --- [CardCapture-back] [restartedMain] j.c.e.c.service.GlobalStateService       : suit=2 / num=10 / card-c:210
2026-08-10T09:24:05.593+09:00  INFO 14880 --- [CardCapture-back] [restartedMain] j.c.e.c.service.GlobalStateService       : createDeck; makeCard :code; 211 / suitLハート s:2 / num: 11 numLab:ジャック
2026-08-10T09:24:05.593+09:00  INFO 14880 --- [CardCapture-back] [restartedMain] j.c.e.c.service.GlobalStateService       : suit=2 / num=11 / card-c:211
2026-08-10T09:24:05.593+09:00  INFO 14880 --- [CardCapture-back] [restartedMain] j.c.e.c.service.GlobalStateService       : createDeck; makeCard :code; 212 / suitLハート s:2 / num: 12 numLab:クイーン
2026-08-10T09:24:05.593+09:00  INFO 14880 --- [CardCapture-back] [restartedMain] j.c.e.c.service.GlobalStateService       : suit=2 / num=12 / card-c:212
2026-08-10T09:24:05.593+09:00  INFO 14880 --- [CardCapture-back] [restartedMain] j.c.e.c.service.GlobalStateService       : createDeck; makeCard :code; 213 / suitLハート s:2 / num: 13 numLab:キング
2026-08-10T09:24:05.593+09:00  INFO 14880 --- [CardCapture-back] [restartedMain] j.c.e.c.service.GlobalStateService       : suit=2 / num=13 / card-c:213
2026-08-10T09:24:05.593+09:00  INFO 14880 --- [CardCapture-back] [restartedMain] j.c.e.c.service.GlobalStateService       : createDeck; makeCard :code; 214 / suitLハート s:2 / num: 14 numLab:エース
2026-08-10T09:24:05.593+09:00  INFO 14880 --- [CardCapture-back] [restartedMain] j.c.e.c.service.GlobalStateService       : suit=2 / num=14 / card-c:214
2026-08-10T09:24:05.593+09:00  INFO 14880 --- [CardCapture-back] [restartedMain] j.c.e.c.service.GlobalStateService       : createDeck; makeCard :code; 302 / suitLダイヤ s:3 / num: 2 numLab:2
2026-08-10T09:24:05.593+09:00  INFO 14880 --- [CardCapture-back] [restartedMain] j.c.e.c.service.GlobalStateService       : suit=3 / num=2 / card-c:302
2026-08-10T09:24:05.593+09:00  INFO 14880 --- [CardCapture-back] [restartedMain] j.c.e.c.service.GlobalStateService       : createDeck; makeCard :code; 303 / suitLダイヤ s:3 / num: 3 numLab:3
2026-08-10T09:24:05.593+09:00  INFO 14880 --- [CardCapture-back] [restartedMain] j.c.e.c.service.GlobalStateService       : suit=3 / num=3 / card-c:303
2026-08-10T09:24:05.593+09:00  INFO 14880 --- [CardCapture-back] [restartedMain] j.c.e.c.service.GlobalStateService       : createDeck; makeCard :code; 304 / suitLダイヤ s:3 / num: 4 numLab:4
2026-08-10T09:24:05.593+09:00  INFO 14880 --- [CardCapture-back] [restartedMain] j.c.e.c.service.GlobalStateService       : suit=3 / num=4 / card-c:304
2026-08-10T09:24:05.593+09:00  INFO 14880 --- [CardCapture-back] [restartedMain] j.c.e.c.service.GlobalStateService       : createDeck; makeCard :code; 305 / suitLダイヤ s:3 / num: 5 numLab:5
2026-08-10T09:24:05.593+09:00  INFO 14880 --- [CardCapture-back] [restartedMain] j.c.e.c.service.GlobalStateService       : suit=3 / num=5 / card-c:305
2026-08-10T09:24:05.593+09:00  INFO 14880 --- [CardCapture-back] [restartedMain] j.c.e.c.service.GlobalStateService       : createDeck; makeCard :code; 306 / suitLダイヤ s:3 / num: 6 numLab:6
2026-08-10T09:24:05.593+09:00  INFO 14880 --- [CardCapture-back] [restartedMain] j.c.e.c.service.GlobalStateService       : suit=3 / num=6 / card-c:306
2026-08-10T09:24:05.593+09:00  INFO 14880 --- [CardCapture-back] [restartedMain] j.c.e.c.service.GlobalStateService       : createDeck; makeCard :code; 307 / suitLダイヤ s:3 / num: 7 numLab:7
2026-08-10T09:24:05.593+09:00  INFO 14880 --- [CardCapture-back] [restartedMain] j.c.e.c.service.GlobalStateService       : suit=3 / num=7 / card-c:307
2026-08-10T09:24:05.593+09:00  INFO 14880 --- [CardCapture-back] [restartedMain] j.c.e.c.service.GlobalStateService       : createDeck; makeCard :code; 308 / suitLダイヤ s:3 / num: 8 numLab:8
2026-08-10T09:24:05.593+09:00  INFO 14880 --- [CardCapture-back] [restartedMain] j.c.e.c.service.GlobalStateService       : suit=3 / num=8 / card-c:308
2026-08-10T09:24:05.595+09:00  INFO 14880 --- [CardCapture-back] [restartedMain] j.c.e.c.service.GlobalStateService       : createDeck; makeCard :code; 309 / suitLダイヤ s:3 / num: 9 numLab:9
2026-08-10T09:24:05.595+09:00  INFO 14880 --- [CardCapture-back] [restartedMain] j.c.e.c.service.GlobalStateService       : suit=3 / num=9 / card-c:309
2026-08-10T09:24:05.595+09:00  INFO 14880 --- [CardCapture-back] [restartedMain] j.c.e.c.service.GlobalStateService       : createDeck; makeCard :code; 310 / suitLダイヤ s:3 / num: 10 numLab:10
2026-08-10T09:24:05.595+09:00  INFO 14880 --- [CardCapture-back] [restartedMain] j.c.e.c.service.GlobalStateService       : suit=3 / num=10 / card-c:310
2026-08-10T09:24:05.595+09:00  INFO 14880 --- [CardCapture-back] [restartedMain] j.c.e.c.service.GlobalStateService       : createDeck; makeCard :code; 311 / suitLダイヤ s:3 / num: 11 numLab:ジャック
2026-08-10T09:24:05.596+09:00  INFO 14880 --- [CardCapture-back] [restartedMain] j.c.e.c.service.GlobalStateService       : suit=3 / num=11 / card-c:311
2026-08-10T09:24:05.596+09:00  INFO 14880 --- [CardCapture-back] [restartedMain] j.c.e.c.service.GlobalStateService       : createDeck; makeCard :code; 312 / suitLダイヤ s:3 / num: 12 numLab:クイーン
2026-08-10T09:24:05.596+09:00  INFO 14880 --- [CardCapture-back] [restartedMain] j.c.e.c.service.GlobalStateService       : suit=3 / num=12 / card-c:312
2026-08-10T09:24:05.596+09:00  INFO 14880 --- [CardCapture-back] [restartedMain] j.c.e.c.service.GlobalStateService       : createDeck; makeCard :code; 313 / suitLダイヤ s:3 / num: 13 numLab:キング
2026-08-10T09:24:05.596+09:00  INFO 14880 --- [CardCapture-back] [restartedMain] j.c.e.c.service.GlobalStateService       : suit=3 / num=13 / card-c:313
2026-08-10T09:24:05.596+09:00  INFO 14880 --- [CardCapture-back] [restartedMain] j.c.e.c.service.GlobalStateService       : createDeck; makeCard :code; 314 / suitLダイヤ s:3 / num: 14 numLab:エース
2026-08-10T09:24:05.596+09:00  INFO 14880 --- [CardCapture-back] [restartedMain] j.c.e.c.service.GlobalStateService       : suit=3 / num=14 / card-c:314
2026-08-10T09:24:05.596+09:00  INFO 14880 --- [CardCapture-back] [restartedMain] j.c.e.c.service.GlobalStateService       : createDeck; makeCard :code; 402 / suitLクラブ s:4 / num: 2 numLab:2
2026-08-10T09:24:05.596+09:00  INFO 14880 --- [CardCapture-back] [restartedMain] j.c.e.c.service.GlobalStateService       : suit=4 / num=2 / card-c:402
2026-08-10T09:24:05.596+09:00  INFO 14880 --- [CardCapture-back] [restartedMain] j.c.e.c.service.GlobalStateService       : createDeck; makeCard :code; 403 / suitLクラブ s:4 / num: 3 numLab:3
2026-08-10T09:24:05.596+09:00  INFO 14880 --- [CardCapture-back] [restartedMain] j.c.e.c.service.GlobalStateService       : suit=4 / num=3 / card-c:403
2026-08-10T09:24:05.596+09:00  INFO 14880 --- [CardCapture-back] [restartedMain] j.c.e.c.service.GlobalStateService       : createDeck; makeCard :code; 404 / suitLクラブ s:4 / num: 4 numLab:4
2026-08-10T09:24:05.596+09:00  INFO 14880 --- [CardCapture-back] [restartedMain] j.c.e.c.service.GlobalStateService       : suit=4 / num=4 / card-c:404
2026-08-10T09:24:05.596+09:00  INFO 14880 --- [CardCapture-back] [restartedMain] j.c.e.c.service.GlobalStateService       : createDeck; makeCard :code; 405 / suitLクラブ s:4 / num: 5 numLab:5
2026-08-10T09:24:05.596+09:00  INFO 14880 --- [CardCapture-back] [restartedMain] j.c.e.c.service.GlobalStateService       : suit=4 / num=5 / card-c:405
2026-08-10T09:24:05.596+09:00  INFO 14880 --- [CardCapture-back] [restartedMain] j.c.e.c.service.GlobalStateService       : createDeck; makeCard :code; 406 / suitLクラブ s:4 / num: 6 numLab:6
2026-08-10T09:24:05.596+09:00  INFO 14880 --- [CardCapture-back] [restartedMain] j.c.e.c.service.GlobalStateService       : suit=4 / num=6 / card-c:406
2026-08-10T09:24:05.596+09:00  INFO 14880 --- [CardCapture-back] [restartedMain] j.c.e.c.service.GlobalStateService       : createDeck; makeCard :code; 407 / suitLクラブ s:4 / num: 7 numLab:7
2026-08-10T09:24:05.596+09:00  INFO 14880 --- [CardCapture-back] [restartedMain] j.c.e.c.service.GlobalStateService       : suit=4 / num=7 / card-c:407
2026-08-10T09:24:05.596+09:00  INFO 14880 --- [CardCapture-back] [restartedMain] j.c.e.c.service.GlobalStateService       : createDeck; makeCard :code; 408 / suitLクラブ s:4 / num: 8 numLab:8
2026-08-10T09:24:05.596+09:00  INFO 14880 --- [CardCapture-back] [restartedMain] j.c.e.c.service.GlobalStateService       : suit=4 / num=8 / card-c:408
2026-08-10T09:24:05.596+09:00  INFO 14880 --- [CardCapture-back] [restartedMain] j.c.e.c.service.GlobalStateService       : createDeck; makeCard :code; 409 / suitLクラブ s:4 / num: 9 numLab:9
2026-08-10T09:24:05.596+09:00  INFO 14880 --- [CardCapture-back] [restartedMain] j.c.e.c.service.GlobalStateService       : suit=4 / num=9 / card-c:409
2026-08-10T09:24:05.596+09:00  INFO 14880 --- [CardCapture-back] [restartedMain] j.c.e.c.service.GlobalStateService       : createDeck; makeCard :code; 410 / suitLクラブ s:4 / num: 10 numLab:10
2026-08-10T09:24:05.596+09:00  INFO 14880 --- [CardCapture-back] [restartedMain] j.c.e.c.service.GlobalStateService       : suit=4 / num=10 / card-c:410
2026-08-10T09:24:05.596+09:00  INFO 14880 --- [CardCapture-back] [restartedMain] j.c.e.c.service.GlobalStateService       : createDeck; makeCard :code; 411 / suitLクラブ s:4 / num: 11 numLab:ジャック
2026-08-10T09:24:05.596+09:00  INFO 14880 --- [CardCapture-back] [restartedMain] j.c.e.c.service.GlobalStateService       : suit=4 / num=11 / card-c:411
2026-08-10T09:24:05.596+09:00  INFO 14880 --- [CardCapture-back] [restartedMain] j.c.e.c.service.GlobalStateService       : createDeck; makeCard :code; 412 / suitLクラブ s:4 / num: 12 numLab:クイーン
2026-08-10T09:24:05.597+09:00  INFO 14880 --- [CardCapture-back] [restartedMain] j.c.e.c.service.GlobalStateService       : suit=4 / num=12 / card-c:412
2026-08-10T09:24:05.597+09:00  INFO 14880 --- [CardCapture-back] [restartedMain] j.c.e.c.service.GlobalStateService       : createDeck; makeCard :code; 413 / suitLクラブ s:4 / num: 13 numLab:キング
2026-08-10T09:24:05.597+09:00  INFO 14880 --- [CardCapture-back] [restartedMain] j.c.e.c.service.GlobalStateService       : suit=4 / num=13 / card-c:413
2026-08-10T09:24:05.597+09:00  INFO 14880 --- [CardCapture-back] [restartedMain] j.c.e.c.service.GlobalStateService       : createDeck; makeCard :code; 414 / suitLクラブ s:4 / num: 14 numLab:エース
2026-08-10T09:24:05.597+09:00  INFO 14880 --- [CardCapture-back] [restartedMain] j.c.e.c.service.GlobalStateService       : suit=4 / num=14 / card-c:414
2026-08-10T09:24:05.597+09:00  INFO 14880 --- [CardCapture-back] [restartedMain] j.c.e.c.service.GlobalStateService       : createDeck; 終了
2026-08-10T09:24:05.647+09:00  INFO 14880 --- [CardCapture-back] [restartedMain] o.s.v.b.OptionalValidatorFactoryBean     : Failed to set up a Bean Validation provider: jakarta.validation.NoProviderFoundException: Unable to create a Configuration, because no Jakarta Validation provider could be found. Add a provider like Hibernate Validator (RI) to your classpath.
2026-08-10T09:24:05.762+09:00  INFO 14880 --- [CardCapture-back] [restartedMain] o.s.boot.tomcat.TomcatWebServer          : Tomcat started on port 8080 (http) with context path '/'
2026-08-10T09:24:05.767+09:00  INFO 14880 --- [CardCapture-back] [restartedMain] j.c.e.c.CardCaptureBackApplication       : Started CardCaptureBackApplication in 0.878 seconds (process running for 3708.462)
2026-08-10T09:24:05.771+09:00  INFO 14880 --- [CardCapture-back] [restartedMain] .ConditionEvaluationDeltaLoggingListener : Condition evaluation unchanged
2026-08-10T09:24:52.223+09:00  INFO 14880 --- [CardCapture-back] [http-nio-8080-exec-2] o.a.c.c.C.[Tomcat].[localhost].[/]       : Initializing Spring DispatcherServlet 'dispatcherServlet'
2026-08-10T09:24:52.223+09:00  INFO 14880 --- [CardCapture-back] [http-nio-8080-exec-2] o.s.web.servlet.DispatcherServlet        : Initializing Servlet 'dispatcherServlet'
2026-08-10T09:24:52.225+09:00  INFO 14880 --- [CardCapture-back] [http-nio-8080-exec-2] o.s.web.servlet.DispatcherServlet        : Completed initialization in 2 ms
2026-08-10T09:24:52.228+09:00  INFO 14880 --- [CardCapture-back] [http-nio-8080-exec-2] j.c.e.c.service.CardCuptureInitService   : CardCuptureInitService: init 開始
2026-08-10T09:24:52.297+09:00  INFO 14880 --- [CardCapture-back] [http-nio-8080-exec-2] j.c.e.c.service.CardCuptureInitService   : CardCuptureInitService; init 終了
2026-08-10T09:24:52.297+09:00  INFO 14880 --- [CardCapture-back] [http-nio-8080-exec-2] j.c.e.c.service.CardCuptureInitService   : CardCuptureInitService: gameStart 開始
2026-08-10T09:24:52.298+09:00  INFO 14880 --- [CardCapture-back] [http-nio-8080-exec-2] j.c.e.c.service.CardCuptureInitService   : CardCuptureInitService: gameStart: EnemyArea枚数:4
2026-08-10T09:24:52.298+09:00  INFO 14880 --- [CardCapture-back] [http-nio-8080-exec-2] j.c.e.c.service.CardCuptureInitService   : CardCuptureInitService: gameStart: playerHands枚数:4
2026-08-10T09:24:52.299+09:00  INFO 14880 --- [CardCapture-back] [http-nio-8080-exec-2] j.c.e.c.service.CardCuptureInitService   : CardCuptureInitService: gameStart 終了
2026-08-10T09:24:52.300+09:00  INFO 14880 --- [CardCapture-back] [http-nio-8080-exec-2] j.c.e.c.service.CardCupturePlayService   : CardCupturePlayService: enemyPhase; 開始
2026-08-10T09:24:52.300+09:00  INFO 14880 --- [CardCapture-back] [http-nio-8080-exec-2] j.c.e.c.service.CardCupturePlayService   : CardCupturePlayService: enemyPhase; 終了
2026-08-10T09:24:52.300+09:00  INFO 14880 --- [CardCapture-back] [http-nio-8080-exec-2] j.c.e.c.service.CardCupturePlayService   : CardCupturePlayService: disCardAndDrowPhase; 選択カード0
2026-08-10T09:24:52.304+09:00 ERROR 14880 --- [CardCapture-back] [http-nio-8080-exec-2] o.a.c.c.C.[.[.[/].[dispatcherServlet]    : Servlet.service() for servlet [dispatcherServlet] in context with path [] threw exception [Request processing failed: java.lang.NullPointerException: Cannot invoke "jp.co.ea.cardcapture.component.PlayerSession.getEnemyDeck()" because "plyaData" is null] with root cause

java.lang.NullPointerException: Cannot invoke "jp.co.ea.cardcapture.component.PlayerSession.getEnemyDeck()" because "plyaData" is null
	at jp.co.ea.cardcapture.controller.CardCaptureController.startGameTest(CardCaptureController.java:74) ~[main/:na]
	at java.base/jdk.internal.reflect.DirectMethodHandleAccessor.invoke(DirectMethodHandleAccessor.java:103) ~[na:na]
	at java.base/java.lang.reflect.Method.invoke(Method.java:580) ~[na:na]
	at org.springframework.web.method.support.InvocableHandlerMethod.doInvoke(InvocableHandlerMethod.java:252) ~[spring-web-7.0.8.jar:7.0.8]
	at org.springframework.web.method.support.InvocableHandlerMethod.invokeForRequest(InvocableHandlerMethod.java:184) ~[spring-web-7.0.8.jar:7.0.8]
	at org.springframework.web.servlet.mvc.method.annotation.ServletInvocableHandlerMethod.invokeAndHandle(ServletInvocableHandlerMethod.java:117) ~[spring-webmvc-7.0.8.jar:7.0.8]
	at org.springframework.web.servlet.mvc.method.annotation.RequestMappingHandlerAdapter.invokeHandlerMethod(RequestMappingHandlerAdapter.java:934) ~[spring-webmvc-7.0.8.jar:7.0.8]
	at org.springframework.web.servlet.mvc.method.annotation.RequestMappingHandlerAdapter.handleInternal(RequestMappingHandlerAdapter.java:853) ~[spring-webmvc-7.0.8.jar:7.0.8]
	at org.springframework.web.servlet.mvc.method.AbstractHandlerMethodAdapter.handle(AbstractHandlerMethodAdapter.java:86) ~[spring-webmvc-7.0.8.jar:7.0.8]
	at org.springframework.web.servlet.DispatcherServlet.doDispatch(DispatcherServlet.java:963) ~[spring-webmvc-7.0.8.jar:7.0.8]
	at org.springframework.web.servlet.DispatcherServlet.doService(DispatcherServlet.java:866) ~[spring-webmvc-7.0.8.jar:7.0.8]
	at org.springframework.web.servlet.FrameworkServlet.processRequest(FrameworkServlet.java:1000) ~[spring-webmvc-7.0.8.jar:7.0.8]
	at org.springframework.web.servlet.FrameworkServlet.doPost(FrameworkServlet.java:903) ~[spring-webmvc-7.0.8.jar:7.0.8]
	at jakarta.servlet.http.HttpServlet.service(HttpServlet.java:649) ~[tomcat-embed-core-11.0.22.jar:6.1]
	at org.springframework.web.servlet.FrameworkServlet.service(FrameworkServlet.java:874) ~[spring-webmvc-7.0.8.jar:7.0.8]
	at jakarta.servlet.http.HttpServlet.service(HttpServlet.java:710) ~[tomcat-embed-core-11.0.22.jar:6.1]
	at org.apache.catalina.core.ApplicationFilterChain.doFilter(ApplicationFilterChain.java:128) ~[tomcat-embed-core-11.0.22.jar:11.0.22]
	at org.apache.tomcat.websocket.server.WsFilter.doFilter(WsFilter.java:53) ~[tomcat-embed-websocket-11.0.22.jar:11.0.22]
	at org.apache.catalina.core.ApplicationFilterChain.doFilter(ApplicationFilterChain.java:107) ~[tomcat-embed-core-11.0.22.jar:11.0.22]
	at org.springframework.web.filter.RequestContextFilter.doFilterInternal(RequestContextFilter.java:100) ~[spring-web-7.0.8.jar:7.0.8]
	at org.springframework.web.filter.OncePerRequestFilter.doFilter(OncePerRequestFilter.java:116) ~[spring-web-7.0.8.jar:7.0.8]
	at org.apache.catalina.core.ApplicationFilterChain.doFilter(ApplicationFilterChain.java:107) ~[tomcat-embed-core-11.0.22.jar:11.0.22]
	at org.springframework.web.filter.FormContentFilter.doFilterInternal(FormContentFilter.java:93) ~[spring-web-7.0.8.jar:7.0.8]
	at org.springframework.web.filter.OncePerRequestFilter.doFilter(OncePerRequestFilter.java:116) ~[spring-web-7.0.8.jar:7.0.8]
	at org.apache.catalina.core.ApplicationFilterChain.doFilter(ApplicationFilterChain.java:107) ~[tomcat-embed-core-11.0.22.jar:11.0.22]
	at org.springframework.web.filter.CharacterEncodingFilter.doFilterInternal(CharacterEncodingFilter.java:199) ~[spring-web-7.0.8.jar:7.0.8]
	at org.springframework.web.filter.OncePerRequestFilter.doFilter(OncePerRequestFilter.java:116) ~[spring-web-7.0.8.jar:7.0.8]
	at org.apache.catalina.core.ApplicationFilterChain.doFilter(ApplicationFilterChain.java:107) ~[tomcat-embed-core-11.0.22.jar:11.0.22]
	at org.apache.catalina.core.StandardWrapperValve.invoke(StandardWrapperValve.java:165) ~[tomcat-embed-core-11.0.22.jar:11.0.22]
	at org.apache.catalina.core.StandardContextValve.invoke(StandardContextValve.java:77) ~[tomcat-embed-core-11.0.22.jar:11.0.22]
	at org.apache.catalina.authenticator.AuthenticatorBase.invoke(AuthenticatorBase.java:492) ~[tomcat-embed-core-11.0.22.jar:11.0.22]
	at org.apache.catalina.core.StandardHostValve.invoke(StandardHostValve.java:113) ~[tomcat-embed-core-11.0.22.jar:11.0.22]
	at org.apache.catalina.valves.ErrorReportValve.invoke(ErrorReportValve.java:83) ~[tomcat-embed-core-11.0.22.jar:11.0.22]
	at org.apache.catalina.core.StandardEngineValve.invoke(StandardEngineValve.java:72) ~[tomcat-embed-core-11.0.22.jar:11.0.22]
	at org.apache.catalina.connector.CoyoteAdapter.service(CoyoteAdapter.java:341) ~[tomcat-embed-core-11.0.22.jar:11.0.22]
	at org.apache.coyote.http11.Http11Processor.service(Http11Processor.java:397) ~[tomcat-embed-core-11.0.22.jar:11.0.22]
	at org.apache.coyote.AbstractProcessorLight.process(AbstractProcessorLight.java:63) ~[tomcat-embed-core-11.0.22.jar:11.0.22]
	at org.apache.coyote.AbstractProtocol$ConnectionHandler.process(AbstractProtocol.java:1272) ~[tomcat-embed-core-11.0.22.jar:11.0.22]
	at org.apache.tomcat.util.net.NioEndpoint$SocketProcessor.doRun(NioEndpoint.java:1801) ~[tomcat-embed-core-11.0.22.jar:11.0.22]
	at org.apache.tomcat.util.net.SocketProcessorBase.run(SocketProcessorBase.java:52) ~[tomcat-embed-core-11.0.22.jar:11.0.22]
	at org.apache.tomcat.util.threads.ThreadPoolExecutor.runWorker(ThreadPoolExecutor.java:946) ~[tomcat-embed-core-11.0.22.jar:11.0.22]
	at org.apache.tomcat.util.threads.ThreadPoolExecutor$Worker.run(ThreadPoolExecutor.java:480) ~[tomcat-embed-core-11.0.22.jar:11.0.22]
	at org.apache.tomcat.util.threads.TaskThread$WrappingRunnable.run(TaskThread.java:57) ~[tomcat-embed-core-11.0.22.jar:11.0.22]
	at java.base/java.lang.Thread.run(Thread.java:1583) ~[na:na]

2026-08-10T09:25:01.947+09:00  INFO 14880 --- [CardCapture-back] [RMI TCP Connection(32)-127.0.0.1] inMXBeanRegistrar$SpringApplicationAdmin : Application shutdown requested.
2026-08-10T09:25:01.948+09:00  INFO 14880 --- [CardCapture-back] [RMI TCP Connection(32)-127.0.0.1] o.s.boot.tomcat.GracefulShutdown         : Commencing graceful shutdown. Waiting for active requests to complete
2026-08-10T09:25:01.955+09:00  INFO 14880 --- [CardCapture-back] [tomcat-shutdown] o.s.boot.tomcat.GracefulShutdown         : Graceful shutdown complete
2026-08-10T09:25:29.396+09:00  INFO 22804 --- [CardCapture-back] [restartedMain] j.c.e.c.CardCaptureBackApplication       : Starting CardCaptureBackApplication using Java 21.0.9 with PID 22804 (C:\kino-work\SpringBoot\CardCapture-back\bin\main started by NPC-61 in C:\kino-work\SpringBoot\CardCapture-back)
2026-08-10T09:25:29.404+09:00  INFO 22804 --- [CardCapture-back] [restartedMain] j.c.e.c.CardCaptureBackApplication       : No active profile set, falling back to 1 default profile: "default"
2026-08-10T09:25:29.474+09:00  INFO 22804 --- [CardCapture-back] [restartedMain] .e.DevToolsPropertyDefaultsPostProcessor : Devtools property defaults active! Set 'spring.devtools.add-properties' to 'false' to disable
2026-08-10T09:25:29.474+09:00  INFO 22804 --- [CardCapture-back] [restartedMain] .e.DevToolsPropertyDefaultsPostProcessor : For additional web related logging consider setting the 'logging.level.web' property to 'DEBUG'
2026-08-10T09:25:30.850+09:00  INFO 22804 --- [CardCapture-back] [restartedMain] o.s.boot.tomcat.TomcatWebServer          : Tomcat initialized with port 8080 (http)
2026-08-10T09:25:30.874+09:00  INFO 22804 --- [CardCapture-back] [restartedMain] o.apache.catalina.core.StandardService   : Starting service [Tomcat]
2026-08-10T09:25:30.875+09:00  INFO 22804 --- [CardCapture-back] [restartedMain] o.apache.catalina.core.StandardEngine    : Starting Servlet engine: [Apache Tomcat/11.0.22]
2026-08-10T09:25:30.948+09:00  INFO 22804 --- [CardCapture-back] [restartedMain] b.w.c.s.WebApplicationContextInitializer : Root WebApplicationContext: initialization completed in 1473 ms
2026-08-10T09:25:31.110+09:00  INFO 22804 --- [CardCapture-back] [restartedMain] j.c.e.c.service.GlobalStateService       : createDeck; 開始
2026-08-10T09:25:31.113+09:00  INFO 22804 --- [CardCapture-back] [restartedMain] j.c.e.c.service.GlobalStateService       : createDeck; 終了
2026-08-10T09:25:31.296+09:00  INFO 22804 --- [CardCapture-back] [restartedMain] o.s.v.b.OptionalValidatorFactoryBean     : Failed to set up a Bean Validation provider: jakarta.validation.NoProviderFoundException: Unable to create a Configuration, because no Jakarta Validation provider could be found. Add a provider like Hibernate Validator (RI) to your classpath.
2026-08-10T09:25:31.847+09:00  INFO 22804 --- [CardCapture-back] [restartedMain] o.s.boot.tomcat.TomcatWebServer          : Tomcat started on port 8080 (http) with context path '/'
2026-08-10T09:25:31.857+09:00  INFO 22804 --- [CardCapture-back] [restartedMain] j.c.e.c.CardCaptureBackApplication       : Started CardCaptureBackApplication in 3.217 seconds (process running for 10.893)
2026-08-10T09:25:43.028+09:00  INFO 22804 --- [CardCapture-back] [http-nio-8080-exec-2] o.a.c.c.C.[Tomcat].[localhost].[/]       : Initializing Spring DispatcherServlet 'dispatcherServlet'
2026-08-10T09:25:43.028+09:00  INFO 22804 --- [CardCapture-back] [http-nio-8080-exec-2] o.s.web.servlet.DispatcherServlet        : Initializing Servlet 'dispatcherServlet'
2026-08-10T09:25:43.030+09:00  INFO 22804 --- [CardCapture-back] [http-nio-8080-exec-2] o.s.web.servlet.DispatcherServlet        : Completed initialization in 2 ms
2026-08-10T09:25:43.086+09:00  INFO 22804 --- [CardCapture-back] [http-nio-8080-exec-2] j.c.e.c.service.CardCuptureInitService   : CardCuptureInitService: init 開始
2026-08-10T09:25:43.175+09:00  INFO 22804 --- [CardCapture-back] [http-nio-8080-exec-2] j.c.e.c.service.CardCuptureInitService   : CardCuptureInitService; init 終了
2026-08-10T09:25:43.176+09:00  INFO 22804 --- [CardCapture-back] [http-nio-8080-exec-2] j.c.e.c.service.CardCuptureInitService   : CardCuptureInitService: gameStart 開始
2026-08-10T09:25:43.177+09:00  INFO 22804 --- [CardCapture-back] [http-nio-8080-exec-2] j.c.e.c.service.CardCuptureInitService   : CardCuptureInitService: gameStart: EnemyArea枚数:4
2026-08-10T09:25:43.177+09:00  INFO 22804 --- [CardCapture-back] [http-nio-8080-exec-2] j.c.e.c.service.CardCuptureInitService   : CardCuptureInitService: gameStart: playerHands枚数:4
2026-08-10T09:25:43.179+09:00  INFO 22804 --- [CardCapture-back] [http-nio-8080-exec-2] j.c.e.c.service.CardCuptureInitService   : CardCuptureInitService: gameStart 終了
2026-08-10T09:25:43.180+09:00  INFO 22804 --- [CardCapture-back] [http-nio-8080-exec-2] j.c.e.c.service.CardCupturePlayService   : CardCupturePlayService: enemyPhase; 開始
2026-08-10T09:25:43.181+09:00  INFO 22804 --- [CardCapture-back] [http-nio-8080-exec-2] j.c.e.c.service.CardCupturePlayService   : CardCupturePlayService: enemyPhase; 終了
2026-08-10T09:25:43.182+09:00  INFO 22804 --- [CardCapture-back] [http-nio-8080-exec-2] j.c.e.c.service.CardCupturePlayService   : CardCupturePlayService: disCardAndDrowPhase; 選択カード0
2026-08-10T09:25:43.188+09:00 ERROR 22804 --- [CardCapture-back] [http-nio-8080-exec-2] o.a.c.c.C.[.[.[/].[dispatcherServlet]    : Servlet.service() for servlet [dispatcherServlet] in context with path [] threw exception [Request processing failed: java.lang.NullPointerException: Cannot invoke "jp.co.ea.cardcapture.component.PlayerSession.getEnemyDeck()" because "plyaData" is null] with root cause

java.lang.NullPointerException: Cannot invoke "jp.co.ea.cardcapture.component.PlayerSession.getEnemyDeck()" because "plyaData" is null
	at jp.co.ea.cardcapture.controller.CardCaptureController.startGameTest(CardCaptureController.java:74) ~[main/:na]
	at java.base/jdk.internal.reflect.DirectMethodHandleAccessor.invoke(DirectMethodHandleAccessor.java:103) ~[na:na]
	at java.base/java.lang.reflect.Method.invoke(Method.java:580) ~[na:na]
	at org.springframework.web.method.support.InvocableHandlerMethod.doInvoke(InvocableHandlerMethod.java:252) ~[spring-web-7.0.8.jar:7.0.8]
	at org.springframework.web.method.support.InvocableHandlerMethod.invokeForRequest(InvocableHandlerMethod.java:184) ~[spring-web-7.0.8.jar:7.0.8]
	at org.springframework.web.servlet.mvc.method.annotation.ServletInvocableHandlerMethod.invokeAndHandle(ServletInvocableHandlerMethod.java:117) ~[spring-webmvc-7.0.8.jar:7.0.8]
	at org.springframework.web.servlet.mvc.method.annotation.RequestMappingHandlerAdapter.invokeHandlerMethod(RequestMappingHandlerAdapter.java:934) ~[spring-webmvc-7.0.8.jar:7.0.8]
	at org.springframework.web.servlet.mvc.method.annotation.RequestMappingHandlerAdapter.handleInternal(RequestMappingHandlerAdapter.java:853) ~[spring-webmvc-7.0.8.jar:7.0.8]
	at org.springframework.web.servlet.mvc.method.AbstractHandlerMethodAdapter.handle(AbstractHandlerMethodAdapter.java:86) ~[spring-webmvc-7.0.8.jar:7.0.8]
	at org.springframework.web.servlet.DispatcherServlet.doDispatch(DispatcherServlet.java:963) ~[spring-webmvc-7.0.8.jar:7.0.8]
	at org.springframework.web.servlet.DispatcherServlet.doService(DispatcherServlet.java:866) ~[spring-webmvc-7.0.8.jar:7.0.8]
	at org.springframework.web.servlet.FrameworkServlet.processRequest(FrameworkServlet.java:1000) ~[spring-webmvc-7.0.8.jar:7.0.8]
	at org.springframework.web.servlet.FrameworkServlet.doPost(FrameworkServlet.java:903) ~[spring-webmvc-7.0.8.jar:7.0.8]
	at jakarta.servlet.http.HttpServlet.service(HttpServlet.java:649) ~[tomcat-embed-core-11.0.22.jar:6.1]
	at org.springframework.web.servlet.FrameworkServlet.service(FrameworkServlet.java:874) ~[spring-webmvc-7.0.8.jar:7.0.8]
	at jakarta.servlet.http.HttpServlet.service(HttpServlet.java:710) ~[tomcat-embed-core-11.0.22.jar:6.1]
	at org.apache.catalina.core.ApplicationFilterChain.doFilter(ApplicationFilterChain.java:128) ~[tomcat-embed-core-11.0.22.jar:11.0.22]
	at org.apache.tomcat.websocket.server.WsFilter.doFilter(WsFilter.java:53) ~[tomcat-embed-websocket-11.0.22.jar:11.0.22]
	at org.apache.catalina.core.ApplicationFilterChain.doFilter(ApplicationFilterChain.java:107) ~[tomcat-embed-core-11.0.22.jar:11.0.22]
	at org.springframework.web.filter.RequestContextFilter.doFilterInternal(RequestContextFilter.java:100) ~[spring-web-7.0.8.jar:7.0.8]
	at org.springframework.web.filter.OncePerRequestFilter.doFilter(OncePerRequestFilter.java:116) ~[spring-web-7.0.8.jar:7.0.8]
	at org.apache.catalina.core.ApplicationFilterChain.doFilter(ApplicationFilterChain.java:107) ~[tomcat-embed-core-11.0.22.jar:11.0.22]
	at org.springframework.web.filter.FormContentFilter.doFilterInternal(FormContentFilter.java:93) ~[spring-web-7.0.8.jar:7.0.8]
	at org.springframework.web.filter.OncePerRequestFilter.doFilter(OncePerRequestFilter.java:116) ~[spring-web-7.0.8.jar:7.0.8]
	at org.apache.catalina.core.ApplicationFilterChain.doFilter(ApplicationFilterChain.java:107) ~[tomcat-embed-core-11.0.22.jar:11.0.22]
	at org.springframework.web.filter.CharacterEncodingFilter.doFilterInternal(CharacterEncodingFilter.java:199) ~[spring-web-7.0.8.jar:7.0.8]
	at org.springframework.web.filter.OncePerRequestFilter.doFilter(OncePerRequestFilter.java:116) ~[spring-web-7.0.8.jar:7.0.8]
	at org.apache.catalina.core.ApplicationFilterChain.doFilter(ApplicationFilterChain.java:107) ~[tomcat-embed-core-11.0.22.jar:11.0.22]
	at org.apache.catalina.core.StandardWrapperValve.invoke(StandardWrapperValve.java:165) ~[tomcat-embed-core-11.0.22.jar:11.0.22]
	at org.apache.catalina.core.StandardContextValve.invoke(StandardContextValve.java:77) ~[tomcat-embed-core-11.0.22.jar:11.0.22]
	at org.apache.catalina.authenticator.AuthenticatorBase.invoke(AuthenticatorBase.java:492) ~[tomcat-embed-core-11.0.22.jar:11.0.22]
	at org.apache.catalina.core.StandardHostValve.invoke(StandardHostValve.java:113) ~[tomcat-embed-core-11.0.22.jar:11.0.22]
	at org.apache.catalina.valves.ErrorReportValve.invoke(ErrorReportValve.java:83) ~[tomcat-embed-core-11.0.22.jar:11.0.22]
	at org.apache.catalina.core.StandardEngineValve.invoke(StandardEngineValve.java:72) ~[tomcat-embed-core-11.0.22.jar:11.0.22]
	at org.apache.catalina.connector.CoyoteAdapter.service(CoyoteAdapter.java:341) ~[tomcat-embed-core-11.0.22.jar:11.0.22]
	at org.apache.coyote.http11.Http11Processor.service(Http11Processor.java:397) ~[tomcat-embed-core-11.0.22.jar:11.0.22]
	at org.apache.coyote.AbstractProcessorLight.process(AbstractProcessorLight.java:63) ~[tomcat-embed-core-11.0.22.jar:11.0.22]
	at org.apache.coyote.AbstractProtocol$ConnectionHandler.process(AbstractProtocol.java:1272) ~[tomcat-embed-core-11.0.22.jar:11.0.22]
	at org.apache.tomcat.util.net.NioEndpoint$SocketProcessor.doRun(NioEndpoint.java:1801) ~[tomcat-embed-core-11.0.22.jar:11.0.22]
	at org.apache.tomcat.util.net.SocketProcessorBase.run(SocketProcessorBase.java:52) ~[tomcat-embed-core-11.0.22.jar:11.0.22]
	at org.apache.tomcat.util.threads.ThreadPoolExecutor.runWorker(ThreadPoolExecutor.java:946) ~[tomcat-embed-core-11.0.22.jar:11.0.22]
	at org.apache.tomcat.util.threads.ThreadPoolExecutor$Worker.run(ThreadPoolExecutor.java:480) ~[tomcat-embed-core-11.0.22.jar:11.0.22]
	at org.apache.tomcat.util.threads.TaskThread$WrappingRunnable.run(TaskThread.java:57) ~[tomcat-embed-core-11.0.22.jar:11.0.22]
	at java.base/java.lang.Thread.run(Thread.java:1583) ~[na:na]

2026-08-10T09:28:20.645+09:00  INFO 17344 --- [CardCapture-back] [restartedMain] j.c.e.c.CardCaptureBackApplication       : Starting CardCaptureBackApplication using Java 21.0.9 with PID 17344 (C:\kino-work\SpringBoot\CardCapture-back\bin\main started by NPC-61 in C:\kino-work\SpringBoot\CardCapture-back)
2026-08-10T09:28:20.649+09:00  INFO 17344 --- [CardCapture-back] [restartedMain] j.c.e.c.CardCaptureBackApplication       : No active profile set, falling back to 1 default profile: "default"
2026-08-10T09:28:20.720+09:00  INFO 17344 --- [CardCapture-back] [restartedMain] .e.DevToolsPropertyDefaultsPostProcessor : Devtools property defaults active! Set 'spring.devtools.add-properties' to 'false' to disable
2026-08-10T09:28:20.721+09:00  INFO 17344 --- [CardCapture-back] [restartedMain] .e.DevToolsPropertyDefaultsPostProcessor : For additional web related logging consider setting the 'logging.level.web' property to 'DEBUG'
2026-08-10T09:28:21.945+09:00  INFO 17344 --- [CardCapture-back] [restartedMain] o.s.boot.tomcat.TomcatWebServer          : Tomcat initialized with port 8080 (http)
2026-08-10T09:28:21.967+09:00  INFO 17344 --- [CardCapture-back] [restartedMain] o.apache.catalina.core.StandardService   : Starting service [Tomcat]
2026-08-10T09:28:21.968+09:00  INFO 17344 --- [CardCapture-back] [restartedMain] o.apache.catalina.core.StandardEngine    : Starting Servlet engine: [Apache Tomcat/11.0.22]
2026-08-10T09:28:22.031+09:00  INFO 17344 --- [CardCapture-back] [restartedMain] b.w.c.s.WebApplicationContextInitializer : Root WebApplicationContext: initialization completed in 1309 ms
2026-08-10T09:28:22.160+09:00  INFO 17344 --- [CardCapture-back] [restartedMain] j.c.e.c.service.GlobalStateService       : createDeck; 開始
2026-08-10T09:28:22.163+09:00  INFO 17344 --- [CardCapture-back] [restartedMain] j.c.e.c.service.GlobalStateService       : createDeck; 終了
2026-08-10T09:28:22.338+09:00  INFO 17344 --- [CardCapture-back] [restartedMain] o.s.v.b.OptionalValidatorFactoryBean     : Failed to set up a Bean Validation provider: jakarta.validation.NoProviderFoundException: Unable to create a Configuration, because no Jakarta Validation provider could be found. Add a provider like Hibernate Validator (RI) to your classpath.
2026-08-10T09:28:22.817+09:00  INFO 17344 --- [CardCapture-back] [restartedMain] o.s.boot.tomcat.TomcatWebServer          : Tomcat started on port 8080 (http) with context path '/'
2026-08-10T09:28:22.826+09:00  INFO 17344 --- [CardCapture-back] [restartedMain] j.c.e.c.CardCaptureBackApplication       : Started CardCaptureBackApplication in 2.754 seconds (process running for 3.828)
2026-08-10T09:28:31.899+09:00  INFO 17344 --- [CardCapture-back] [http-nio-8080-exec-1] o.a.c.c.C.[Tomcat].[localhost].[/]       : Initializing Spring DispatcherServlet 'dispatcherServlet'
2026-08-10T09:28:31.899+09:00  INFO 17344 --- [CardCapture-back] [http-nio-8080-exec-1] o.s.web.servlet.DispatcherServlet        : Initializing Servlet 'dispatcherServlet'
2026-08-10T09:28:31.901+09:00  INFO 17344 --- [CardCapture-back] [http-nio-8080-exec-1] o.s.web.servlet.DispatcherServlet        : Completed initialization in 1 ms
2026-08-10T09:28:31.953+09:00  INFO 17344 --- [CardCapture-back] [http-nio-8080-exec-1] j.c.e.c.service.CardCuptureInitService   : CardCuptureInitService: init 開始
2026-08-10T09:28:32.038+09:00  INFO 17344 --- [CardCapture-back] [http-nio-8080-exec-1] j.c.e.c.service.CardCuptureInitService   : CardCuptureInitService; init 終了
2026-08-10T09:28:32.039+09:00  INFO 17344 --- [CardCapture-back] [http-nio-8080-exec-1] j.c.e.c.service.CardCuptureInitService   : CardCuptureInitService: gameStart 開始
2026-08-10T09:28:32.040+09:00  INFO 17344 --- [CardCapture-back] [http-nio-8080-exec-1] j.c.e.c.service.CardCuptureInitService   : CardCuptureInitService: gameStart: EnemyArea枚数:4
2026-08-10T09:28:32.041+09:00  INFO 17344 --- [CardCapture-back] [http-nio-8080-exec-1] j.c.e.c.service.CardCuptureInitService   : CardCuptureInitService: gameStart: playerHands枚数:4
2026-08-10T09:28:32.041+09:00  INFO 17344 --- [CardCapture-back] [http-nio-8080-exec-1] j.c.e.c.service.CardCuptureInitService   : CardCuptureInitService: gameStart 終了
2026-08-10T09:28:32.042+09:00  INFO 17344 --- [CardCapture-back] [http-nio-8080-exec-1] j.c.e.c.service.CardCupturePlayService   : CardCupturePlayService: enemyPhase; 開始
2026-08-10T09:28:32.044+09:00  INFO 17344 --- [CardCapture-back] [http-nio-8080-exec-1] j.c.e.c.service.CardCupturePlayService   : CardCupturePlayService: enemyPhase; 終了
2026-08-10T09:28:32.044+09:00  INFO 17344 --- [CardCapture-back] [http-nio-8080-exec-1] j.c.e.c.service.CardCupturePlayService   : CardCupturePlayService: disCardAndDrowPhase; 選択カード0
2026-08-10T09:28:32.048+09:00 ERROR 17344 --- [CardCapture-back] [http-nio-8080-exec-1] o.a.c.c.C.[.[.[/].[dispatcherServlet]    : Servlet.service() for servlet [dispatcherServlet] in context with path [] threw exception [Request processing failed: java.lang.NullPointerException: Cannot invoke "jp.co.ea.cardcapture.component.PlayerSession.getEnemyDeck()" because "playData" is null] with root cause

java.lang.NullPointerException: Cannot invoke "jp.co.ea.cardcapture.component.PlayerSession.getEnemyDeck()" because "playData" is null
	at jp.co.ea.cardcapture.controller.CardCaptureController.startGameTest(CardCaptureController.java:74) ~[main/:na]
	at java.base/jdk.internal.reflect.DirectMethodHandleAccessor.invoke(DirectMethodHandleAccessor.java:103) ~[na:na]
	at java.base/java.lang.reflect.Method.invoke(Method.java:580) ~[na:na]
	at org.springframework.web.method.support.InvocableHandlerMethod.doInvoke(InvocableHandlerMethod.java:252) ~[spring-web-7.0.8.jar:7.0.8]
	at org.springframework.web.method.support.InvocableHandlerMethod.invokeForRequest(InvocableHandlerMethod.java:184) ~[spring-web-7.0.8.jar:7.0.8]
	at org.springframework.web.servlet.mvc.method.annotation.ServletInvocableHandlerMethod.invokeAndHandle(ServletInvocableHandlerMethod.java:117) ~[spring-webmvc-7.0.8.jar:7.0.8]
	at org.springframework.web.servlet.mvc.method.annotation.RequestMappingHandlerAdapter.invokeHandlerMethod(RequestMappingHandlerAdapter.java:934) ~[spring-webmvc-7.0.8.jar:7.0.8]
	at org.springframework.web.servlet.mvc.method.annotation.RequestMappingHandlerAdapter.handleInternal(RequestMappingHandlerAdapter.java:853) ~[spring-webmvc-7.0.8.jar:7.0.8]
	at org.springframework.web.servlet.mvc.method.AbstractHandlerMethodAdapter.handle(AbstractHandlerMethodAdapter.java:86) ~[spring-webmvc-7.0.8.jar:7.0.8]
	at org.springframework.web.servlet.DispatcherServlet.doDispatch(DispatcherServlet.java:963) ~[spring-webmvc-7.0.8.jar:7.0.8]
	at org.springframework.web.servlet.DispatcherServlet.doService(DispatcherServlet.java:866) ~[spring-webmvc-7.0.8.jar:7.0.8]
	at org.springframework.web.servlet.FrameworkServlet.processRequest(FrameworkServlet.java:1000) ~[spring-webmvc-7.0.8.jar:7.0.8]
	at org.springframework.web.servlet.FrameworkServlet.doPost(FrameworkServlet.java:903) ~[spring-webmvc-7.0.8.jar:7.0.8]
	at jakarta.servlet.http.HttpServlet.service(HttpServlet.java:649) ~[tomcat-embed-core-11.0.22.jar:6.1]
	at org.springframework.web.servlet.FrameworkServlet.service(FrameworkServlet.java:874) ~[spring-webmvc-7.0.8.jar:7.0.8]
	at jakarta.servlet.http.HttpServlet.service(HttpServlet.java:710) ~[tomcat-embed-core-11.0.22.jar:6.1]
	at org.apache.catalina.core.ApplicationFilterChain.doFilter(ApplicationFilterChain.java:128) ~[tomcat-embed-core-11.0.22.jar:11.0.22]
	at org.apache.tomcat.websocket.server.WsFilter.doFilter(WsFilter.java:53) ~[tomcat-embed-websocket-11.0.22.jar:11.0.22]
	at org.apache.catalina.core.ApplicationFilterChain.doFilter(ApplicationFilterChain.java:107) ~[tomcat-embed-core-11.0.22.jar:11.0.22]
	at org.springframework.web.filter.RequestContextFilter.doFilterInternal(RequestContextFilter.java:100) ~[spring-web-7.0.8.jar:7.0.8]
	at org.springframework.web.filter.OncePerRequestFilter.doFilter(OncePerRequestFilter.java:116) ~[spring-web-7.0.8.jar:7.0.8]
	at org.apache.catalina.core.ApplicationFilterChain.doFilter(ApplicationFilterChain.java:107) ~[tomcat-embed-core-11.0.22.jar:11.0.22]
	at org.springframework.web.filter.FormContentFilter.doFilterInternal(FormContentFilter.java:93) ~[spring-web-7.0.8.jar:7.0.8]
	at org.springframework.web.filter.OncePerRequestFilter.doFilter(OncePerRequestFilter.java:116) ~[spring-web-7.0.8.jar:7.0.8]
	at org.apache.catalina.core.ApplicationFilterChain.doFilter(ApplicationFilterChain.java:107) ~[tomcat-embed-core-11.0.22.jar:11.0.22]
	at org.springframework.web.filter.CharacterEncodingFilter.doFilterInternal(CharacterEncodingFilter.java:199) ~[spring-web-7.0.8.jar:7.0.8]
	at org.springframework.web.filter.OncePerRequestFilter.doFilter(OncePerRequestFilter.java:116) ~[spring-web-7.0.8.jar:7.0.8]
	at org.apache.catalina.core.ApplicationFilterChain.doFilter(ApplicationFilterChain.java:107) ~[tomcat-embed-core-11.0.22.jar:11.0.22]
	at org.apache.catalina.core.StandardWrapperValve.invoke(StandardWrapperValve.java:165) ~[tomcat-embed-core-11.0.22.jar:11.0.22]
	at org.apache.catalina.core.StandardContextValve.invoke(StandardContextValve.java:77) ~[tomcat-embed-core-11.0.22.jar:11.0.22]
	at org.apache.catalina.authenticator.AuthenticatorBase.invoke(AuthenticatorBase.java:492) ~[tomcat-embed-core-11.0.22.jar:11.0.22]
	at org.apache.catalina.core.StandardHostValve.invoke(StandardHostValve.java:113) ~[tomcat-embed-core-11.0.22.jar:11.0.22]
	at org.apache.catalina.valves.ErrorReportValve.invoke(ErrorReportValve.java:83) ~[tomcat-embed-core-11.0.22.jar:11.0.22]
	at org.apache.catalina.core.StandardEngineValve.invoke(StandardEngineValve.java:72) ~[tomcat-embed-core-11.0.22.jar:11.0.22]
	at org.apache.catalina.connector.CoyoteAdapter.service(CoyoteAdapter.java:341) ~[tomcat-embed-core-11.0.22.jar:11.0.22]
	at org.apache.coyote.http11.Http11Processor.service(Http11Processor.java:397) ~[tomcat-embed-core-11.0.22.jar:11.0.22]
	at org.apache.coyote.AbstractProcessorLight.process(AbstractProcessorLight.java:63) ~[tomcat-embed-core-11.0.22.jar:11.0.22]
	at org.apache.coyote.AbstractProtocol$ConnectionHandler.process(AbstractProtocol.java:1272) ~[tomcat-embed-core-11.0.22.jar:11.0.22]
	at org.apache.tomcat.util.net.NioEndpoint$SocketProcessor.doRun(NioEndpoint.java:1801) ~[tomcat-embed-core-11.0.22.jar:11.0.22]
	at org.apache.tomcat.util.net.SocketProcessorBase.run(SocketProcessorBase.java:52) ~[tomcat-embed-core-11.0.22.jar:11.0.22]
	at org.apache.tomcat.util.threads.ThreadPoolExecutor.runWorker(ThreadPoolExecutor.java:946) ~[tomcat-embed-core-11.0.22.jar:11.0.22]
	at org.apache.tomcat.util.threads.ThreadPoolExecutor$Worker.run(ThreadPoolExecutor.java:480) ~[tomcat-embed-core-11.0.22.jar:11.0.22]
	at org.apache.tomcat.util.threads.TaskThread$WrappingRunnable.run(TaskThread.java:57) ~[tomcat-embed-core-11.0.22.jar:11.0.22]
	at java.base/java.lang.Thread.run(Thread.java:1583) ~[na:na]

2026-08-10T09:29:07.985+09:00  INFO 17344 --- [CardCapture-back] [File Watcher] rtingClassPathChangeChangedEventListener : Restarting due to 21 class path changes (0 additions, 0 deletions, 21 modifications)
2026-08-10T09:29:07.992+09:00  INFO 17344 --- [CardCapture-back] [Thread-1] o.s.boot.tomcat.GracefulShutdown         : Commencing graceful shutdown. Waiting for active requests to complete
2026-08-10T09:29:08.006+09:00  INFO 17344 --- [CardCapture-back] [tomcat-shutdown] o.s.boot.tomcat.GracefulShutdown         : Graceful shutdown complete
2026-08-10T09:29:08.123+09:00  INFO 17344 --- [CardCapture-back] [restartedMain] j.c.e.c.CardCaptureBackApplication       : Starting CardCaptureBackApplication using Java 21.0.9 with PID 17344 (C:\kino-work\SpringBoot\CardCapture-back\bin\main started by NPC-61 in C:\kino-work\SpringBoot\CardCapture-back)
2026-08-10T09:29:08.123+09:00  INFO 17344 --- [CardCapture-back] [restartedMain] j.c.e.c.CardCaptureBackApplication       : No active profile set, falling back to 1 default profile: "default"
2026-08-10T09:29:08.431+09:00  INFO 17344 --- [CardCapture-back] [restartedMain] o.s.boot.tomcat.TomcatWebServer          : Tomcat initialized with port 8080 (http)
2026-08-10T09:29:08.432+09:00  INFO 17344 --- [CardCapture-back] [restartedMain] o.apache.catalina.core.StandardService   : Starting service [Tomcat]
2026-08-10T09:29:08.432+09:00  INFO 17344 --- [CardCapture-back] [restartedMain] o.apache.catalina.core.StandardEngine    : Starting Servlet engine: [Apache Tomcat/11.0.22]
2026-08-10T09:29:08.454+09:00  INFO 17344 --- [CardCapture-back] [restartedMain] b.w.c.s.WebApplicationContextInitializer : Root WebApplicationContext: initialization completed in 327 ms
2026-08-10T09:29:08.514+09:00  INFO 17344 --- [CardCapture-back] [restartedMain] j.c.e.c.service.GlobalStateService       : createDeck; 開始
2026-08-10T09:29:08.516+09:00  INFO 17344 --- [CardCapture-back] [restartedMain] j.c.e.c.service.GlobalStateService       : createDeck; 終了
2026-08-10T09:29:08.579+09:00  INFO 17344 --- [CardCapture-back] [restartedMain] o.s.v.b.OptionalValidatorFactoryBean     : Failed to set up a Bean Validation provider: jakarta.validation.NoProviderFoundException: Unable to create a Configuration, because no Jakarta Validation provider could be found. Add a provider like Hibernate Validator (RI) to your classpath.
2026-08-10T09:29:08.680+09:00  INFO 17344 --- [CardCapture-back] [restartedMain] o.s.boot.tomcat.TomcatWebServer          : Tomcat started on port 8080 (http) with context path '/'
2026-08-10T09:29:08.686+09:00  INFO 17344 --- [CardCapture-back] [restartedMain] j.c.e.c.CardCaptureBackApplication       : Started CardCaptureBackApplication in 0.609 seconds (process running for 49.688)
2026-08-10T09:29:08.691+09:00  INFO 17344 --- [CardCapture-back] [restartedMain] .ConditionEvaluationDeltaLoggingListener : Condition evaluation unchanged
2026-08-10T09:29:12.443+09:00  INFO 17344 --- [CardCapture-back] [http-nio-8080-exec-1] o.a.c.c.C.[Tomcat].[localhost].[/]       : Initializing Spring DispatcherServlet 'dispatcherServlet'
2026-08-10T09:29:12.443+09:00  INFO 17344 --- [CardCapture-back] [http-nio-8080-exec-1] o.s.web.servlet.DispatcherServlet        : Initializing Servlet 'dispatcherServlet'
2026-08-10T09:29:12.447+09:00  INFO 17344 --- [CardCapture-back] [http-nio-8080-exec-1] o.s.web.servlet.DispatcherServlet        : Completed initialization in 3 ms
2026-08-10T09:29:12.450+09:00  INFO 17344 --- [CardCapture-back] [http-nio-8080-exec-1] j.c.e.c.service.CardCuptureInitService   : CardCuptureInitService: init 開始
2026-08-10T09:29:12.532+09:00  INFO 17344 --- [CardCapture-back] [http-nio-8080-exec-1] j.c.e.c.service.CardCuptureInitService   : CardCuptureInitService; init 終了
2026-08-10T09:29:12.532+09:00  INFO 17344 --- [CardCapture-back] [http-nio-8080-exec-1] j.c.e.c.service.CardCuptureInitService   : CardCuptureInitService: gameStart 開始
2026-08-10T09:29:12.533+09:00  INFO 17344 --- [CardCapture-back] [http-nio-8080-exec-1] j.c.e.c.service.CardCuptureInitService   : CardCuptureInitService: gameStart: EnemyArea枚数:4
2026-08-10T09:29:12.534+09:00  INFO 17344 --- [CardCapture-back] [http-nio-8080-exec-1] j.c.e.c.service.CardCuptureInitService   : CardCuptureInitService: gameStart: playerHands枚数:4
2026-08-10T09:29:12.534+09:00  INFO 17344 --- [CardCapture-back] [http-nio-8080-exec-1] j.c.e.c.service.CardCuptureInitService   : CardCuptureInitService: gameStart 終了
2026-08-10T09:29:12.536+09:00  INFO 17344 --- [CardCapture-back] [http-nio-8080-exec-1] j.c.e.c.service.CardCupturePlayService   : CardCupturePlayService: enemyPhase; 開始
2026-08-10T09:29:12.536+09:00  INFO 17344 --- [CardCapture-back] [http-nio-8080-exec-1] j.c.e.c.service.CardCupturePlayService   : CardCupturePlayService: enemyPhase; 終了
2026-08-10T09:50:52.996+09:00  INFO 17344 --- [CardCapture-back] [http-nio-8080-exec-4] o.springdoc.api.AbstractOpenApiResource  : Init duration for springdoc-openapi is: 796 ms
2026-08-10T09:50:57.382+09:00  INFO 17344 --- [CardCapture-back] [http-nio-8080-exec-5] j.c.e.c.service.CardCuptureInitService   : CardCuptureInitService: init 開始
2026-08-10T09:50:57.449+09:00  INFO 17344 --- [CardCapture-back] [http-nio-8080-exec-5] j.c.e.c.service.CardCuptureInitService   : CardCuptureInitService; init 終了
2026-08-10T09:50:57.450+09:00  INFO 17344 --- [CardCapture-back] [http-nio-8080-exec-5] j.c.e.c.service.CardCuptureInitService   : CardCuptureInitService: gameStart 開始
2026-08-10T09:50:57.450+09:00  INFO 17344 --- [CardCapture-back] [http-nio-8080-exec-5] j.c.e.c.service.CardCuptureInitService   : CardCuptureInitService: gameStart: EnemyArea枚数:4
2026-08-10T09:50:57.450+09:00  INFO 17344 --- [CardCapture-back] [http-nio-8080-exec-5] j.c.e.c.service.CardCuptureInitService   : CardCuptureInitService: gameStart: playerHands枚数:4
2026-08-10T09:50:57.450+09:00  INFO 17344 --- [CardCapture-back] [http-nio-8080-exec-5] j.c.e.c.service.CardCuptureInitService   : CardCuptureInitService: gameStart 終了
2026-08-10T09:50:57.451+09:00  INFO 17344 --- [CardCapture-back] [http-nio-8080-exec-5] j.c.e.c.service.CardCupturePlayService   : CardCupturePlayService: enemyPhase; 開始
2026-08-10T09:50:57.451+09:00  INFO 17344 --- [CardCapture-back] [http-nio-8080-exec-5] j.c.e.c.service.CardCupturePlayService   : CardCupturePlayService: enemyPhase; 終了
2026-08-10T09:55:02.848+09:00  INFO 17344 --- [CardCapture-back] [File Watcher] rtingClassPathChangeChangedEventListener : Restarting due to 21 class path changes (0 additions, 0 deletions, 21 modifications)
2026-08-10T09:55:02.857+09:00  INFO 17344 --- [CardCapture-back] [Thread-5] o.s.boot.tomcat.GracefulShutdown         : Commencing graceful shutdown. Waiting for active requests to complete
2026-08-10T09:55:02.872+09:00  INFO 17344 --- [CardCapture-back] [tomcat-shutdown] o.s.boot.tomcat.GracefulShutdown         : Graceful shutdown complete
2026-08-10T09:55:03.205+09:00  INFO 17344 --- [CardCapture-back] [restartedMain] j.c.e.c.CardCaptureBackApplication       : Starting CardCaptureBackApplication using Java 21.0.9 with PID 17344 (C:\kino-work\SpringBoot\CardCapture-back\bin\main started by NPC-61 in C:\kino-work\SpringBoot\CardCapture-back)
2026-08-10T09:55:03.206+09:00  INFO 17344 --- [CardCapture-back] [restartedMain] j.c.e.c.CardCaptureBackApplication       : No active profile set, falling back to 1 default profile: "default"
2026-08-10T09:55:03.605+09:00  INFO 17344 --- [CardCapture-back] [restartedMain] o.s.boot.tomcat.TomcatWebServer          : Tomcat initialized with port 8080 (http)
2026-08-10T09:55:03.609+09:00  INFO 17344 --- [CardCapture-back] [restartedMain] o.apache.catalina.core.StandardService   : Starting service [Tomcat]
2026-08-10T09:55:03.609+09:00  INFO 17344 --- [CardCapture-back] [restartedMain] o.apache.catalina.core.StandardEngine    : Starting Servlet engine: [Apache Tomcat/11.0.22]
2026-08-10T09:55:03.631+09:00  INFO 17344 --- [CardCapture-back] [restartedMain] b.w.c.s.WebApplicationContextInitializer : Root WebApplicationContext: initialization completed in 420 ms
2026-08-10T09:55:05.371+09:00  INFO 17344 --- [CardCapture-back] [restartedMain] j.c.e.c.service.GlobalStateService       : createDeck; 開始
2026-08-10T09:55:05.373+09:00  INFO 17344 --- [CardCapture-back] [restartedMain] j.c.e.c.service.GlobalStateService       : createDeck; 終了
2026-08-10T09:55:05.452+09:00  INFO 17344 --- [CardCapture-back] [restartedMain] o.s.v.b.OptionalValidatorFactoryBean     : Failed to set up a Bean Validation provider: jakarta.validation.NoProviderFoundException: Unable to create a Configuration, because no Jakarta Validation provider could be found. Add a provider like Hibernate Validator (RI) to your classpath.
2026-08-10T09:55:05.579+09:00  INFO 17344 --- [CardCapture-back] [restartedMain] o.s.boot.tomcat.TomcatWebServer          : Tomcat started on port 8080 (http) with context path '/'
2026-08-10T09:55:05.587+09:00  INFO 17344 --- [CardCapture-back] [restartedMain] j.c.e.c.CardCaptureBackApplication       : Started CardCaptureBackApplication in 2.456 seconds (process running for 1606.588)
2026-08-10T09:55:05.589+09:00  INFO 17344 --- [CardCapture-back] [restartedMain] .ConditionEvaluationDeltaLoggingListener : Condition evaluation unchanged
2026-08-10T09:55:32.723+09:00  INFO 17344 --- [CardCapture-back] [http-nio-8080-exec-3] o.a.c.c.C.[Tomcat].[localhost].[/]       : Initializing Spring DispatcherServlet 'dispatcherServlet'
2026-08-10T09:55:32.723+09:00  INFO 17344 --- [CardCapture-back] [http-nio-8080-exec-3] o.s.web.servlet.DispatcherServlet        : Initializing Servlet 'dispatcherServlet'
2026-08-10T09:55:32.726+09:00  INFO 17344 --- [CardCapture-back] [http-nio-8080-exec-3] o.s.web.servlet.DispatcherServlet        : Completed initialization in 3 ms
2026-08-10T09:55:32.729+09:00  INFO 17344 --- [CardCapture-back] [http-nio-8080-exec-3] j.c.e.c.service.CardCuptureInitService   : CardCuptureInitService: init 開始
2026-08-10T09:55:32.812+09:00  INFO 17344 --- [CardCapture-back] [http-nio-8080-exec-3] j.c.e.c.service.CardCuptureInitService   : CardCuptureInitService; init 終了
2026-08-10T09:55:32.812+09:00  INFO 17344 --- [CardCapture-back] [http-nio-8080-exec-3] j.c.e.c.service.CardCuptureInitService   : CardCuptureInitService: gameStart 開始
2026-08-10T09:55:32.814+09:00  INFO 17344 --- [CardCapture-back] [http-nio-8080-exec-3] j.c.e.c.service.CardCuptureInitService   : CardCuptureInitService: gameStart: EnemyArea枚数:4
2026-08-10T09:55:32.814+09:00  INFO 17344 --- [CardCapture-back] [http-nio-8080-exec-3] j.c.e.c.service.CardCuptureInitService   : CardCuptureInitService: gameStart: playerHands枚数:4
2026-08-10T09:55:32.815+09:00  INFO 17344 --- [CardCapture-back] [http-nio-8080-exec-3] j.c.e.c.service.CardCuptureInitService   : CardCuptureInitService: gameStart 終了
2026-08-10T09:55:32.816+09:00  INFO 17344 --- [CardCapture-back] [http-nio-8080-exec-3] j.c.e.c.service.CardCupturePlayService   : CardCupturePlayService: enemyPhase; 開始
2026-08-10T09:55:32.817+09:00  INFO 17344 --- [CardCapture-back] [http-nio-8080-exec-3] j.c.e.c.service.CardCupturePlayService   : CardCupturePlayService: enemyPhase; 盤面操作後 enemyArea:0
2026-08-10T09:55:32.817+09:00  INFO 17344 --- [CardCapture-back] [http-nio-8080-exec-3] j.c.e.c.service.CardCupturePlayService   : CardCupturePlayService: enemyPhase; 終了
2026-08-10T09:55:32.818+09:00  INFO 17344 --- [CardCapture-back] [http-nio-8080-exec-3] j.c.e.c.service.CardCupturePlayService   : CardCupturePlayService: disCardAndDrowPhase; ディスカード後playerHands:0
2026-08-10T09:55:32.818+09:00  INFO 17344 --- [CardCapture-back] [http-nio-8080-exec-3] j.c.e.c.service.CardCupturePlayService   : CardCupturePlayService: disCardAndDrowPhase; 選択カード0
2026-08-10T10:00:34.565+09:00  INFO 17344 --- [CardCapture-back] [File Watcher] rtingClassPathChangeChangedEventListener : Restarting due to 21 class path changes (0 additions, 0 deletions, 21 modifications)
2026-08-10T10:00:34.567+09:00  INFO 17344 --- [CardCapture-back] [Thread-9] o.s.boot.tomcat.GracefulShutdown         : Commencing graceful shutdown. Waiting for active requests to complete
2026-08-10T10:00:34.573+09:00  INFO 17344 --- [CardCapture-back] [tomcat-shutdown] o.s.boot.tomcat.GracefulShutdown         : Graceful shutdown complete
2026-08-10T10:00:34.697+09:00  INFO 17344 --- [CardCapture-back] [restartedMain] j.c.e.c.CardCaptureBackApplication       : Starting CardCaptureBackApplication using Java 21.0.9 with PID 17344 (C:\kino-work\SpringBoot\CardCapture-back\bin\main started by NPC-61 in C:\kino-work\SpringBoot\CardCapture-back)
2026-08-10T10:00:34.698+09:00  INFO 17344 --- [CardCapture-back] [restartedMain] j.c.e.c.CardCaptureBackApplication       : No active profile set, falling back to 1 default profile: "default"
2026-08-10T10:00:34.992+09:00  INFO 17344 --- [CardCapture-back] [restartedMain] o.s.boot.tomcat.TomcatWebServer          : Tomcat initialized with port 8080 (http)
2026-08-10T10:00:34.993+09:00  INFO 17344 --- [CardCapture-back] [restartedMain] o.apache.catalina.core.StandardService   : Starting service [Tomcat]
2026-08-10T10:00:34.993+09:00  INFO 17344 --- [CardCapture-back] [restartedMain] o.apache.catalina.core.StandardEngine    : Starting Servlet engine: [Apache Tomcat/11.0.22]
2026-08-10T10:00:35.010+09:00  INFO 17344 --- [CardCapture-back] [restartedMain] b.w.c.s.WebApplicationContextInitializer : Root WebApplicationContext: initialization completed in 306 ms
2026-08-10T10:00:35.153+09:00  INFO 17344 --- [CardCapture-back] [restartedMain] j.c.e.c.service.GlobalStateService       : createDeck; 開始
2026-08-10T10:00:35.157+09:00  INFO 17344 --- [CardCapture-back] [restartedMain] j.c.e.c.service.GlobalStateService       : createDeck; 終了
2026-08-10T10:00:35.421+09:00  INFO 17344 --- [CardCapture-back] [restartedMain] o.s.v.b.OptionalValidatorFactoryBean     : Failed to set up a Bean Validation provider: jakarta.validation.NoProviderFoundException: Unable to create a Configuration, because no Jakarta Validation provider could be found. Add a provider like Hibernate Validator (RI) to your classpath.
2026-08-10T10:00:35.509+09:00  INFO 17344 --- [CardCapture-back] [restartedMain] o.s.boot.tomcat.TomcatWebServer          : Tomcat started on port 8080 (http) with context path '/'
2026-08-10T10:00:35.516+09:00  INFO 17344 --- [CardCapture-back] [restartedMain] j.c.e.c.CardCaptureBackApplication       : Started CardCaptureBackApplication in 0.871 seconds (process running for 1936.518)
2026-08-10T10:00:35.521+09:00  INFO 17344 --- [CardCapture-back] [restartedMain] .ConditionEvaluationDeltaLoggingListener : Condition evaluation unchanged
2026-08-10T10:01:07.524+09:00  INFO 17344 --- [CardCapture-back] [http-nio-8080-exec-2] o.a.c.c.C.[Tomcat].[localhost].[/]       : Initializing Spring DispatcherServlet 'dispatcherServlet'
2026-08-10T10:01:07.524+09:00  INFO 17344 --- [CardCapture-back] [http-nio-8080-exec-2] o.s.web.servlet.DispatcherServlet        : Initializing Servlet 'dispatcherServlet'
2026-08-10T10:01:07.526+09:00  INFO 17344 --- [CardCapture-back] [http-nio-8080-exec-2] o.s.web.servlet.DispatcherServlet        : Completed initialization in 2 ms
2026-08-10T10:01:07.529+09:00  INFO 17344 --- [CardCapture-back] [http-nio-8080-exec-2] j.c.e.c.service.CardCuptureInitService   : CardCuptureInitService: init 開始
2026-08-10T10:01:07.599+09:00  INFO 17344 --- [CardCapture-back] [http-nio-8080-exec-2] j.c.e.c.service.CardCuptureInitService   : CardCuptureInitService; init 終了
2026-08-10T10:01:07.599+09:00  INFO 17344 --- [CardCapture-back] [http-nio-8080-exec-2] j.c.e.c.service.CardCuptureInitService   : CardCuptureInitService: gameStart 開始
2026-08-10T10:01:07.603+09:00  INFO 17344 --- [CardCapture-back] [http-nio-8080-exec-2] j.c.e.c.service.CardCuptureInitService   : CardCuptureInitService: gameStart: EnemyArea枚数:4
2026-08-10T10:01:07.603+09:00  INFO 17344 --- [CardCapture-back] [http-nio-8080-exec-2] j.c.e.c.service.CardCuptureInitService   : CardCuptureInitService: gameStart: playerHands枚数:4
2026-08-10T10:01:07.604+09:00  INFO 17344 --- [CardCapture-back] [http-nio-8080-exec-2] j.c.e.c.service.CardCuptureInitService   : CardCuptureInitService: gameStart 終了
2026-08-10T10:01:07.605+09:00  INFO 17344 --- [CardCapture-back] [http-nio-8080-exec-2] j.c.e.c.service.CardCupturePlayService   : CardCupturePlayService: enemyPhase; 開始
2026-08-10T10:01:07.606+09:00  INFO 17344 --- [CardCapture-back] [http-nio-8080-exec-2] j.c.e.c.service.CardCupturePlayService   : CardCupturePlayService: enemyPhase; EnemyDeck:36
2026-08-10T10:01:07.606+09:00  INFO 17344 --- [CardCapture-back] [http-nio-8080-exec-2] j.c.e.c.service.CardCupturePlayService   : CardCupturePlayService: enemyPhase; 盤面操作後 enemyArea:0
2026-08-10T10:01:07.607+09:00  INFO 17344 --- [CardCapture-back] [http-nio-8080-exec-2] j.c.e.c.service.CardCupturePlayService   : CardCupturePlayService: enemyPhase; 補充後 EnemyDeck:35
2026-08-10T10:01:07.607+09:00  INFO 17344 --- [CardCapture-back] [http-nio-8080-exec-2] j.c.e.c.service.CardCupturePlayService   : CardCupturePlayService: enemyPhase; 補充後 enemyArea:1
2026-08-10T10:01:07.607+09:00  INFO 17344 --- [CardCapture-back] [http-nio-8080-exec-2] j.c.e.c.service.CardCupturePlayService   : CardCupturePlayService: enemyPhase; 終了
2026-08-10T10:01:07.611+09:00  INFO 17344 --- [CardCapture-back] [http-nio-8080-exec-2] j.c.e.c.service.CardCupturePlayService   : CardCupturePlayService: disCardAndDrowPhase; ディスカード後Pカード枚数:0610
2026-08-10T10:01:07.611+09:00  INFO 17344 --- [CardCapture-back] [http-nio-8080-exec-2] j.c.e.c.service.CardCupturePlayService   : CardCupturePlayService: disCardAndDrowPhase; ディスカード後playerHands:0
2026-08-10T10:01:07.611+09:00  INFO 17344 --- [CardCapture-back] [http-nio-8080-exec-2] j.c.e.c.service.CardCupturePlayService   : CardCupturePlayService: disCardAndDrowPhase; 選択カード0
2026-08-10T10:02:34.140+09:00  INFO 17344 --- [CardCapture-back] [File Watcher] rtingClassPathChangeChangedEventListener : Restarting due to 21 class path changes (0 additions, 0 deletions, 21 modifications)
2026-08-10T10:02:34.142+09:00  INFO 17344 --- [CardCapture-back] [Thread-13] o.s.boot.tomcat.GracefulShutdown         : Commencing graceful shutdown. Waiting for active requests to complete
2026-08-10T10:02:34.149+09:00  INFO 17344 --- [CardCapture-back] [tomcat-shutdown] o.s.boot.tomcat.GracefulShutdown         : Graceful shutdown complete
2026-08-10T10:02:34.254+09:00  INFO 17344 --- [CardCapture-back] [restartedMain] j.c.e.c.CardCaptureBackApplication       : Starting CardCaptureBackApplication using Java 21.0.9 with PID 17344 (C:\kino-work\SpringBoot\CardCapture-back\bin\main started by NPC-61 in C:\kino-work\SpringBoot\CardCapture-back)
2026-08-10T10:02:34.255+09:00  INFO 17344 --- [CardCapture-back] [restartedMain] j.c.e.c.CardCaptureBackApplication       : No active profile set, falling back to 1 default profile: "default"
2026-08-10T10:02:34.561+09:00  INFO 17344 --- [CardCapture-back] [restartedMain] o.s.boot.tomcat.TomcatWebServer          : Tomcat initialized with port 8080 (http)
2026-08-10T10:02:34.562+09:00  INFO 17344 --- [CardCapture-back] [restartedMain] o.apache.catalina.core.StandardService   : Starting service [Tomcat]
2026-08-10T10:02:34.562+09:00  INFO 17344 --- [CardCapture-back] [restartedMain] o.apache.catalina.core.StandardEngine    : Starting Servlet engine: [Apache Tomcat/11.0.22]
2026-08-10T10:02:34.578+09:00  INFO 17344 --- [CardCapture-back] [restartedMain] b.w.c.s.WebApplicationContextInitializer : Root WebApplicationContext: initialization completed in 319 ms
2026-08-10T10:02:34.925+09:00  INFO 17344 --- [CardCapture-back] [restartedMain] j.c.e.c.service.GlobalStateService       : createDeck; 開始
2026-08-10T10:02:34.928+09:00  INFO 17344 --- [CardCapture-back] [restartedMain] j.c.e.c.service.GlobalStateService       : createDeck; 終了
2026-08-10T10:02:34.980+09:00  INFO 17344 --- [CardCapture-back] [restartedMain] o.s.v.b.OptionalValidatorFactoryBean     : Failed to set up a Bean Validation provider: jakarta.validation.NoProviderFoundException: Unable to create a Configuration, because no Jakarta Validation provider could be found. Add a provider like Hibernate Validator (RI) to your classpath.
2026-08-10T10:02:35.063+09:00  INFO 17344 --- [CardCapture-back] [restartedMain] o.s.boot.tomcat.TomcatWebServer          : Tomcat started on port 8080 (http) with context path '/'
2026-08-10T10:02:35.068+09:00  INFO 17344 --- [CardCapture-back] [restartedMain] j.c.e.c.CardCaptureBackApplication       : Started CardCaptureBackApplication in 0.859 seconds (process running for 2056.07)
2026-08-10T10:02:35.072+09:00  INFO 17344 --- [CardCapture-back] [restartedMain] .ConditionEvaluationDeltaLoggingListener : Condition evaluation unchanged
2026-08-10T10:04:11.028+09:00  INFO 17344 --- [CardCapture-back] [http-nio-8080-exec-1] o.a.c.c.C.[Tomcat].[localhost].[/]       : Initializing Spring DispatcherServlet 'dispatcherServlet'
2026-08-10T10:04:11.028+09:00  INFO 17344 --- [CardCapture-back] [http-nio-8080-exec-1] o.s.web.servlet.DispatcherServlet        : Initializing Servlet 'dispatcherServlet'
2026-08-10T10:04:11.031+09:00  INFO 17344 --- [CardCapture-back] [http-nio-8080-exec-1] o.s.web.servlet.DispatcherServlet        : Completed initialization in 3 ms
2026-08-10T10:04:11.034+09:00  INFO 17344 --- [CardCapture-back] [http-nio-8080-exec-1] j.c.e.c.service.CardCuptureInitService   : CardCuptureInitService: init 開始
2026-08-10T10:04:11.114+09:00  INFO 17344 --- [CardCapture-back] [http-nio-8080-exec-1] j.c.e.c.service.CardCuptureInitService   : CardCuptureInitService; init 終了
2026-08-10T10:04:11.114+09:00  INFO 17344 --- [CardCapture-back] [http-nio-8080-exec-1] j.c.e.c.service.CardCuptureInitService   : CardCuptureInitService: gameStart 開始
2026-08-10T10:04:11.116+09:00  INFO 17344 --- [CardCapture-back] [http-nio-8080-exec-1] j.c.e.c.service.CardCuptureInitService   : CardCuptureInitService: gameStart: EnemyArea枚数:4
2026-08-10T10:04:11.116+09:00  INFO 17344 --- [CardCapture-back] [http-nio-8080-exec-1] j.c.e.c.service.CardCuptureInitService   : CardCuptureInitService: gameStart: playerHands枚数:4
2026-08-10T10:04:11.118+09:00  INFO 17344 --- [CardCapture-back] [http-nio-8080-exec-1] j.c.e.c.service.CardCuptureInitService   : CardCuptureInitService: gameStart 終了
2026-08-10T10:04:11.120+09:00  INFO 17344 --- [CardCapture-back] [http-nio-8080-exec-1] j.c.e.c.service.CardCupturePlayService   : CardCupturePlayService: enemyPhase; 開始
2026-08-10T10:04:11.121+09:00  INFO 17344 --- [CardCapture-back] [http-nio-8080-exec-1] j.c.e.c.service.CardCupturePlayService   : CardCupturePlayService: enemyPhase; EnemyDeck:36
2026-08-10T10:04:11.121+09:00  INFO 17344 --- [CardCapture-back] [http-nio-8080-exec-1] j.c.e.c.service.CardCupturePlayService   : CardCupturePlayService: enemyPhase; 盤面操作後 enemyArea:0
2026-08-10T10:04:11.121+09:00  INFO 17344 --- [CardCapture-back] [http-nio-8080-exec-1] j.c.e.c.service.CardCupturePlayService   : CardCupturePlayService: enemyPhase; 盤面操作後 EnemyDeck:36
2026-08-10T10:04:11.122+09:00  INFO 17344 --- [CardCapture-back] [http-nio-8080-exec-1] j.c.e.c.service.CardCupturePlayService   : CardCupturePlayService: enemyPhase; 補充後 EnemyDeck:35
2026-08-10T10:04:11.122+09:00  INFO 17344 --- [CardCapture-back] [http-nio-8080-exec-1] j.c.e.c.service.CardCupturePlayService   : CardCupturePlayService: enemyPhase; 補充後 enemyArea:1
2026-08-10T10:04:11.122+09:00  INFO 17344 --- [CardCapture-back] [http-nio-8080-exec-1] j.c.e.c.service.CardCupturePlayService   : CardCupturePlayService: enemyPhase; 終了
2026-08-10T10:04:11.123+09:00  INFO 17344 --- [CardCapture-back] [http-nio-8080-exec-1] j.c.e.c.service.CardCupturePlayService   : CardCupturePlayService: disCardAndDrowPhase; ディスカード後Pカード枚数:16
2026-08-10T10:04:11.124+09:00  INFO 17344 --- [CardCapture-back] [http-nio-8080-exec-1] j.c.e.c.service.CardCupturePlayService   : CardCupturePlayService: disCardAndDrowPhase; ディスカード後playerHands:0
2026-08-10T10:04:11.124+09:00  INFO 17344 --- [CardCapture-back] [http-nio-8080-exec-1] j.c.e.c.service.CardCupturePlayService   : CardCupturePlayService: disCardAndDrowPhase; 選択カード0
2026-08-10T10:07:53.355+09:00  INFO 17344 --- [CardCapture-back] [File Watcher] rtingClassPathChangeChangedEventListener : Restarting due to 21 class path changes (0 additions, 0 deletions, 21 modifications)
2026-08-10T10:07:53.357+09:00  INFO 17344 --- [CardCapture-back] [Thread-17] o.s.boot.tomcat.GracefulShutdown         : Commencing graceful shutdown. Waiting for active requests to complete
2026-08-10T10:07:53.364+09:00  INFO 17344 --- [CardCapture-back] [tomcat-shutdown] o.s.boot.tomcat.GracefulShutdown         : Graceful shutdown complete
2026-08-10T10:07:53.471+09:00  INFO 17344 --- [CardCapture-back] [restartedMain] j.c.e.c.CardCaptureBackApplication       : Starting CardCaptureBackApplication using Java 21.0.9 with PID 17344 (C:\kino-work\SpringBoot\CardCapture-back\bin\main started by NPC-61 in C:\kino-work\SpringBoot\CardCapture-back)
2026-08-10T10:07:53.472+09:00  INFO 17344 --- [CardCapture-back] [restartedMain] j.c.e.c.CardCaptureBackApplication       : No active profile set, falling back to 1 default profile: "default"
2026-08-10T10:07:53.773+09:00  INFO 17344 --- [CardCapture-back] [restartedMain] o.s.boot.tomcat.TomcatWebServer          : Tomcat initialized with port 8080 (http)
2026-08-10T10:07:53.774+09:00  INFO 17344 --- [CardCapture-back] [restartedMain] o.apache.catalina.core.StandardService   : Starting service [Tomcat]
2026-08-10T10:07:53.774+09:00  INFO 17344 --- [CardCapture-back] [restartedMain] o.apache.catalina.core.StandardEngine    : Starting Servlet engine: [Apache Tomcat/11.0.22]
2026-08-10T10:07:53.790+09:00  INFO 17344 --- [CardCapture-back] [restartedMain] b.w.c.s.WebApplicationContextInitializer : Root WebApplicationContext: initialization completed in 315 ms
2026-08-10T10:07:53.844+09:00  INFO 17344 --- [CardCapture-back] [restartedMain] j.c.e.c.service.GlobalStateService       : createDeck; 開始
2026-08-10T10:07:53.846+09:00  INFO 17344 --- [CardCapture-back] [restartedMain] j.c.e.c.service.GlobalStateService       : createDeck; 終了
2026-08-10T10:07:53.900+09:00  INFO 17344 --- [CardCapture-back] [restartedMain] o.s.v.b.OptionalValidatorFactoryBean     : Failed to set up a Bean Validation provider: jakarta.validation.NoProviderFoundException: Unable to create a Configuration, because no Jakarta Validation provider could be found. Add a provider like Hibernate Validator (RI) to your classpath.
2026-08-10T10:07:53.976+09:00  INFO 17344 --- [CardCapture-back] [restartedMain] o.s.boot.tomcat.TomcatWebServer          : Tomcat started on port 8080 (http) with context path '/'
2026-08-10T10:07:53.981+09:00  INFO 17344 --- [CardCapture-back] [restartedMain] j.c.e.c.CardCaptureBackApplication       : Started CardCaptureBackApplication in 0.557 seconds (process running for 2374.983)
2026-08-10T10:07:53.986+09:00  INFO 17344 --- [CardCapture-back] [restartedMain] .ConditionEvaluationDeltaLoggingListener : Condition evaluation unchanged
2026-08-10T10:08:00.941+09:00  INFO 17344 --- [CardCapture-back] [http-nio-8080-exec-1] o.a.c.c.C.[Tomcat].[localhost].[/]       : Initializing Spring DispatcherServlet 'dispatcherServlet'
2026-08-10T10:08:00.941+09:00  INFO 17344 --- [CardCapture-back] [http-nio-8080-exec-1] o.s.web.servlet.DispatcherServlet        : Initializing Servlet 'dispatcherServlet'
2026-08-10T10:08:00.943+09:00  INFO 17344 --- [CardCapture-back] [http-nio-8080-exec-1] o.s.web.servlet.DispatcherServlet        : Completed initialization in 2 ms
2026-08-10T10:08:00.946+09:00  INFO 17344 --- [CardCapture-back] [http-nio-8080-exec-1] j.c.e.c.service.CardCuptureInitService   : CardCuptureInitService: init 開始
2026-08-10T10:08:01.026+09:00  INFO 17344 --- [CardCapture-back] [http-nio-8080-exec-1] j.c.e.c.service.CardCuptureInitService   : CardCuptureInitService; init 終了
2026-08-10T10:08:01.026+09:00  INFO 17344 --- [CardCapture-back] [http-nio-8080-exec-1] j.c.e.c.service.CardCuptureInitService   : CardCuptureInitService: gameStart 開始
2026-08-10T10:08:01.027+09:00  INFO 17344 --- [CardCapture-back] [http-nio-8080-exec-1] j.c.e.c.service.CardCuptureInitService   : CardCuptureInitService: gameStart: EnemyArea枚数:4
2026-08-10T10:08:01.028+09:00  INFO 17344 --- [CardCapture-back] [http-nio-8080-exec-1] j.c.e.c.service.CardCuptureInitService   : CardCuptureInitService: gameStart: playerHands枚数:4
2026-08-10T10:08:01.028+09:00  INFO 17344 --- [CardCapture-back] [http-nio-8080-exec-1] j.c.e.c.service.CardCuptureInitService   : CardCuptureInitService: gameStart 終了
2026-08-10T10:08:01.029+09:00  INFO 17344 --- [CardCapture-back] [http-nio-8080-exec-1] j.c.e.c.service.CardCupturePlayService   : CardCupturePlayService: enemyPhase; 開始
2026-08-10T10:08:01.030+09:00  INFO 17344 --- [CardCapture-back] [http-nio-8080-exec-1] j.c.e.c.service.CardCupturePlayService   : CardCupturePlayService: enemyPhase; EnemyDeck:36
2026-08-10T10:08:01.030+09:00  INFO 17344 --- [CardCapture-back] [http-nio-8080-exec-1] j.c.e.c.service.CardCupturePlayService   : CardCupturePlayService: enemyPhase; 盤面操作後 enemyArea:0
2026-08-10T10:08:01.031+09:00  INFO 17344 --- [CardCapture-back] [http-nio-8080-exec-1] j.c.e.c.service.CardCupturePlayService   : CardCupturePlayService: enemyPhase; 盤面操作後 EnemyDeck:36
2026-08-10T10:08:01.031+09:00  INFO 17344 --- [CardCapture-back] [http-nio-8080-exec-1] j.c.e.c.service.CardCupturePlayService   : CardCupturePlayService: enemyPhase; 補充後 EnemyDeck:35
2026-08-10T10:08:01.031+09:00  INFO 17344 --- [CardCapture-back] [http-nio-8080-exec-1] j.c.e.c.service.CardCupturePlayService   : CardCupturePlayService: enemyPhase; 補充後 enemyArea:1
2026-08-10T10:08:01.031+09:00  INFO 17344 --- [CardCapture-back] [http-nio-8080-exec-1] j.c.e.c.service.CardCupturePlayService   : CardCupturePlayService: enemyPhase; 終了
2026-08-10T10:08:01.031+09:00  INFO 17344 --- [CardCapture-back] [http-nio-8080-exec-1] j.c.e.c.service.CardCupturePlayService   : CardCupturePlayService: disCardAndDrowPhase; ディスカード後Pカード枚数:16
2026-08-10T10:08:01.031+09:00  INFO 17344 --- [CardCapture-back] [http-nio-8080-exec-1] j.c.e.c.service.CardCupturePlayService   : CardCupturePlayService: disCardAndDrowPhase; ディスカード後playerHands:0
2026-08-10T10:08:01.032+09:00  INFO 17344 --- [CardCapture-back] [http-nio-8080-exec-1] j.c.e.c.service.CardCupturePlayService   : CardCupturePlayService: disCardAndDrowPhase; 選択カード0
2026-08-10T10:08:55.898+09:00  INFO 17344 --- [CardCapture-back] [File Watcher] rtingClassPathChangeChangedEventListener : Restarting due to 21 class path changes (0 additions, 0 deletions, 21 modifications)
2026-08-10T10:08:55.900+09:00  INFO 17344 --- [CardCapture-back] [Thread-21] o.s.boot.tomcat.GracefulShutdown         : Commencing graceful shutdown. Waiting for active requests to complete
2026-08-10T10:08:55.907+09:00  INFO 17344 --- [CardCapture-back] [tomcat-shutdown] o.s.boot.tomcat.GracefulShutdown         : Graceful shutdown complete
2026-08-10T10:08:56.001+09:00  INFO 17344 --- [CardCapture-back] [restartedMain] j.c.e.c.CardCaptureBackApplication       : Starting CardCaptureBackApplication using Java 21.0.9 with PID 17344 (C:\kino-work\SpringBoot\CardCapture-back\bin\main started by NPC-61 in C:\kino-work\SpringBoot\CardCapture-back)
2026-08-10T10:08:56.002+09:00  INFO 17344 --- [CardCapture-back] [restartedMain] j.c.e.c.CardCaptureBackApplication       : No active profile set, falling back to 1 default profile: "default"
2026-08-10T10:08:56.275+09:00  INFO 17344 --- [CardCapture-back] [restartedMain] o.s.boot.tomcat.TomcatWebServer          : Tomcat initialized with port 8080 (http)
2026-08-10T10:08:56.276+09:00  INFO 17344 --- [CardCapture-back] [restartedMain] o.apache.catalina.core.StandardService   : Starting service [Tomcat]
2026-08-10T10:08:56.277+09:00  INFO 17344 --- [CardCapture-back] [restartedMain] o.apache.catalina.core.StandardEngine    : Starting Servlet engine: [Apache Tomcat/11.0.22]
2026-08-10T10:08:56.291+09:00  INFO 17344 --- [CardCapture-back] [restartedMain] b.w.c.s.WebApplicationContextInitializer : Root WebApplicationContext: initialization completed in 286 ms
2026-08-10T10:08:56.342+09:00  INFO 17344 --- [CardCapture-back] [restartedMain] j.c.e.c.service.GlobalStateService       : createDeck; 開始
2026-08-10T10:08:56.344+09:00  INFO 17344 --- [CardCapture-back] [restartedMain] j.c.e.c.service.GlobalStateService       : createDeck; 終了
2026-08-10T10:08:56.395+09:00  INFO 17344 --- [CardCapture-back] [restartedMain] o.s.v.b.OptionalValidatorFactoryBean     : Failed to set up a Bean Validation provider: jakarta.validation.NoProviderFoundException: Unable to create a Configuration, because no Jakarta Validation provider could be found. Add a provider like Hibernate Validator (RI) to your classpath.
2026-08-10T10:08:56.476+09:00  INFO 17344 --- [CardCapture-back] [restartedMain] o.s.boot.tomcat.TomcatWebServer          : Tomcat started on port 8080 (http) with context path '/'
2026-08-10T10:08:56.482+09:00  INFO 17344 --- [CardCapture-back] [restartedMain] j.c.e.c.CardCaptureBackApplication       : Started CardCaptureBackApplication in 0.522 seconds (process running for 2437.484)
2026-08-10T10:08:56.486+09:00  INFO 17344 --- [CardCapture-back] [restartedMain] .ConditionEvaluationDeltaLoggingListener : Condition evaluation unchanged
2026-08-10T10:09:00.320+09:00  INFO 17344 --- [CardCapture-back] [http-nio-8080-exec-1] o.a.c.c.C.[Tomcat].[localhost].[/]       : Initializing Spring DispatcherServlet 'dispatcherServlet'
2026-08-10T10:09:00.320+09:00  INFO 17344 --- [CardCapture-back] [http-nio-8080-exec-1] o.s.web.servlet.DispatcherServlet        : Initializing Servlet 'dispatcherServlet'
2026-08-10T10:09:00.322+09:00  INFO 17344 --- [CardCapture-back] [http-nio-8080-exec-1] o.s.web.servlet.DispatcherServlet        : Completed initialization in 2 ms
2026-08-10T10:09:00.324+09:00  INFO 17344 --- [CardCapture-back] [http-nio-8080-exec-1] j.c.e.c.service.CardCuptureInitService   : CardCuptureInitService: init 開始
2026-08-10T10:09:00.397+09:00  INFO 17344 --- [CardCapture-back] [http-nio-8080-exec-1] j.c.e.c.service.CardCuptureInitService   : CardCuptureInitService; init 終了
2026-08-10T10:09:00.397+09:00  INFO 17344 --- [CardCapture-back] [http-nio-8080-exec-1] j.c.e.c.service.CardCuptureInitService   : CardCuptureInitService: gameStart 開始
2026-08-10T10:09:00.398+09:00  INFO 17344 --- [CardCapture-back] [http-nio-8080-exec-1] j.c.e.c.service.CardCuptureInitService   : CardCuptureInitService: gameStart: EnemyArea枚数:4
2026-08-10T10:09:00.398+09:00  INFO 17344 --- [CardCapture-back] [http-nio-8080-exec-1] j.c.e.c.service.CardCuptureInitService   : CardCuptureInitService: gameStart: playerHands枚数:4
2026-08-10T10:09:00.399+09:00  INFO 17344 --- [CardCapture-back] [http-nio-8080-exec-1] j.c.e.c.service.CardCuptureInitService   : CardCuptureInitService: gameStart 終了
2026-08-10T10:09:00.401+09:00  INFO 17344 --- [CardCapture-back] [http-nio-8080-exec-1] j.c.e.c.service.CardCupturePlayService   : CardCupturePlayService: enemyPhase; 開始
2026-08-10T10:09:00.401+09:00  INFO 17344 --- [CardCapture-back] [http-nio-8080-exec-1] j.c.e.c.service.CardCupturePlayService   : CardCupturePlayService: enemyPhase; EnemyDeck:36
2026-08-10T10:09:00.402+09:00  INFO 17344 --- [CardCapture-back] [http-nio-8080-exec-1] j.c.e.c.service.CardCupturePlayService   : CardCupturePlayService: enemyPhase; 盤面操作後 enemyArea:0
2026-08-10T10:09:00.402+09:00  INFO 17344 --- [CardCapture-back] [http-nio-8080-exec-1] j.c.e.c.service.CardCupturePlayService   : CardCupturePlayService: enemyPhase; 盤面操作後 EnemyDeck:36
2026-08-10T10:09:00.402+09:00  INFO 17344 --- [CardCapture-back] [http-nio-8080-exec-1] j.c.e.c.service.CardCupturePlayService   : CardCupturePlayService: enemyPhase; 補充後 EnemyDeck:36
2026-08-10T10:09:00.402+09:00  INFO 17344 --- [CardCapture-back] [http-nio-8080-exec-1] j.c.e.c.service.CardCupturePlayService   : CardCupturePlayService: enemyPhase; 補充後 enemyArea:0
2026-08-10T10:09:00.402+09:00  INFO 17344 --- [CardCapture-back] [http-nio-8080-exec-1] j.c.e.c.service.CardCupturePlayService   : CardCupturePlayService: enemyPhase; 終了
2026-08-10T10:09:00.402+09:00  INFO 17344 --- [CardCapture-back] [http-nio-8080-exec-1] j.c.e.c.service.CardCupturePlayService   : CardCupturePlayService: disCardAndDrowPhase; ディスカード後Pカード枚数:16
2026-08-10T10:09:00.403+09:00  INFO 17344 --- [CardCapture-back] [http-nio-8080-exec-1] j.c.e.c.service.CardCupturePlayService   : CardCupturePlayService: disCardAndDrowPhase; ディスカード後playerHands:0
2026-08-10T10:09:00.403+09:00  INFO 17344 --- [CardCapture-back] [http-nio-8080-exec-1] j.c.e.c.service.CardCupturePlayService   : CardCupturePlayService: disCardAndDrowPhase; 選択カード0
2026-08-10T10:09:42.746+09:00  INFO 17344 --- [CardCapture-back] [File Watcher] rtingClassPathChangeChangedEventListener : Restarting due to 21 class path changes (0 additions, 0 deletions, 21 modifications)
2026-08-10T10:09:42.748+09:00  INFO 17344 --- [CardCapture-back] [Thread-25] o.s.boot.tomcat.GracefulShutdown         : Commencing graceful shutdown. Waiting for active requests to complete
2026-08-10T10:09:42.756+09:00  INFO 17344 --- [CardCapture-back] [tomcat-shutdown] o.s.boot.tomcat.GracefulShutdown         : Graceful shutdown complete
2026-08-10T10:09:42.853+09:00  INFO 17344 --- [CardCapture-back] [restartedMain] j.c.e.c.CardCaptureBackApplication       : Starting CardCaptureBackApplication using Java 21.0.9 with PID 17344 (C:\kino-work\SpringBoot\CardCapture-back\bin\main started by NPC-61 in C:\kino-work\SpringBoot\CardCapture-back)
2026-08-10T10:09:42.853+09:00  INFO 17344 --- [CardCapture-back] [restartedMain] j.c.e.c.CardCaptureBackApplication       : No active profile set, falling back to 1 default profile: "default"
2026-08-10T10:09:43.112+09:00  INFO 17344 --- [CardCapture-back] [restartedMain] o.s.boot.tomcat.TomcatWebServer          : Tomcat initialized with port 8080 (http)
2026-08-10T10:09:43.113+09:00  INFO 17344 --- [CardCapture-back] [restartedMain] o.apache.catalina.core.StandardService   : Starting service [Tomcat]
2026-08-10T10:09:43.113+09:00  INFO 17344 --- [CardCapture-back] [restartedMain] o.apache.catalina.core.StandardEngine    : Starting Servlet engine: [Apache Tomcat/11.0.22]
2026-08-10T10:09:43.128+09:00  INFO 17344 --- [CardCapture-back] [restartedMain] b.w.c.s.WebApplicationContextInitializer : Root WebApplicationContext: initialization completed in 271 ms
2026-08-10T10:09:43.181+09:00  INFO 17344 --- [CardCapture-back] [restartedMain] j.c.e.c.service.GlobalStateService       : createDeck; 開始
2026-08-10T10:09:43.183+09:00  INFO 17344 --- [CardCapture-back] [restartedMain] j.c.e.c.service.GlobalStateService       : createDeck; 終了
2026-08-10T10:09:43.232+09:00  INFO 17344 --- [CardCapture-back] [restartedMain] o.s.v.b.OptionalValidatorFactoryBean     : Failed to set up a Bean Validation provider: jakarta.validation.NoProviderFoundException: Unable to create a Configuration, because no Jakarta Validation provider could be found. Add a provider like Hibernate Validator (RI) to your classpath.
2026-08-10T10:09:43.305+09:00  INFO 17344 --- [CardCapture-back] [restartedMain] o.s.boot.tomcat.TomcatWebServer          : Tomcat started on port 8080 (http) with context path '/'
2026-08-10T10:09:43.309+09:00  INFO 17344 --- [CardCapture-back] [restartedMain] j.c.e.c.CardCaptureBackApplication       : Started CardCaptureBackApplication in 0.498 seconds (process running for 2484.311)
2026-08-10T10:09:43.313+09:00  INFO 17344 --- [CardCapture-back] [restartedMain] .ConditionEvaluationDeltaLoggingListener : Condition evaluation unchanged
2026-08-10T10:11:29.833+09:00  INFO 17344 --- [CardCapture-back] [http-nio-8080-exec-1] o.a.c.c.C.[Tomcat].[localhost].[/]       : Initializing Spring DispatcherServlet 'dispatcherServlet'
2026-08-10T10:11:29.833+09:00  INFO 17344 --- [CardCapture-back] [http-nio-8080-exec-1] o.s.web.servlet.DispatcherServlet        : Initializing Servlet 'dispatcherServlet'
2026-08-10T10:11:29.835+09:00  INFO 17344 --- [CardCapture-back] [http-nio-8080-exec-1] o.s.web.servlet.DispatcherServlet        : Completed initialization in 2 ms
2026-08-10T10:11:29.838+09:00  INFO 17344 --- [CardCapture-back] [http-nio-8080-exec-1] j.c.e.c.service.CardCuptureInitService   : CardCuptureInitService: init 開始
2026-08-10T10:11:29.926+09:00  INFO 17344 --- [CardCapture-back] [http-nio-8080-exec-1] j.c.e.c.service.CardCuptureInitService   : CardCuptureInitService; init 終了
2026-08-10T10:11:29.926+09:00  INFO 17344 --- [CardCapture-back] [http-nio-8080-exec-1] j.c.e.c.service.CardCuptureInitService   : CardCuptureInitService: gameStart 開始
2026-08-10T10:11:29.927+09:00  INFO 17344 --- [CardCapture-back] [http-nio-8080-exec-1] j.c.e.c.service.CardCuptureInitService   : CardCuptureInitService: gameStart: EnemyArea枚数:4
2026-08-10T10:11:29.927+09:00  INFO 17344 --- [CardCapture-back] [http-nio-8080-exec-1] j.c.e.c.service.CardCuptureInitService   : CardCuptureInitService: gameStart: playerHands枚数:4
2026-08-10T10:11:29.927+09:00  INFO 17344 --- [CardCapture-back] [http-nio-8080-exec-1] j.c.e.c.service.CardCuptureInitService   : CardCuptureInitService: gameStart 終了
2026-08-10T10:11:29.931+09:00  INFO 17344 --- [CardCapture-back] [http-nio-8080-exec-1] j.c.e.c.service.CardCupturePlayService   : CardCupturePlayService: enemyPhase; 開始
2026-08-10T10:11:29.932+09:00  INFO 17344 --- [CardCapture-back] [http-nio-8080-exec-1] j.c.e.c.service.CardCupturePlayService   : CardCupturePlayService: enemyPhase; EnemyDeck:36
2026-08-10T10:11:29.932+09:00  INFO 17344 --- [CardCapture-back] [http-nio-8080-exec-1] j.c.e.c.service.CardCupturePlayService   : CardCupturePlayService: enemyPhase; 盤面操作後 EnemyDeck:36
2026-08-10T10:11:29.932+09:00  INFO 17344 --- [CardCapture-back] [http-nio-8080-exec-1] j.c.e.c.service.CardCupturePlayService   : CardCupturePlayService: enemyPhase; 盤面操作後 enemyArea:0
2026-08-10T10:11:29.932+09:00  INFO 17344 --- [CardCapture-back] [http-nio-8080-exec-1] j.c.e.c.service.CardCupturePlayService   : CardCupturePlayService: enemyPhase; 補充後 EnemyDeck:32
2026-08-10T10:11:29.932+09:00  INFO 17344 --- [CardCapture-back] [http-nio-8080-exec-1] j.c.e.c.service.CardCupturePlayService   : CardCupturePlayService: enemyPhase; 補充後 enemyArea:4
2026-08-10T10:11:29.932+09:00  INFO 17344 --- [CardCapture-back] [http-nio-8080-exec-1] j.c.e.c.service.CardCupturePlayService   : CardCupturePlayService: enemyPhase; 終了
2026-08-10T10:11:29.933+09:00  INFO 17344 --- [CardCapture-back] [http-nio-8080-exec-1] j.c.e.c.service.CardCupturePlayService   : CardCupturePlayService: disCardAndDrowPhase; ディスカード後Pカード枚数:16
2026-08-10T10:11:29.933+09:00  INFO 17344 --- [CardCapture-back] [http-nio-8080-exec-1] j.c.e.c.service.CardCupturePlayService   : CardCupturePlayService: disCardAndDrowPhase; ディスカード後playerHands:0
2026-08-10T10:11:29.933+09:00  INFO 17344 --- [CardCapture-back] [http-nio-8080-exec-1] j.c.e.c.service.CardCupturePlayService   : CardCupturePlayService: disCardAndDrowPhase; 選択カード0
2026-08-10T10:13:20.621+09:00  INFO 17344 --- [CardCapture-back] [File Watcher] rtingClassPathChangeChangedEventListener : Restarting due to 21 class path changes (0 additions, 0 deletions, 21 modifications)
2026-08-10T10:13:20.623+09:00  INFO 17344 --- [CardCapture-back] [Thread-29] o.s.boot.tomcat.GracefulShutdown         : Commencing graceful shutdown. Waiting for active requests to complete
2026-08-10T10:13:20.630+09:00  INFO 17344 --- [CardCapture-back] [tomcat-shutdown] o.s.boot.tomcat.GracefulShutdown         : Graceful shutdown complete
2026-08-10T10:13:20.788+09:00  INFO 17344 --- [CardCapture-back] [restartedMain] j.c.e.c.CardCaptureBackApplication       : Starting CardCaptureBackApplication using Java 21.0.9 with PID 17344 (C:\kino-work\SpringBoot\CardCapture-back\bin\main started by NPC-61 in C:\kino-work\SpringBoot\CardCapture-back)
2026-08-10T10:13:20.788+09:00  INFO 17344 --- [CardCapture-back] [restartedMain] j.c.e.c.CardCaptureBackApplication       : No active profile set, falling back to 1 default profile: "default"
2026-08-10T10:13:21.192+09:00  INFO 17344 --- [CardCapture-back] [restartedMain] o.s.boot.tomcat.TomcatWebServer          : Tomcat initialized with port 8080 (http)
2026-08-10T10:13:21.193+09:00  INFO 17344 --- [CardCapture-back] [restartedMain] o.apache.catalina.core.StandardService   : Starting service [Tomcat]
2026-08-10T10:13:21.193+09:00  INFO 17344 --- [CardCapture-back] [restartedMain] o.apache.catalina.core.StandardEngine    : Starting Servlet engine: [Apache Tomcat/11.0.22]
2026-08-10T10:13:21.214+09:00  INFO 17344 --- [CardCapture-back] [restartedMain] b.w.c.s.WebApplicationContextInitializer : Root WebApplicationContext: initialization completed in 421 ms
2026-08-10T10:13:21.271+09:00  INFO 17344 --- [CardCapture-back] [restartedMain] j.c.e.c.service.GlobalStateService       : createDeck; 開始
2026-08-10T10:13:21.273+09:00  INFO 17344 --- [CardCapture-back] [restartedMain] j.c.e.c.service.GlobalStateService       : createDeck; 終了
2026-08-10T10:13:21.333+09:00  INFO 17344 --- [CardCapture-back] [restartedMain] o.s.v.b.OptionalValidatorFactoryBean     : Failed to set up a Bean Validation provider: jakarta.validation.NoProviderFoundException: Unable to create a Configuration, because no Jakarta Validation provider could be found. Add a provider like Hibernate Validator (RI) to your classpath.
2026-08-10T10:13:21.419+09:00  INFO 17344 --- [CardCapture-back] [restartedMain] o.s.boot.tomcat.TomcatWebServer          : Tomcat started on port 8080 (http) with context path '/'
2026-08-10T10:13:21.424+09:00  INFO 17344 --- [CardCapture-back] [restartedMain] j.c.e.c.CardCaptureBackApplication       : Started CardCaptureBackApplication in 0.731 seconds (process running for 2702.426)
2026-08-10T10:13:21.427+09:00  INFO 17344 --- [CardCapture-back] [restartedMain] .ConditionEvaluationDeltaLoggingListener : Condition evaluation unchanged
2026-08-10T10:13:25.110+09:00  INFO 17344 --- [CardCapture-back] [http-nio-8080-exec-3] o.a.c.c.C.[Tomcat].[localhost].[/]       : Initializing Spring DispatcherServlet 'dispatcherServlet'
2026-08-10T10:13:25.111+09:00  INFO 17344 --- [CardCapture-back] [http-nio-8080-exec-3] o.s.web.servlet.DispatcherServlet        : Initializing Servlet 'dispatcherServlet'
2026-08-10T10:13:25.113+09:00  INFO 17344 --- [CardCapture-back] [http-nio-8080-exec-3] o.s.web.servlet.DispatcherServlet        : Completed initialization in 2 ms
2026-08-10T10:13:25.116+09:00  INFO 17344 --- [CardCapture-back] [http-nio-8080-exec-3] j.c.e.c.service.CardCuptureInitService   : CardCuptureInitService: init 開始
2026-08-10T10:13:25.191+09:00  INFO 17344 --- [CardCapture-back] [http-nio-8080-exec-3] j.c.e.c.service.CardCuptureInitService   : CardCuptureInitService; init 終了
2026-08-10T10:13:25.191+09:00  INFO 17344 --- [CardCapture-back] [http-nio-8080-exec-3] j.c.e.c.service.CardCuptureInitService   : CardCuptureInitService: gameStart 開始
2026-08-10T10:13:25.191+09:00  INFO 17344 --- [CardCapture-back] [http-nio-8080-exec-3] j.c.e.c.service.CardCuptureInitService   : CardCuptureInitService: gameStart: EnemyArea枚数:4
2026-08-10T10:13:25.191+09:00  INFO 17344 --- [CardCapture-back] [http-nio-8080-exec-3] j.c.e.c.service.CardCuptureInitService   : CardCuptureInitService: gameStart: playerHands枚数:4
2026-08-10T10:13:25.192+09:00  INFO 17344 --- [CardCapture-back] [http-nio-8080-exec-3] j.c.e.c.service.CardCuptureInitService   : CardCuptureInitService: gameStart 終了
2026-08-10T10:13:25.193+09:00  INFO 17344 --- [CardCapture-back] [http-nio-8080-exec-3] j.c.e.c.service.CardCupturePlayService   : CardCupturePlayService: enemyPhase; 開始
2026-08-10T10:13:25.193+09:00  INFO 17344 --- [CardCapture-back] [http-nio-8080-exec-3] j.c.e.c.service.CardCupturePlayService   : CardCupturePlayService: enemyPhase; EnemyDeck:36
2026-08-10T10:13:25.193+09:00  INFO 17344 --- [CardCapture-back] [http-nio-8080-exec-3] j.c.e.c.service.CardCupturePlayService   : CardCupturePlayService: enemyPhase; 盤面操作後 EnemyDeck:36
2026-08-10T10:13:25.194+09:00  INFO 17344 --- [CardCapture-back] [http-nio-8080-exec-3] j.c.e.c.service.CardCupturePlayService   : CardCupturePlayService: enemyPhase; 盤面操作後 enemyArea:0
2026-08-10T10:13:25.194+09:00  INFO 17344 --- [CardCapture-back] [http-nio-8080-exec-3] j.c.e.c.service.CardCupturePlayService   : CardCupturePlayService: enemyPhase; 補充後 EnemyDeck:32
2026-08-10T10:13:25.194+09:00  INFO 17344 --- [CardCapture-back] [http-nio-8080-exec-3] j.c.e.c.service.CardCupturePlayService   : CardCupturePlayService: enemyPhase; 補充後 enemyArea:4
2026-08-10T10:13:25.194+09:00  INFO 17344 --- [CardCapture-back] [http-nio-8080-exec-3] j.c.e.c.service.CardCupturePlayService   : CardCupturePlayService: enemyPhase; 終了
2026-08-10T10:13:25.194+09:00  INFO 17344 --- [CardCapture-back] [http-nio-8080-exec-3] j.c.e.c.service.CardCupturePlayService   : CardCupturePlayService: disCardAndDrowPhase; ディスカード後Pカード枚数:16
2026-08-10T10:13:25.194+09:00  INFO 17344 --- [CardCapture-back] [http-nio-8080-exec-3] j.c.e.c.service.CardCupturePlayService   : CardCupturePlayService: disCardAndDrowPhase; ディスカード後playerHands:0
2026-08-10T10:13:25.194+09:00  INFO 17344 --- [CardCapture-back] [http-nio-8080-exec-3] j.c.e.c.service.CardCupturePlayService   : CardCupturePlayService: disCardAndDrowPhase; 選択カード0
2026-08-10T10:13:54.206+09:00  INFO 17344 --- [CardCapture-back] [http-nio-8080-exec-4] j.c.e.c.service.CardCuptureInitService   : CardCuptureInitService: init 開始
2026-08-10T10:13:54.275+09:00  INFO 17344 --- [CardCapture-back] [http-nio-8080-exec-4] j.c.e.c.service.CardCuptureInitService   : CardCuptureInitService; init 終了
2026-08-10T10:13:54.275+09:00  INFO 17344 --- [CardCapture-back] [http-nio-8080-exec-4] j.c.e.c.service.CardCuptureInitService   : CardCuptureInitService: gameStart 開始
2026-08-10T10:13:54.276+09:00  INFO 17344 --- [CardCapture-back] [http-nio-8080-exec-4] j.c.e.c.service.CardCuptureInitService   : CardCuptureInitService: gameStart: EnemyArea枚数:4
2026-08-10T10:13:54.276+09:00  INFO 17344 --- [CardCapture-back] [http-nio-8080-exec-4] j.c.e.c.service.CardCuptureInitService   : CardCuptureInitService: gameStart: playerHands枚数:4
2026-08-10T10:13:54.276+09:00  INFO 17344 --- [CardCapture-back] [http-nio-8080-exec-4] j.c.e.c.service.CardCuptureInitService   : CardCuptureInitService: gameStart 終了
2026-08-10T10:13:54.276+09:00  INFO 17344 --- [CardCapture-back] [http-nio-8080-exec-4] j.c.e.c.service.CardCupturePlayService   : CardCupturePlayService: enemyPhase; 開始
2026-08-10T10:13:54.276+09:00  INFO 17344 --- [CardCapture-back] [http-nio-8080-exec-4] j.c.e.c.service.CardCupturePlayService   : CardCupturePlayService: enemyPhase; EnemyDeck:36
2026-08-10T10:13:54.276+09:00  INFO 17344 --- [CardCapture-back] [http-nio-8080-exec-4] j.c.e.c.service.CardCupturePlayService   : CardCupturePlayService: enemyPhase; 盤面操作後 EnemyDeck:36
2026-08-10T10:13:54.276+09:00  INFO 17344 --- [CardCapture-back] [http-nio-8080-exec-4] j.c.e.c.service.CardCupturePlayService   : CardCupturePlayService: enemyPhase; 盤面操作後 enemyArea:0
2026-08-10T10:13:54.276+09:00  INFO 17344 --- [CardCapture-back] [http-nio-8080-exec-4] j.c.e.c.service.CardCupturePlayService   : CardCupturePlayService: enemyPhase; 補充後 EnemyDeck:32
2026-08-10T10:13:54.276+09:00  INFO 17344 --- [CardCapture-back] [http-nio-8080-exec-4] j.c.e.c.service.CardCupturePlayService   : CardCupturePlayService: enemyPhase; 補充後 enemyArea:4
2026-08-10T10:13:54.276+09:00  INFO 17344 --- [CardCapture-back] [http-nio-8080-exec-4] j.c.e.c.service.CardCupturePlayService   : CardCupturePlayService: enemyPhase; 終了
2026-08-10T10:13:54.276+09:00  INFO 17344 --- [CardCapture-back] [http-nio-8080-exec-4] j.c.e.c.service.CardCupturePlayService   : CardCupturePlayService: disCardAndDrowPhase; ディスカード後Pカード枚数:16
2026-08-10T10:13:54.276+09:00  INFO 17344 --- [CardCapture-back] [http-nio-8080-exec-4] j.c.e.c.service.CardCupturePlayService   : CardCupturePlayService: disCardAndDrowPhase; ディスカード後playerHands:0
2026-08-10T10:13:54.276+09:00  INFO 17344 --- [CardCapture-back] [http-nio-8080-exec-4] j.c.e.c.service.CardCupturePlayService   : CardCupturePlayService: disCardAndDrowPhase; 選択カード0
2026-08-10T10:14:00.538+09:00  INFO 17344 --- [CardCapture-back] [File Watcher] rtingClassPathChangeChangedEventListener : Restarting due to 21 class path changes (0 additions, 0 deletions, 21 modifications)
2026-08-10T10:14:00.539+09:00  INFO 17344 --- [CardCapture-back] [Thread-33] o.s.boot.tomcat.GracefulShutdown         : Commencing graceful shutdown. Waiting for active requests to complete
2026-08-10T10:14:00.548+09:00  INFO 17344 --- [CardCapture-back] [tomcat-shutdown] o.s.boot.tomcat.GracefulShutdown         : Graceful shutdown complete
2026-08-10T10:14:00.646+09:00  INFO 17344 --- [CardCapture-back] [restartedMain] j.c.e.c.CardCaptureBackApplication       : Starting CardCaptureBackApplication using Java 21.0.9 with PID 17344 (C:\kino-work\SpringBoot\CardCapture-back\bin\main started by NPC-61 in C:\kino-work\SpringBoot\CardCapture-back)
2026-08-10T10:14:00.647+09:00  INFO 17344 --- [CardCapture-back] [restartedMain] j.c.e.c.CardCaptureBackApplication       : No active profile set, falling back to 1 default profile: "default"
2026-08-10T10:14:00.924+09:00  INFO 17344 --- [CardCapture-back] [restartedMain] o.s.boot.tomcat.TomcatWebServer          : Tomcat initialized with port 8080 (http)
2026-08-10T10:14:00.926+09:00  INFO 17344 --- [CardCapture-back] [restartedMain] o.apache.catalina.core.StandardService   : Starting service [Tomcat]
2026-08-10T10:14:00.926+09:00  INFO 17344 --- [CardCapture-back] [restartedMain] o.apache.catalina.core.StandardEngine    : Starting Servlet engine: [Apache Tomcat/11.0.22]
2026-08-10T10:14:00.941+09:00  INFO 17344 --- [CardCapture-back] [restartedMain] b.w.c.s.WebApplicationContextInitializer : Root WebApplicationContext: initialization completed in 291 ms
2026-08-10T10:14:00.988+09:00  INFO 17344 --- [CardCapture-back] [restartedMain] j.c.e.c.service.GlobalStateService       : createDeck; 開始
2026-08-10T10:14:00.989+09:00  INFO 17344 --- [CardCapture-back] [restartedMain] j.c.e.c.service.GlobalStateService       : createDeck; 終了
2026-08-10T10:14:01.046+09:00  INFO 17344 --- [CardCapture-back] [restartedMain] o.s.v.b.OptionalValidatorFactoryBean     : Failed to set up a Bean Validation provider: jakarta.validation.NoProviderFoundException: Unable to create a Configuration, because no Jakarta Validation provider could be found. Add a provider like Hibernate Validator (RI) to your classpath.
2026-08-10T10:14:01.123+09:00  INFO 17344 --- [CardCapture-back] [restartedMain] o.s.boot.tomcat.TomcatWebServer          : Tomcat started on port 8080 (http) with context path '/'
2026-08-10T10:14:01.128+09:00  INFO 17344 --- [CardCapture-back] [restartedMain] j.c.e.c.CardCaptureBackApplication       : Started CardCaptureBackApplication in 0.522 seconds (process running for 2742.13)
2026-08-10T10:14:01.130+09:00  INFO 17344 --- [CardCapture-back] [restartedMain] .ConditionEvaluationDeltaLoggingListener : Condition evaluation unchanged
2026-08-10T11:21:38.275+09:00  INFO 17344 --- [CardCapture-back] [RMI TCP Connection(168)-127.0.0.1] inMXBeanRegistrar$SpringApplicationAdmin : Application shutdown requested.
2026-08-10T11:21:38.416+09:00  INFO 17344 --- [CardCapture-back] [RMI TCP Connection(168)-127.0.0.1] o.s.boot.tomcat.GracefulShutdown         : Commencing graceful shutdown. Waiting for active requests to complete
2026-08-10T11:21:38.455+09:00  INFO 17344 --- [CardCapture-back] [tomcat-shutdown] o.s.boot.tomcat.GracefulShutdown         : Graceful shutdown complete
2026-08-10T13:43:50.312+09:00  INFO 19852 --- [CardCapture-back] [restartedMain] j.c.e.c.CardCaptureBackApplication       : Starting CardCaptureBackApplication using Java 21.0.9 with PID 19852 (C:\kino-work\SpringBoot\CardCapture-back\bin\main started by NPC-61 in C:\kino-work\SpringBoot\CardCapture-back)
2026-08-10T13:43:50.319+09:00  INFO 19852 --- [CardCapture-back] [restartedMain] j.c.e.c.CardCaptureBackApplication       : No active profile set, falling back to 1 default profile: "default"
2026-08-10T13:43:50.390+09:00  INFO 19852 --- [CardCapture-back] [restartedMain] .e.DevToolsPropertyDefaultsPostProcessor : Devtools property defaults active! Set 'spring.devtools.add-properties' to 'false' to disable
2026-08-10T13:43:50.390+09:00  INFO 19852 --- [CardCapture-back] [restartedMain] .e.DevToolsPropertyDefaultsPostProcessor : For additional web related logging consider setting the 'logging.level.web' property to 'DEBUG'
2026-08-10T13:43:51.846+09:00  INFO 19852 --- [CardCapture-back] [restartedMain] o.s.boot.tomcat.TomcatWebServer          : Tomcat initialized with port 8080 (http)
2026-08-10T13:43:51.874+09:00  INFO 19852 --- [CardCapture-back] [restartedMain] o.apache.catalina.core.StandardService   : Starting service [Tomcat]
2026-08-10T13:43:51.874+09:00  INFO 19852 --- [CardCapture-back] [restartedMain] o.apache.catalina.core.StandardEngine    : Starting Servlet engine: [Apache Tomcat/11.0.22]
2026-08-10T13:43:51.955+09:00  INFO 19852 --- [CardCapture-back] [restartedMain] b.w.c.s.WebApplicationContextInitializer : Root WebApplicationContext: initialization completed in 1564 ms
2026-08-10T13:43:52.126+09:00  INFO 19852 --- [CardCapture-back] [restartedMain] j.c.e.c.service.GlobalStateService       : createDeck; 開始
2026-08-10T13:43:52.129+09:00  INFO 19852 --- [CardCapture-back] [restartedMain] j.c.e.c.service.GlobalStateService       : createDeck; 終了
2026-08-10T13:43:52.324+09:00  INFO 19852 --- [CardCapture-back] [restartedMain] o.s.v.b.OptionalValidatorFactoryBean     : Failed to set up a Bean Validation provider: jakarta.validation.NoProviderFoundException: Unable to create a Configuration, because no Jakarta Validation provider could be found. Add a provider like Hibernate Validator (RI) to your classpath.
2026-08-10T13:43:52.851+09:00  INFO 19852 --- [CardCapture-back] [restartedMain] o.s.boot.tomcat.TomcatWebServer          : Tomcat started on port 8080 (http) with context path '/'
2026-08-10T13:43:52.862+09:00  INFO 19852 --- [CardCapture-back] [restartedMain] j.c.e.c.CardCaptureBackApplication       : Started CardCaptureBackApplication in 3.273 seconds (process running for 11.357)
2026-08-10T13:43:58.761+09:00  INFO 19852 --- [CardCapture-back] [http-nio-8080-exec-1] o.a.c.c.C.[Tomcat].[localhost].[/]       : Initializing Spring DispatcherServlet 'dispatcherServlet'
2026-08-10T13:43:58.762+09:00  INFO 19852 --- [CardCapture-back] [http-nio-8080-exec-1] o.s.web.servlet.DispatcherServlet        : Initializing Servlet 'dispatcherServlet'
2026-08-10T13:43:58.764+09:00  INFO 19852 --- [CardCapture-back] [http-nio-8080-exec-1] o.s.web.servlet.DispatcherServlet        : Completed initialization in 2 ms
2026-08-10T13:43:59.528+09:00  INFO 19852 --- [CardCapture-back] [http-nio-8080-exec-9] o.springdoc.api.AbstractOpenApiResource  : Init duration for springdoc-openapi is: 430 ms
2026-08-10T13:44:12.754+09:00  INFO 19852 --- [CardCapture-back] [http-nio-8080-exec-10] j.c.e.c.service.CardCuptureInitService   : CardCuptureInitService: init 開始
2026-08-10T13:44:12.865+09:00  INFO 19852 --- [CardCapture-back] [http-nio-8080-exec-10] j.c.e.c.service.CardCuptureInitService   : CardCuptureInitService; init 終了
2026-08-10T13:44:12.865+09:00  INFO 19852 --- [CardCapture-back] [http-nio-8080-exec-10] j.c.e.c.service.CardCuptureInitService   : CardCuptureInitService: gameStart 開始
2026-08-10T13:44:12.867+09:00  INFO 19852 --- [CardCapture-back] [http-nio-8080-exec-10] j.c.e.c.service.CardCuptureInitService   : CardCuptureInitService: gameStart: EnemyArea枚数:4
2026-08-10T13:44:12.867+09:00  INFO 19852 --- [CardCapture-back] [http-nio-8080-exec-10] j.c.e.c.service.CardCuptureInitService   : CardCuptureInitService: gameStart: playerHands枚数:4
2026-08-10T13:44:12.868+09:00  INFO 19852 --- [CardCapture-back] [http-nio-8080-exec-10] j.c.e.c.service.CardCuptureInitService   : CardCuptureInitService: gameStart 終了
2026-08-10T13:44:12.868+09:00  INFO 19852 --- [CardCapture-back] [http-nio-8080-exec-10] j.c.e.c.service.CardCupturePlayService   : CardCupturePlayService: enemyPhase; 開始
2026-08-10T13:44:12.869+09:00  INFO 19852 --- [CardCapture-back] [http-nio-8080-exec-10] j.c.e.c.service.CardCupturePlayService   : CardCupturePlayService: enemyPhase; EnemyDeck:36
2026-08-10T13:44:12.871+09:00  INFO 19852 --- [CardCapture-back] [http-nio-8080-exec-10] j.c.e.c.service.CardCupturePlayService   : CardCupturePlayService: enemyPhase; 盤面操作後 EnemyDeck:36
2026-08-10T13:44:12.872+09:00  INFO 19852 --- [CardCapture-back] [http-nio-8080-exec-10] j.c.e.c.service.CardCupturePlayService   : CardCupturePlayService: enemyPhase; 盤面操作後 enemyArea:0
2026-08-10T13:44:12.873+09:00  INFO 19852 --- [CardCapture-back] [http-nio-8080-exec-10] j.c.e.c.service.CardCupturePlayService   : CardCupturePlayService: enemyPhase; 補充後 EnemyDeck:32
2026-08-10T13:44:12.874+09:00  INFO 19852 --- [CardCapture-back] [http-nio-8080-exec-10] j.c.e.c.service.CardCupturePlayService   : CardCupturePlayService: enemyPhase; 補充後 enemyArea:4
2026-08-10T13:44:12.874+09:00  INFO 19852 --- [CardCapture-back] [http-nio-8080-exec-10] j.c.e.c.service.CardCupturePlayService   : CardCupturePlayService: enemyPhase; 終了
2026-08-10T13:44:12.876+09:00  INFO 19852 --- [CardCapture-back] [http-nio-8080-exec-10] j.c.e.c.service.CardCupturePlayService   : CardCupturePlayService: disCardAndDrowPhase; ディスカード後Pカード枚数:16
2026-08-10T13:44:12.876+09:00  INFO 19852 --- [CardCapture-back] [http-nio-8080-exec-10] j.c.e.c.service.CardCupturePlayService   : CardCupturePlayService: disCardAndDrowPhase; ディスカード後playerHands:0
2026-08-10T13:44:18.831+09:00  INFO 19852 --- [CardCapture-back] [http-nio-8080-exec-10] j.c.e.c.service.CardCupturePlayService   : CardCupturePlayService: disCardAndDrowPhase; 補充後Pカード枚数:16
2026-08-10T13:44:18.833+09:00  INFO 19852 --- [CardCapture-back] [http-nio-8080-exec-10] j.c.e.c.service.CardCupturePlayService   : CardCupturePlayService: disCardAndDrowPhase; ドロー後playerHands:0
2026-08-10T13:50:00.490+09:00  INFO 19852 --- [CardCapture-back] [File Watcher] rtingClassPathChangeChangedEventListener : Restarting due to 21 class path changes (0 additions, 0 deletions, 21 modifications)
2026-08-10T13:50:00.497+09:00  INFO 19852 --- [CardCapture-back] [Thread-1] o.s.boot.tomcat.GracefulShutdown         : Commencing graceful shutdown. Waiting for active requests to complete
2026-08-10T13:50:00.511+09:00  INFO 19852 --- [CardCapture-back] [tomcat-shutdown] o.s.boot.tomcat.GracefulShutdown         : Graceful shutdown complete
2026-08-10T13:50:00.661+09:00  INFO 19852 --- [CardCapture-back] [restartedMain] j.c.e.c.CardCaptureBackApplication       : Starting CardCaptureBackApplication using Java 21.0.9 with PID 19852 (C:\kino-work\SpringBoot\CardCapture-back\bin\main started by NPC-61 in C:\kino-work\SpringBoot\CardCapture-back)
2026-08-10T13:50:00.661+09:00  INFO 19852 --- [CardCapture-back] [restartedMain] j.c.e.c.CardCaptureBackApplication       : No active profile set, falling back to 1 default profile: "default"
2026-08-10T13:50:01.095+09:00  INFO 19852 --- [CardCapture-back] [restartedMain] o.s.boot.tomcat.TomcatWebServer          : Tomcat initialized with port 8080 (http)
2026-08-10T13:50:01.098+09:00  INFO 19852 --- [CardCapture-back] [restartedMain] o.apache.catalina.core.StandardService   : Starting service [Tomcat]
2026-08-10T13:50:01.099+09:00  INFO 19852 --- [CardCapture-back] [restartedMain] o.apache.catalina.core.StandardEngine    : Starting Servlet engine: [Apache Tomcat/11.0.22]
2026-08-10T13:50:01.119+09:00  INFO 19852 --- [CardCapture-back] [restartedMain] b.w.c.s.WebApplicationContextInitializer : Root WebApplicationContext: initialization completed in 452 ms
2026-08-10T13:50:02.643+09:00  INFO 19852 --- [CardCapture-back] [restartedMain] j.c.e.c.service.GlobalStateService       : createDeck; 開始
2026-08-10T13:50:02.648+09:00  INFO 19852 --- [CardCapture-back] [restartedMain] j.c.e.c.service.GlobalStateService       : createDeck; 終了
2026-08-10T13:50:02.719+09:00  INFO 19852 --- [CardCapture-back] [restartedMain] o.s.v.b.OptionalValidatorFactoryBean     : Failed to set up a Bean Validation provider: jakarta.validation.NoProviderFoundException: Unable to create a Configuration, because no Jakarta Validation provider could be found. Add a provider like Hibernate Validator (RI) to your classpath.
2026-08-10T13:50:02.829+09:00  INFO 19852 --- [CardCapture-back] [restartedMain] o.s.boot.tomcat.TomcatWebServer          : Tomcat started on port 8080 (http) with context path '/'
2026-08-10T13:50:02.836+09:00  INFO 19852 --- [CardCapture-back] [restartedMain] j.c.e.c.CardCaptureBackApplication       : Started CardCaptureBackApplication in 2.23 seconds (process running for 381.332)
2026-08-10T13:50:02.840+09:00  INFO 19852 --- [CardCapture-back] [restartedMain] .ConditionEvaluationDeltaLoggingListener : Condition evaluation unchanged
2026-08-10T13:50:12.649+09:00  INFO 19852 --- [CardCapture-back] [http-nio-8080-exec-2] o.a.c.c.C.[Tomcat].[localhost].[/]       : Initializing Spring DispatcherServlet 'dispatcherServlet'
2026-08-10T13:50:12.650+09:00  INFO 19852 --- [CardCapture-back] [http-nio-8080-exec-2] o.s.web.servlet.DispatcherServlet        : Initializing Servlet 'dispatcherServlet'
2026-08-10T13:50:12.652+09:00  INFO 19852 --- [CardCapture-back] [http-nio-8080-exec-2] o.s.web.servlet.DispatcherServlet        : Completed initialization in 2 ms
2026-08-10T13:50:12.655+09:00  INFO 19852 --- [CardCapture-back] [http-nio-8080-exec-2] j.c.e.c.service.CardCuptureInitService   : CardCuptureInitService: init 開始
2026-08-10T13:50:12.735+09:00  INFO 19852 --- [CardCapture-back] [http-nio-8080-exec-2] j.c.e.c.service.CardCuptureInitService   : CardCuptureInitService; init 終了
2026-08-10T13:50:12.735+09:00  INFO 19852 --- [CardCapture-back] [http-nio-8080-exec-2] j.c.e.c.service.CardCuptureInitService   : CardCuptureInitService: gameStart 開始
2026-08-10T13:50:12.736+09:00  INFO 19852 --- [CardCapture-back] [http-nio-8080-exec-2] j.c.e.c.service.CardCuptureInitService   : CardCuptureInitService: gameStart: EnemyArea枚数:4
2026-08-10T13:50:12.737+09:00  INFO 19852 --- [CardCapture-back] [http-nio-8080-exec-2] j.c.e.c.service.CardCuptureInitService   : CardCuptureInitService: gameStart: playerHands枚数:4
2026-08-10T13:50:12.737+09:00  INFO 19852 --- [CardCapture-back] [http-nio-8080-exec-2] j.c.e.c.service.CardCuptureInitService   : CardCuptureInitService: gameStart 終了
2026-08-10T13:50:12.738+09:00  INFO 19852 --- [CardCapture-back] [http-nio-8080-exec-2] j.c.e.c.service.CardCupturePlayService   : CardCupturePlayService: enemyPhase; 開始
2026-08-10T13:50:12.739+09:00  INFO 19852 --- [CardCapture-back] [http-nio-8080-exec-2] j.c.e.c.service.CardCupturePlayService   : CardCupturePlayService: enemyPhase; EnemyDeck:36
2026-08-10T13:50:12.739+09:00  INFO 19852 --- [CardCapture-back] [http-nio-8080-exec-2] j.c.e.c.service.CardCupturePlayService   : CardCupturePlayService: enemyPhase; 盤面操作後 EnemyDeck:36
2026-08-10T13:50:12.740+09:00  INFO 19852 --- [CardCapture-back] [http-nio-8080-exec-2] j.c.e.c.service.CardCupturePlayService   : CardCupturePlayService: enemyPhase; 盤面操作後 enemyArea:0
2026-08-10T13:50:12.740+09:00  INFO 19852 --- [CardCapture-back] [http-nio-8080-exec-2] j.c.e.c.service.CardCupturePlayService   : CardCupturePlayService: enemyPhase; 補充後 EnemyDeck:32
2026-08-10T13:50:12.740+09:00  INFO 19852 --- [CardCapture-back] [http-nio-8080-exec-2] j.c.e.c.service.CardCupturePlayService   : CardCupturePlayService: enemyPhase; 補充後 enemyArea:4
2026-08-10T13:50:12.740+09:00  INFO 19852 --- [CardCapture-back] [http-nio-8080-exec-2] j.c.e.c.service.CardCupturePlayService   : CardCupturePlayService: enemyPhase; 終了
2026-08-10T13:50:12.741+09:00  INFO 19852 --- [CardCapture-back] [http-nio-8080-exec-2] j.c.e.c.service.CardCupturePlayService   : CardCupturePlayService: disCardAndDrowPhase; ディスカード後Pカード枚数:16
2026-08-10T13:50:12.743+09:00  INFO 19852 --- [CardCapture-back] [http-nio-8080-exec-2] j.c.e.c.service.CardCupturePlayService   : CardCupturePlayService: disCardAndDrowPhase; ディスカード後playerHands:0
2026-08-10T13:50:12.743+09:00  INFO 19852 --- [CardCapture-back] [http-nio-8080-exec-2] j.c.e.c.service.CardCupturePlayService   : CardCupturePlayService: disCardAndDrowPhase; 補充後Pカード枚数:16
2026-08-10T13:50:12.743+09:00  INFO 19852 --- [CardCapture-back] [http-nio-8080-exec-2] j.c.e.c.service.CardCupturePlayService   : CardCupturePlayService: disCardAndDrowPhase; 補充後手札枚数:0
2026-08-10T13:50:12.743+09:00  INFO 19852 --- [CardCapture-back] [http-nio-8080-exec-2] j.c.e.c.service.CardCupturePlayService   : CardCupturePlayService: disCardAndDrowPhase; 補充後捨て場枚数:6
2026-08-10T13:50:12.743+09:00  INFO 19852 --- [CardCapture-back] [http-nio-8080-exec-2] j.c.e.c.service.CardCupturePlayService   : CardCupturePlayService: disCardAndDrowPhase; 補充後山札枚数:10
2026-08-10T13:50:12.744+09:00  INFO 19852 --- [CardCapture-back] [http-nio-8080-exec-2] j.c.e.c.service.CardCupturePlayService   : CardCupturePlayService: disCardAndDrowPhase; ドロー後playerHands:0
2026-08-10T14:21:13.676+09:00  INFO 19852 --- [CardCapture-back] [File Watcher] rtingClassPathChangeChangedEventListener : Restarting due to 3 class path changes (0 additions, 0 deletions, 3 modifications)
2026-08-10T14:21:13.729+09:00  INFO 19852 --- [CardCapture-back] [Thread-5] o.s.boot.tomcat.GracefulShutdown         : Commencing graceful shutdown. Waiting for active requests to complete
2026-08-10T14:21:13.749+09:00  INFO 19852 --- [CardCapture-back] [tomcat-shutdown] o.s.boot.tomcat.GracefulShutdown         : Graceful shutdown complete
2026-08-10T14:21:14.203+09:00  INFO 19852 --- [CardCapture-back] [restartedMain] j.c.e.c.CardCaptureBackApplication       : Starting CardCaptureBackApplication using Java 21.0.9 with PID 19852 (C:\kino-work\SpringBoot\CardCapture-back\bin\main started by NPC-61 in C:\kino-work\SpringBoot\CardCapture-back)
2026-08-10T14:21:14.203+09:00  INFO 19852 --- [CardCapture-back] [restartedMain] j.c.e.c.CardCaptureBackApplication       : No active profile set, falling back to 1 default profile: "default"
2026-08-10T14:21:14.731+09:00  INFO 19852 --- [CardCapture-back] [restartedMain] o.s.boot.tomcat.TomcatWebServer          : Tomcat initialized with port 8080 (http)
2026-08-10T14:21:14.734+09:00  INFO 19852 --- [CardCapture-back] [restartedMain] o.apache.catalina.core.StandardService   : Starting service [Tomcat]
2026-08-10T14:21:14.736+09:00  INFO 19852 --- [CardCapture-back] [restartedMain] o.apache.catalina.core.StandardEngine    : Starting Servlet engine: [Apache Tomcat/11.0.22]
2026-08-10T14:21:14.767+09:00  INFO 19852 --- [CardCapture-back] [restartedMain] b.w.c.s.WebApplicationContextInitializer : Root WebApplicationContext: initialization completed in 556 ms
2026-08-10T14:21:16.209+09:00  INFO 19852 --- [CardCapture-back] [restartedMain] j.c.e.c.service.GlobalStateService       : createDeck; 開始
2026-08-10T14:21:16.212+09:00  INFO 19852 --- [CardCapture-back] [restartedMain] j.c.e.c.service.GlobalStateService       : createDeck; 終了
2026-08-10T14:21:16.307+09:00  INFO 19852 --- [CardCapture-back] [restartedMain] o.s.v.b.OptionalValidatorFactoryBean     : Failed to set up a Bean Validation provider: jakarta.validation.NoProviderFoundException: Unable to create a Configuration, because no Jakarta Validation provider could be found. Add a provider like Hibernate Validator (RI) to your classpath.
2026-08-10T14:21:16.475+09:00  INFO 19852 --- [CardCapture-back] [restartedMain] o.s.boot.tomcat.TomcatWebServer          : Tomcat started on port 8080 (http) with context path '/'
2026-08-10T14:21:16.486+09:00  INFO 19852 --- [CardCapture-back] [restartedMain] j.c.e.c.CardCaptureBackApplication       : Started CardCaptureBackApplication in 2.357 seconds (process running for 2254.981)
2026-08-10T14:21:16.488+09:00  INFO 19852 --- [CardCapture-back] [restartedMain] .ConditionEvaluationDeltaLoggingListener : Condition evaluation unchanged
2026-08-10T14:24:16.739+09:00  INFO 19852 --- [CardCapture-back] [http-nio-8080-exec-1] o.a.c.c.C.[Tomcat].[localhost].[/]       : Initializing Spring DispatcherServlet 'dispatcherServlet'
2026-08-10T14:24:16.743+09:00  INFO 19852 --- [CardCapture-back] [http-nio-8080-exec-1] o.s.web.servlet.DispatcherServlet        : Initializing Servlet 'dispatcherServlet'
2026-08-10T14:24:16.755+09:00  INFO 19852 --- [CardCapture-back] [http-nio-8080-exec-1] o.s.web.servlet.DispatcherServlet        : Completed initialization in 12 ms
2026-08-10T14:24:16.769+09:00  INFO 19852 --- [CardCapture-back] [http-nio-8080-exec-1] j.c.e.c.service.CardCuptureInitService   : CardCuptureInitService: init 開始
2026-08-10T14:24:16.880+09:00  INFO 19852 --- [CardCapture-back] [http-nio-8080-exec-1] j.c.e.c.service.CardCuptureInitService   : CardCuptureInitService; init 終了
2026-08-10T14:24:16.880+09:00  INFO 19852 --- [CardCapture-back] [http-nio-8080-exec-1] j.c.e.c.service.CardCuptureInitService   : CardCuptureInitService: gameStart 開始
2026-08-10T14:24:16.883+09:00  INFO 19852 --- [CardCapture-back] [http-nio-8080-exec-1] j.c.e.c.service.CardCuptureInitService   : CardCuptureInitService: gameStart: EnemyArea枚数:4
2026-08-10T14:24:16.883+09:00  INFO 19852 --- [CardCapture-back] [http-nio-8080-exec-1] j.c.e.c.service.CardCuptureInitService   : CardCuptureInitService: gameStart: playerHands枚数:4
2026-08-10T14:24:16.884+09:00  INFO 19852 --- [CardCapture-back] [http-nio-8080-exec-1] j.c.e.c.service.CardCuptureInitService   : CardCuptureInitService: gameStart 終了
2026-08-10T14:24:16.887+09:00  INFO 19852 --- [CardCapture-back] [http-nio-8080-exec-1] j.c.e.c.service.CardCupturePlayService   : CardCupturePlayService: enemyPhase; 開始
2026-08-10T14:24:16.888+09:00  INFO 19852 --- [CardCapture-back] [http-nio-8080-exec-1] j.c.e.c.service.CardCupturePlayService   : CardCupturePlayService: enemyPhase; EnemyDeck:36
2026-08-10T14:24:16.888+09:00  INFO 19852 --- [CardCapture-back] [http-nio-8080-exec-1] j.c.e.c.service.CardCupturePlayService   : CardCupturePlayService: enemyPhase; 盤面操作後 EnemyDeck:36
2026-08-10T14:24:16.889+09:00  INFO 19852 --- [CardCapture-back] [http-nio-8080-exec-1] j.c.e.c.service.CardCupturePlayService   : CardCupturePlayService: enemyPhase; 盤面操作後 enemyArea:0
2026-08-10T14:24:16.889+09:00  INFO 19852 --- [CardCapture-back] [http-nio-8080-exec-1] j.c.e.c.service.CardCupturePlayService   : CardCupturePlayService: enemyPhase; 補充後 EnemyDeck:32
2026-08-10T14:24:16.890+09:00  INFO 19852 --- [CardCapture-back] [http-nio-8080-exec-1] j.c.e.c.service.CardCupturePlayService   : CardCupturePlayService: enemyPhase; 補充後 enemyArea:4
2026-08-10T14:24:16.890+09:00  INFO 19852 --- [CardCapture-back] [http-nio-8080-exec-1] j.c.e.c.service.CardCupturePlayService   : CardCupturePlayService: enemyPhase; 終了
2026-08-10T14:24:16.896+09:00  INFO 19852 --- [CardCapture-back] [http-nio-8080-exec-1] j.c.e.c.service.CardCupturePlayService   : CardCupturePlayService: disCardAndDrowPhase; ディスカード後Pカード枚数:16
2026-08-10T14:24:16.896+09:00  INFO 19852 --- [CardCapture-back] [http-nio-8080-exec-1] j.c.e.c.service.CardCupturePlayService   : CardCupturePlayService: disCardAndDrowPhase; ディスカード後playerHands:0
2026-08-10T14:24:16.897+09:00  INFO 19852 --- [CardCapture-back] [http-nio-8080-exec-1] j.c.e.c.service.CardCupturePlayService   : CardCupturePlayService: disCardAndDrowPhase; 補充後Pカード枚数:16
2026-08-10T14:24:16.897+09:00  INFO 19852 --- [CardCapture-back] [http-nio-8080-exec-1] j.c.e.c.service.CardCupturePlayService   : CardCupturePlayService: disCardAndDrowPhase; 補充後手札枚数:0
2026-08-10T14:24:16.897+09:00  INFO 19852 --- [CardCapture-back] [http-nio-8080-exec-1] j.c.e.c.service.CardCupturePlayService   : CardCupturePlayService: disCardAndDrowPhase; 補充後捨て場枚数:6
2026-08-10T14:24:16.897+09:00  INFO 19852 --- [CardCapture-back] [http-nio-8080-exec-1] j.c.e.c.service.CardCupturePlayService   : CardCupturePlayService: disCardAndDrowPhase; 補充後山札枚数:10
2026-08-10T14:24:16.898+09:00  INFO 19852 --- [CardCapture-back] [http-nio-8080-exec-1] j.c.e.c.service.CardCupturePlayService   : CardCupturePlayService: disCardAndDrowPhase; ドロー後playerHands:0
2026-08-10T14:28:24.717+09:00  INFO 19852 --- [CardCapture-back] [File Watcher] rtingClassPathChangeChangedEventListener : Restarting due to 21 class path changes (0 additions, 0 deletions, 21 modifications)
2026-08-10T14:28:24.725+09:00  INFO 19852 --- [CardCapture-back] [Thread-9] o.s.boot.tomcat.GracefulShutdown         : Commencing graceful shutdown. Waiting for active requests to complete
2026-08-10T14:28:24.733+09:00  INFO 19852 --- [CardCapture-back] [tomcat-shutdown] o.s.boot.tomcat.GracefulShutdown         : Graceful shutdown complete
2026-08-10T14:28:24.961+09:00  INFO 19852 --- [CardCapture-back] [restartedMain] j.c.e.c.CardCaptureBackApplication       : Starting CardCaptureBackApplication using Java 21.0.9 with PID 19852 (C:\kino-work\SpringBoot\CardCapture-back\bin\main started by NPC-61 in C:\kino-work\SpringBoot\CardCapture-back)
2026-08-10T14:28:24.962+09:00  INFO 19852 --- [CardCapture-back] [restartedMain] j.c.e.c.CardCaptureBackApplication       : No active profile set, falling back to 1 default profile: "default"
2026-08-10T14:28:25.368+09:00  INFO 19852 --- [CardCapture-back] [restartedMain] o.s.boot.tomcat.TomcatWebServer          : Tomcat initialized with port 8080 (http)
2026-08-10T14:28:25.370+09:00  INFO 19852 --- [CardCapture-back] [restartedMain] o.apache.catalina.core.StandardService   : Starting service [Tomcat]
2026-08-10T14:28:25.371+09:00  INFO 19852 --- [CardCapture-back] [restartedMain] o.apache.catalina.core.StandardEngine    : Starting Servlet engine: [Apache Tomcat/11.0.22]
2026-08-10T14:28:25.396+09:00  INFO 19852 --- [CardCapture-back] [restartedMain] b.w.c.s.WebApplicationContextInitializer : Root WebApplicationContext: initialization completed in 429 ms
2026-08-10T14:28:26.418+09:00  INFO 19852 --- [CardCapture-back] [restartedMain] j.c.e.c.service.GlobalStateService       : createDeck; 開始
2026-08-10T14:28:26.421+09:00  INFO 19852 --- [CardCapture-back] [restartedMain] j.c.e.c.service.GlobalStateService       : createDeck; 終了
2026-08-10T14:28:26.478+09:00  INFO 19852 --- [CardCapture-back] [restartedMain] o.s.v.b.OptionalValidatorFactoryBean     : Failed to set up a Bean Validation provider: jakarta.validation.NoProviderFoundException: Unable to create a Configuration, because no Jakarta Validation provider could be found. Add a provider like Hibernate Validator (RI) to your classpath.
2026-08-10T14:28:26.595+09:00  INFO 19852 --- [CardCapture-back] [restartedMain] o.s.boot.tomcat.TomcatWebServer          : Tomcat started on port 8080 (http) with context path '/'
2026-08-10T14:28:26.599+09:00  INFO 19852 --- [CardCapture-back] [restartedMain] j.c.e.c.CardCaptureBackApplication       : Started CardCaptureBackApplication in 1.703 seconds (process running for 2685.095)
2026-08-10T14:28:26.601+09:00  INFO 19852 --- [CardCapture-back] [restartedMain] .ConditionEvaluationDeltaLoggingListener : Condition evaluation unchanged
2026-08-10T14:30:09.854+09:00  INFO 19852 --- [CardCapture-back] [File Watcher] rtingClassPathChangeChangedEventListener : Restarting due to 21 class path changes (0 additions, 0 deletions, 21 modifications)
2026-08-10T14:30:09.864+09:00  INFO 19852 --- [CardCapture-back] [Thread-13] o.s.boot.tomcat.GracefulShutdown         : Commencing graceful shutdown. Waiting for active requests to complete
2026-08-10T14:30:09.881+09:00  INFO 19852 --- [CardCapture-back] [tomcat-shutdown] o.s.boot.tomcat.GracefulShutdown         : Graceful shutdown complete
2026-08-10T14:30:10.155+09:00  INFO 19852 --- [CardCapture-back] [restartedMain] j.c.e.c.CardCaptureBackApplication       : Starting CardCaptureBackApplication using Java 21.0.9 with PID 19852 (C:\kino-work\SpringBoot\CardCapture-back\bin\main started by NPC-61 in C:\kino-work\SpringBoot\CardCapture-back)
2026-08-10T14:30:10.157+09:00  INFO 19852 --- [CardCapture-back] [restartedMain] j.c.e.c.CardCaptureBackApplication       : No active profile set, falling back to 1 default profile: "default"
2026-08-10T14:30:10.611+09:00  INFO 19852 --- [CardCapture-back] [restartedMain] o.s.boot.tomcat.TomcatWebServer          : Tomcat initialized with port 8080 (http)
2026-08-10T14:30:10.613+09:00  INFO 19852 --- [CardCapture-back] [restartedMain] o.apache.catalina.core.StandardService   : Starting service [Tomcat]
2026-08-10T14:30:10.613+09:00  INFO 19852 --- [CardCapture-back] [restartedMain] o.apache.catalina.core.StandardEngine    : Starting Servlet engine: [Apache Tomcat/11.0.22]
2026-08-10T14:30:10.643+09:00  INFO 19852 --- [CardCapture-back] [restartedMain] b.w.c.s.WebApplicationContextInitializer : Root WebApplicationContext: initialization completed in 477 ms
2026-08-10T14:30:10.794+09:00  INFO 19852 --- [CardCapture-back] [restartedMain] j.c.e.c.service.GlobalStateService       : createDeck; 開始
2026-08-10T14:30:10.797+09:00  INFO 19852 --- [CardCapture-back] [restartedMain] j.c.e.c.service.GlobalStateService       : createDeck; 終了
2026-08-10T14:30:10.857+09:00  INFO 19852 --- [CardCapture-back] [restartedMain] o.s.v.b.OptionalValidatorFactoryBean     : Failed to set up a Bean Validation provider: jakarta.validation.NoProviderFoundException: Unable to create a Configuration, because no Jakarta Validation provider could be found. Add a provider like Hibernate Validator (RI) to your classpath.
2026-08-10T14:30:10.971+09:00  INFO 19852 --- [CardCapture-back] [restartedMain] o.s.boot.tomcat.TomcatWebServer          : Tomcat started on port 8080 (http) with context path '/'
2026-08-10T14:30:10.980+09:00  INFO 19852 --- [CardCapture-back] [restartedMain] j.c.e.c.CardCaptureBackApplication       : Started CardCaptureBackApplication in 0.912 seconds (process running for 2789.476)
2026-08-10T14:30:10.984+09:00  INFO 19852 --- [CardCapture-back] [restartedMain] .ConditionEvaluationDeltaLoggingListener : Condition evaluation unchanged
2026-08-10T14:31:26.492+09:00  INFO 19852 --- [CardCapture-back] [http-nio-8080-exec-1] o.a.c.c.C.[Tomcat].[localhost].[/]       : Initializing Spring DispatcherServlet 'dispatcherServlet'
2026-08-10T14:31:26.493+09:00  INFO 19852 --- [CardCapture-back] [http-nio-8080-exec-1] o.s.web.servlet.DispatcherServlet        : Initializing Servlet 'dispatcherServlet'
2026-08-10T14:31:26.510+09:00  INFO 19852 --- [CardCapture-back] [http-nio-8080-exec-1] o.s.web.servlet.DispatcherServlet        : Completed initialization in 14 ms
2026-08-10T14:31:27.489+09:00  INFO 19852 --- [CardCapture-back] [http-nio-8080-exec-4] o.springdoc.api.AbstractOpenApiResource  : Init duration for springdoc-openapi is: 356 ms
2026-08-10T14:32:53.365+09:00  INFO 19852 --- [CardCapture-back] [File Watcher] rtingClassPathChangeChangedEventListener : Restarting due to 21 class path changes (0 additions, 0 deletions, 21 modifications)
2026-08-10T14:32:53.368+09:00  INFO 19852 --- [CardCapture-back] [Thread-17] o.s.boot.tomcat.GracefulShutdown         : Commencing graceful shutdown. Waiting for active requests to complete
2026-08-10T14:32:53.381+09:00  INFO 19852 --- [CardCapture-back] [tomcat-shutdown] o.s.boot.tomcat.GracefulShutdown         : Graceful shutdown complete
2026-08-10T14:32:53.601+09:00  INFO 19852 --- [CardCapture-back] [restartedMain] j.c.e.c.CardCaptureBackApplication       : Starting CardCaptureBackApplication using Java 21.0.9 with PID 19852 (C:\kino-work\SpringBoot\CardCapture-back\bin\main started by NPC-61 in C:\kino-work\SpringBoot\CardCapture-back)
2026-08-10T14:32:53.602+09:00  INFO 19852 --- [CardCapture-back] [restartedMain] j.c.e.c.CardCaptureBackApplication       : No active profile set, falling back to 1 default profile: "default"
2026-08-10T14:32:54.211+09:00  INFO 19852 --- [CardCapture-back] [restartedMain] o.s.boot.tomcat.TomcatWebServer          : Tomcat initialized with port 8080 (http)
2026-08-10T14:32:54.215+09:00  INFO 19852 --- [CardCapture-back] [restartedMain] o.apache.catalina.core.StandardService   : Starting service [Tomcat]
2026-08-10T14:32:54.216+09:00  INFO 19852 --- [CardCapture-back] [restartedMain] o.apache.catalina.core.StandardEngine    : Starting Servlet engine: [Apache Tomcat/11.0.22]
2026-08-10T14:32:54.247+09:00  INFO 19852 --- [CardCapture-back] [restartedMain] b.w.c.s.WebApplicationContextInitializer : Root WebApplicationContext: initialization completed in 636 ms
2026-08-10T14:32:55.655+09:00  INFO 19852 --- [CardCapture-back] [restartedMain] j.c.e.c.service.GlobalStateService       : createDeck; 開始
2026-08-10T14:32:55.659+09:00  INFO 19852 --- [CardCapture-back] [restartedMain] j.c.e.c.service.GlobalStateService       : createDeck; 終了
2026-08-10T14:32:55.738+09:00  INFO 19852 --- [CardCapture-back] [restartedMain] o.s.v.b.OptionalValidatorFactoryBean     : Failed to set up a Bean Validation provider: jakarta.validation.NoProviderFoundException: Unable to create a Configuration, because no Jakarta Validation provider could be found. Add a provider like Hibernate Validator (RI) to your classpath.
2026-08-10T14:32:55.893+09:00  INFO 19852 --- [CardCapture-back] [restartedMain] o.s.boot.tomcat.TomcatWebServer          : Tomcat started on port 8080 (http) with context path '/'
2026-08-10T14:32:55.902+09:00  INFO 19852 --- [CardCapture-back] [restartedMain] j.c.e.c.CardCaptureBackApplication       : Started CardCaptureBackApplication in 2.379 seconds (process running for 2954.398)
2026-08-10T14:32:55.905+09:00  INFO 19852 --- [CardCapture-back] [restartedMain] .ConditionEvaluationDeltaLoggingListener : Condition evaluation unchanged
2026-08-10T16:23:13.647+09:00  INFO 19852 --- [CardCapture-back] [http-nio-8080-exec-2] o.a.c.c.C.[Tomcat].[localhost].[/]       : Initializing Spring DispatcherServlet 'dispatcherServlet'
2026-08-10T16:23:13.695+09:00  INFO 19852 --- [CardCapture-back] [http-nio-8080-exec-2] o.s.web.servlet.DispatcherServlet        : Initializing Servlet 'dispatcherServlet'
2026-08-10T16:23:13.909+09:00  INFO 19852 --- [CardCapture-back] [http-nio-8080-exec-2] o.s.web.servlet.DispatcherServlet        : Completed initialization in 211 ms
2026-08-10T16:23:15.650+09:00  INFO 19852 --- [CardCapture-back] [http-nio-8080-exec-1] o.springdoc.api.AbstractOpenApiResource  : Init duration for springdoc-openapi is: 1249 ms
2026-08-10T17:22:46.688+09:00  INFO 19852 --- [CardCapture-back] [http-nio-8080-exec-8] j.c.e.c.service.CardCuptureInitService   : CardCuptureInitService: init 開始
2026-08-10T17:22:46.916+09:00  INFO 19852 --- [CardCapture-back] [http-nio-8080-exec-8] j.c.e.c.service.CardCuptureInitService   : CardCuptureInitService; init 終了
2026-08-10T17:22:46.917+09:00  INFO 19852 --- [CardCapture-back] [http-nio-8080-exec-8] j.c.e.c.service.CardCuptureInitService   : CardCuptureInitService: gameStart 開始
2026-08-10T17:22:46.939+09:00  INFO 19852 --- [CardCapture-back] [http-nio-8080-exec-8] j.c.e.c.service.CardCuptureInitService   : CardCuptureInitService: gameStart: EnemyArea枚数:4
2026-08-10T17:22:46.939+09:00  INFO 19852 --- [CardCapture-back] [http-nio-8080-exec-8] j.c.e.c.service.CardCuptureInitService   : CardCuptureInitService: gameStart: playerHands枚数:4
2026-08-10T17:22:46.944+09:00  INFO 19852 --- [CardCapture-back] [http-nio-8080-exec-8] j.c.e.c.service.CardCuptureInitService   : CardCuptureInitService: gameStart 終了
2026-08-10T17:22:46.945+09:00  INFO 19852 --- [CardCapture-back] [http-nio-8080-exec-8] j.c.e.c.service.CardCupturePlayService   : CardCupturePlayService: enemyPhase; 開始
2026-08-10T17:22:46.946+09:00  INFO 19852 --- [CardCapture-back] [http-nio-8080-exec-8] j.c.e.c.service.CardCupturePlayService   : CardCupturePlayService: enemyPhase; EnemyDeck:36
2026-08-10T17:22:46.948+09:00  INFO 19852 --- [CardCapture-back] [http-nio-8080-exec-8] j.c.e.c.service.CardCupturePlayService   : CardCupturePlayService: enemyPhase; 盤面操作後 EnemyDeck:36
2026-08-10T17:22:46.948+09:00  INFO 19852 --- [CardCapture-back] [http-nio-8080-exec-8] j.c.e.c.service.CardCupturePlayService   : CardCupturePlayService: enemyPhase; 盤面操作後 enemyArea:0
2026-08-10T17:22:46.950+09:00  INFO 19852 --- [CardCapture-back] [http-nio-8080-exec-8] j.c.e.c.service.CardCupturePlayService   : CardCupturePlayService: enemyPhase; 補充後 EnemyDeck:32
2026-08-10T17:22:46.950+09:00  INFO 19852 --- [CardCapture-back] [http-nio-8080-exec-8] j.c.e.c.service.CardCupturePlayService   : CardCupturePlayService: enemyPhase; 補充後 enemyArea:4
2026-08-10T17:22:46.951+09:00  INFO 19852 --- [CardCapture-back] [http-nio-8080-exec-8] j.c.e.c.service.CardCupturePlayService   : CardCupturePlayService: enemyPhase; 終了
2026-08-10T17:22:46.985+09:00  INFO 19852 --- [CardCapture-back] [http-nio-8080-exec-8] j.c.e.c.service.CardCupturePlayService   : CardCupturePlayService: disCardAndDrowPhase; ディスカード後Pカード枚数:16
2026-08-10T17:22:46.985+09:00  INFO 19852 --- [CardCapture-back] [http-nio-8080-exec-8] j.c.e.c.service.CardCupturePlayService   : CardCupturePlayService: disCardAndDrowPhase; ディスカード後playerHands:0
2026-08-10T17:22:46.986+09:00  INFO 19852 --- [CardCapture-back] [http-nio-8080-exec-8] j.c.e.c.service.CardCupturePlayService   : CardCupturePlayService: disCardAndDrowPhase; 補充後Pカード枚数:16
2026-08-10T17:22:46.987+09:00  INFO 19852 --- [CardCapture-back] [http-nio-8080-exec-8] j.c.e.c.service.CardCupturePlayService   : CardCupturePlayService: disCardAndDrowPhase; 補充後手札枚数:0
2026-08-10T17:22:46.988+09:00  INFO 19852 --- [CardCapture-back] [http-nio-8080-exec-8] j.c.e.c.service.CardCupturePlayService   : CardCupturePlayService: disCardAndDrowPhase; 補充後捨て場枚数:6
2026-08-10T17:22:46.988+09:00  INFO 19852 --- [CardCapture-back] [http-nio-8080-exec-8] j.c.e.c.service.CardCupturePlayService   : CardCupturePlayService: disCardAndDrowPhase; 補充後山札枚数:10
2026-08-10T17:22:46.988+09:00  INFO 19852 --- [CardCapture-back] [http-nio-8080-exec-8] j.c.e.c.service.CardCupturePlayService   : CardCupturePlayService: disCardAndDrowPhase; ドロー後playerHands:0
2026-08-10T17:35:55.129+09:00  INFO 25396 --- [CardCapture-back] [restartedMain] j.c.e.c.CardCaptureBackApplication       : Starting CardCaptureBackApplication using Java 21.0.9 with PID 25396 (C:\kino-work\SpringBoot\CardCapture-back\bin\main started by NPC-61 in C:\kino-work\SpringBoot\CardCapture-back)
2026-08-10T17:35:55.136+09:00  INFO 25396 --- [CardCapture-back] [restartedMain] j.c.e.c.CardCaptureBackApplication       : No active profile set, falling back to 1 default profile: "default"
2026-08-10T17:35:55.228+09:00  INFO 25396 --- [CardCapture-back] [restartedMain] .e.DevToolsPropertyDefaultsPostProcessor : Devtools property defaults active! Set 'spring.devtools.add-properties' to 'false' to disable
2026-08-10T17:35:55.229+09:00  INFO 25396 --- [CardCapture-back] [restartedMain] .e.DevToolsPropertyDefaultsPostProcessor : For additional web related logging consider setting the 'logging.level.web' property to 'DEBUG'
2026-08-10T17:35:56.759+09:00  INFO 25396 --- [CardCapture-back] [restartedMain] o.s.boot.tomcat.TomcatWebServer          : Tomcat initialized with port 8080 (http)
2026-08-10T17:35:56.786+09:00  INFO 25396 --- [CardCapture-back] [restartedMain] o.apache.catalina.core.StandardService   : Starting service [Tomcat]
2026-08-10T17:35:56.786+09:00  INFO 25396 --- [CardCapture-back] [restartedMain] o.apache.catalina.core.StandardEngine    : Starting Servlet engine: [Apache Tomcat/11.0.22]
2026-08-10T17:35:56.852+09:00  INFO 25396 --- [CardCapture-back] [restartedMain] b.w.c.s.WebApplicationContextInitializer : Root WebApplicationContext: initialization completed in 1623 ms
2026-08-10T17:35:57.185+09:00  INFO 25396 --- [CardCapture-back] [restartedMain] j.c.e.c.service.GlobalStateService       : createDeck; 開始
2026-08-10T17:35:57.188+09:00  INFO 25396 --- [CardCapture-back] [restartedMain] j.c.e.c.service.GlobalStateService       : createDeck; 終了
2026-08-10T17:35:57.376+09:00  INFO 25396 --- [CardCapture-back] [restartedMain] o.s.v.b.OptionalValidatorFactoryBean     : Failed to set up a Bean Validation provider: jakarta.validation.NoProviderFoundException: Unable to create a Configuration, because no Jakarta Validation provider could be found. Add a provider like Hibernate Validator (RI) to your classpath.
2026-08-10T17:35:57.875+09:00  INFO 25396 --- [CardCapture-back] [restartedMain] o.s.boot.tomcat.TomcatWebServer          : Tomcat started on port 8080 (http) with context path '/'
2026-08-10T17:35:57.886+09:00  INFO 25396 --- [CardCapture-back] [restartedMain] j.c.e.c.CardCaptureBackApplication       : Started CardCaptureBackApplication in 3.471 seconds (process running for 5.256)
2026-08-10T17:36:15.321+09:00  INFO 25396 --- [CardCapture-back] [http-nio-8080-exec-3] o.a.c.c.C.[Tomcat].[localhost].[/]       : Initializing Spring DispatcherServlet 'dispatcherServlet'
2026-08-10T17:36:15.321+09:00  INFO 25396 --- [CardCapture-back] [http-nio-8080-exec-3] o.s.web.servlet.DispatcherServlet        : Initializing Servlet 'dispatcherServlet'
2026-08-10T17:36:15.323+09:00  INFO 25396 --- [CardCapture-back] [http-nio-8080-exec-3] o.s.web.servlet.DispatcherServlet        : Completed initialization in 1 ms
2026-08-10T17:36:15.379+09:00  INFO 25396 --- [CardCapture-back] [http-nio-8080-exec-3] j.c.e.c.service.CardCuptureInitService   : CardCuptureInitService: init 開始
2026-08-10T17:36:15.474+09:00  INFO 25396 --- [CardCapture-back] [http-nio-8080-exec-3] j.c.e.c.service.CardCuptureInitService   : CardCuptureInitService; init 終了
2026-08-10T17:36:15.474+09:00  INFO 25396 --- [CardCapture-back] [http-nio-8080-exec-3] j.c.e.c.service.CardCuptureInitService   : CardCuptureInitService: gameStart 開始
2026-08-10T17:36:15.475+09:00  INFO 25396 --- [CardCapture-back] [http-nio-8080-exec-3] j.c.e.c.service.CardCuptureInitService   : CardCuptureInitService: gameStart: EnemyArea枚数:4
2026-08-10T17:36:15.476+09:00  INFO 25396 --- [CardCapture-back] [http-nio-8080-exec-3] j.c.e.c.service.CardCuptureInitService   : CardCuptureInitService: gameStart: playerHands枚数:4
2026-08-10T17:36:15.477+09:00  INFO 25396 --- [CardCapture-back] [http-nio-8080-exec-3] j.c.e.c.service.CardCuptureInitService   : CardCuptureInitService: gameStart 終了
2026-08-10T17:36:15.477+09:00  INFO 25396 --- [CardCapture-back] [http-nio-8080-exec-3] j.c.e.c.service.CardCupturePlayService   : CardCupturePlayService: enemyPhase; 開始
2026-08-10T17:36:15.478+09:00  INFO 25396 --- [CardCapture-back] [http-nio-8080-exec-3] j.c.e.c.service.CardCupturePlayService   : CardCupturePlayService: enemyPhase; EnemyDeck:36
2026-08-10T17:36:15.479+09:00  INFO 25396 --- [CardCapture-back] [http-nio-8080-exec-3] j.c.e.c.service.CardCupturePlayService   : CardCupturePlayService: enemyPhase; 盤面操作後 EnemyDeck:36
2026-08-10T17:36:15.479+09:00  INFO 25396 --- [CardCapture-back] [http-nio-8080-exec-3] j.c.e.c.service.CardCupturePlayService   : CardCupturePlayService: enemyPhase; 盤面操作後 enemyArea:0
2026-08-10T17:36:15.479+09:00  INFO 25396 --- [CardCapture-back] [http-nio-8080-exec-3] j.c.e.c.service.CardCupturePlayService   : CardCupturePlayService: enemyPhase; 補充後 EnemyDeck:32
2026-08-10T17:36:15.479+09:00  INFO 25396 --- [CardCapture-back] [http-nio-8080-exec-3] j.c.e.c.service.CardCupturePlayService   : CardCupturePlayService: enemyPhase; 補充後 enemyArea:4
2026-08-10T17:36:15.480+09:00  INFO 25396 --- [CardCapture-back] [http-nio-8080-exec-3] j.c.e.c.service.CardCupturePlayService   : CardCupturePlayService: enemyPhase; 終了
2026-08-10T17:36:15.480+09:00  INFO 25396 --- [CardCapture-back] [http-nio-8080-exec-3] j.c.e.c.service.CardCupturePlayService   : CardCupturePlayService: disCardAndDrowPhase; ディスカード後Pカード枚数:16
2026-08-10T17:36:15.481+09:00  INFO 25396 --- [CardCapture-back] [http-nio-8080-exec-3] j.c.e.c.service.CardCupturePlayService   : CardCupturePlayService: disCardAndDrowPhase; ディスカード後playerHands:0
2026-08-10T17:36:57.640+09:00  INFO 25396 --- [CardCapture-back] [http-nio-8080-exec-3] j.c.e.c.service.CardCupturePlayService   : CardCupturePlayService: disCardAndDrowPhase; 補充後Pカード枚数:16
2026-08-10T17:36:59.088+09:00  INFO 25396 --- [CardCapture-back] [http-nio-8080-exec-3] j.c.e.c.service.CardCupturePlayService   : CardCupturePlayService: disCardAndDrowPhase; 補充後手札枚数:4
2026-08-10T17:36:59.287+09:00  INFO 25396 --- [CardCapture-back] [http-nio-8080-exec-3] j.c.e.c.service.CardCupturePlayService   : CardCupturePlayService: disCardAndDrowPhase; 補充後捨て場枚数:6
2026-08-10T17:36:59.716+09:00  INFO 25396 --- [CardCapture-back] [http-nio-8080-exec-3] j.c.e.c.service.CardCupturePlayService   : CardCupturePlayService: disCardAndDrowPhase; 補充後山札枚数:6
2026-08-10T17:37:01.002+09:00  INFO 25396 --- [CardCapture-back] [http-nio-8080-exec-3] j.c.e.c.service.CardCupturePlayService   : CardCupturePlayService: disCardAndDrowPhase; ドロー後playerHands:4
2026-08-10T17:41:23.595+09:00  INFO 25396 --- [CardCapture-back] [File Watcher] rtingClassPathChangeChangedEventListener : Restarting due to 21 class path changes (0 additions, 0 deletions, 21 modifications)
2026-08-10T17:41:23.637+09:00  INFO 25396 --- [CardCapture-back] [Thread-1] o.s.boot.tomcat.GracefulShutdown         : Commencing graceful shutdown. Waiting for active requests to complete
2026-08-10T17:41:23.666+09:00  INFO 25396 --- [CardCapture-back] [tomcat-shutdown] o.s.boot.tomcat.GracefulShutdown         : Graceful shutdown complete
2026-08-10T17:41:23.986+09:00  INFO 25396 --- [CardCapture-back] [restartedMain] j.c.e.c.CardCaptureBackApplication       : Starting CardCaptureBackApplication using Java 21.0.9 with PID 25396 (C:\kino-work\SpringBoot\CardCapture-back\bin\main started by NPC-61 in C:\kino-work\SpringBoot\CardCapture-back)
2026-08-10T17:41:23.987+09:00  INFO 25396 --- [CardCapture-back] [restartedMain] j.c.e.c.CardCaptureBackApplication       : No active profile set, falling back to 1 default profile: "default"
2026-08-10T17:41:24.507+09:00  INFO 25396 --- [CardCapture-back] [restartedMain] o.s.boot.tomcat.TomcatWebServer          : Tomcat initialized with port 8080 (http)
2026-08-10T17:41:24.511+09:00  INFO 25396 --- [CardCapture-back] [restartedMain] o.apache.catalina.core.StandardService   : Starting service [Tomcat]
2026-08-10T17:41:24.511+09:00  INFO 25396 --- [CardCapture-back] [restartedMain] o.apache.catalina.core.StandardEngine    : Starting Servlet engine: [Apache Tomcat/11.0.22]
2026-08-10T17:41:24.541+09:00  INFO 25396 --- [CardCapture-back] [restartedMain] b.w.c.s.WebApplicationContextInitializer : Root WebApplicationContext: initialization completed in 545 ms
2026-08-10T17:41:25.862+09:00  INFO 25396 --- [CardCapture-back] [restartedMain] j.c.e.c.service.GlobalStateService       : createDeck; 開始
2026-08-10T17:41:25.866+09:00  INFO 25396 --- [CardCapture-back] [restartedMain] j.c.e.c.service.GlobalStateService       : createDeck; 終了
2026-08-10T17:41:25.952+09:00  INFO 25396 --- [CardCapture-back] [restartedMain] o.s.v.b.OptionalValidatorFactoryBean     : Failed to set up a Bean Validation provider: jakarta.validation.NoProviderFoundException: Unable to create a Configuration, because no Jakarta Validation provider could be found. Add a provider like Hibernate Validator (RI) to your classpath.
2026-08-10T17:41:26.001+09:00  WARN 25396 --- [CardCapture-back] [restartedMain] ConfigServletWebServerApplicationContext : Exception encountered during context initialization - cancelling refresh attempt: org.springframework.beans.factory.BeanCreationException: Error creating bean with name 'requestMappingHandlerMapping' defined in class path resource [org/springframework/boot/webmvc/autoconfigure/WebMvcAutoConfiguration$EnableWebMvcConfiguration.class]: Ambiguous mapping. Cannot map 'cardCaptureController' method 
jp.co.ea.cardcapture.controller.CardCaptureController#actionSeal()
to {POST [/api/cardcapture/actionSeal]}: There is already 'cardCaptureController' bean method
jp.co.ea.cardcapture.controller.CardCaptureController#actionBlowAway() mapped.
2026-08-10T17:41:26.002+09:00  INFO 25396 --- [CardCapture-back] [restartedMain] o.apache.catalina.core.StandardService   : Stopping service [Tomcat]
2026-08-10T17:41:26.015+09:00  INFO 25396 --- [CardCapture-back] [restartedMain] .s.b.a.l.ConditionEvaluationReportLogger : 

Error starting ApplicationContext. To display the condition evaluation report re-run your application with 'debug' enabled.
2026-08-10T17:41:26.070+09:00 ERROR 25396 --- [CardCapture-back] [restartedMain] o.s.boot.SpringApplication               : Application run failed

org.springframework.beans.factory.BeanCreationException: Error creating bean with name 'requestMappingHandlerMapping' defined in class path resource [org/springframework/boot/webmvc/autoconfigure/WebMvcAutoConfiguration$EnableWebMvcConfiguration.class]: Ambiguous mapping. Cannot map 'cardCaptureController' method 
jp.co.ea.cardcapture.controller.CardCaptureController#actionSeal()
to {POST [/api/cardcapture/actionSeal]}: There is already 'cardCaptureController' bean method
jp.co.ea.cardcapture.controller.CardCaptureController#actionBlowAway() mapped.
	at org.springframework.beans.factory.support.AbstractAutowireCapableBeanFactory.initializeBean(AbstractAutowireCapableBeanFactory.java:1815) ~[spring-beans-7.0.8.jar:7.0.8]
	at org.springframework.beans.factory.support.AbstractAutowireCapableBeanFactory.doCreateBean(AbstractAutowireCapableBeanFactory.java:603) ~[spring-beans-7.0.8.jar:7.0.8]
	at org.springframework.beans.factory.support.AbstractAutowireCapableBeanFactory.createBean(AbstractAutowireCapableBeanFactory.java:525) ~[spring-beans-7.0.8.jar:7.0.8]
	at org.springframework.beans.factory.support.AbstractBeanFactory.lambda$doGetBean$0(AbstractBeanFactory.java:333) ~[spring-beans-7.0.8.jar:7.0.8]
	at org.springframework.beans.factory.support.DefaultSingletonBeanRegistry.getSingleton(DefaultSingletonBeanRegistry.java:371) ~[spring-beans-7.0.8.jar:7.0.8]
	at org.springframework.beans.factory.support.AbstractBeanFactory.doGetBean(AbstractBeanFactory.java:331) ~[spring-beans-7.0.8.jar:7.0.8]
	at org.springframework.beans.factory.support.AbstractBeanFactory.getBean(AbstractBeanFactory.java:196) ~[spring-beans-7.0.8.jar:7.0.8]
	at org.springframework.beans.factory.support.DefaultListableBeanFactory.instantiateSingleton(DefaultListableBeanFactory.java:1225) ~[spring-beans-7.0.8.jar:7.0.8]
	at org.springframework.beans.factory.support.DefaultListableBeanFactory.preInstantiateSingleton(DefaultListableBeanFactory.java:1191) ~[spring-beans-7.0.8.jar:7.0.8]
	at org.springframework.beans.factory.support.DefaultListableBeanFactory.preInstantiateSingletons(DefaultListableBeanFactory.java:1121) ~[spring-beans-7.0.8.jar:7.0.8]
	at org.springframework.context.support.AbstractApplicationContext.finishBeanFactoryInitialization(AbstractApplicationContext.java:994) ~[spring-context-7.0.8.jar:7.0.8]
	at org.springframework.context.support.AbstractApplicationContext.refresh(AbstractApplicationContext.java:621) ~[spring-context-7.0.8.jar:7.0.8]
	at org.springframework.boot.web.server.servlet.context.ServletWebServerApplicationContext.refresh(ServletWebServerApplicationContext.java:143) ~[spring-boot-web-server-4.1.0.jar:4.1.0]
	at org.springframework.boot.SpringApplication.refresh(SpringApplication.java:756) ~[spring-boot-4.1.0.jar:4.1.0]
	at org.springframework.boot.SpringApplication.refreshContext(SpringApplication.java:445) ~[spring-boot-4.1.0.jar:4.1.0]
	at org.springframework.boot.SpringApplication.run(SpringApplication.java:321) ~[spring-boot-4.1.0.jar:4.1.0]
	at org.springframework.boot.SpringApplication.run(SpringApplication.java:1365) ~[spring-boot-4.1.0.jar:4.1.0]
	at org.springframework.boot.SpringApplication.run(SpringApplication.java:1354) ~[spring-boot-4.1.0.jar:4.1.0]
	at jp.co.ea.cardcapture.CardCaptureBackApplication.main(CardCaptureBackApplication.java:10) ~[main/:na]
	at java.base/jdk.internal.reflect.DirectMethodHandleAccessor.invoke(DirectMethodHandleAccessor.java:103) ~[na:na]
	at java.base/java.lang.reflect.Method.invoke(Method.java:580) ~[na:na]
	at org.springframework.boot.devtools.restart.RestartLauncher.run(RestartLauncher.java:52) ~[spring-boot-devtools-4.1.0.jar:4.1.0]
Caused by: java.lang.IllegalStateException: Ambiguous mapping. Cannot map 'cardCaptureController' method 
jp.co.ea.cardcapture.controller.CardCaptureController#actionSeal()
to {POST [/api/cardcapture/actionSeal]}: There is already 'cardCaptureController' bean method
jp.co.ea.cardcapture.controller.CardCaptureController#actionBlowAway() mapped.
	at org.springframework.web.servlet.handler.AbstractHandlerMethodMapping$MappingRegistry.validateMethodMapping(AbstractHandlerMethodMapping.java:646) ~[spring-webmvc-7.0.8.jar:7.0.8]
	at org.springframework.web.servlet.handler.AbstractHandlerMethodMapping$MappingRegistry.register(AbstractHandlerMethodMapping.java:606) ~[spring-webmvc-7.0.8.jar:7.0.8]
	at org.springframework.web.servlet.handler.AbstractHandlerMethodMapping.registerHandlerMethod(AbstractHandlerMethodMapping.java:327) ~[spring-webmvc-7.0.8.jar:7.0.8]
	at org.springframework.web.servlet.mvc.method.annotation.RequestMappingHandlerMapping.registerHandlerMethod(RequestMappingHandlerMapping.java:459) ~[spring-webmvc-7.0.8.jar:7.0.8]
	at org.springframework.web.servlet.mvc.method.annotation.RequestMappingHandlerMapping.registerHandlerMethod(RequestMappingHandlerMapping.java:80) ~[spring-webmvc-7.0.8.jar:7.0.8]
	at org.springframework.web.servlet.handler.AbstractHandlerMethodMapping.lambda$detectHandlerMethods$1(AbstractHandlerMethodMapping.java:294) ~[spring-webmvc-7.0.8.jar:7.0.8]
	at java.base/java.util.LinkedHashMap.forEach(LinkedHashMap.java:986) ~[na:na]
	at org.springframework.web.servlet.handler.AbstractHandlerMethodMapping.detectHandlerMethods(AbstractHandlerMethodMapping.java:292) ~[spring-webmvc-7.0.8.jar:7.0.8]
	at org.springframework.web.servlet.handler.AbstractHandlerMethodMapping.processCandidateBean(AbstractHandlerMethodMapping.java:261) ~[spring-webmvc-7.0.8.jar:7.0.8]
	at org.springframework.web.servlet.handler.AbstractHandlerMethodMapping.initHandlerMethods(AbstractHandlerMethodMapping.java:220) ~[spring-webmvc-7.0.8.jar:7.0.8]
	at org.springframework.web.servlet.handler.AbstractHandlerMethodMapping.afterPropertiesSet(AbstractHandlerMethodMapping.java:208) ~[spring-webmvc-7.0.8.jar:7.0.8]
	at org.springframework.web.servlet.mvc.method.annotation.RequestMappingHandlerMapping.afterPropertiesSet(RequestMappingHandlerMapping.java:158) ~[spring-webmvc-7.0.8.jar:7.0.8]
	at org.springframework.beans.factory.support.AbstractAutowireCapableBeanFactory.invokeInitMethods(AbstractAutowireCapableBeanFactory.java:1862) ~[spring-beans-7.0.8.jar:7.0.8]
	at org.springframework.beans.factory.support.AbstractAutowireCapableBeanFactory.initializeBean(AbstractAutowireCapableBeanFactory.java:1811) ~[spring-beans-7.0.8.jar:7.0.8]
	... 21 common frames omitted

2026-08-10T17:42:36.837+09:00  INFO 25396 --- [CardCapture-back] [restartedMain] j.c.e.c.CardCaptureBackApplication       : Starting CardCaptureBackApplication using Java 21.0.9 with PID 25396 (C:\kino-work\SpringBoot\CardCapture-back\bin\main started by NPC-61 in C:\kino-work\SpringBoot\CardCapture-back)
2026-08-10T17:42:36.838+09:00  INFO 25396 --- [CardCapture-back] [restartedMain] j.c.e.c.CardCaptureBackApplication       : No active profile set, falling back to 1 default profile: "default"
2026-08-10T17:42:37.130+09:00  INFO 25396 --- [CardCapture-back] [restartedMain] o.s.boot.tomcat.TomcatWebServer          : Tomcat initialized with port 8080 (http)
2026-08-10T17:42:37.132+09:00  INFO 25396 --- [CardCapture-back] [restartedMain] o.apache.catalina.core.StandardService   : Starting service [Tomcat]
2026-08-10T17:42:37.132+09:00  INFO 25396 --- [CardCapture-back] [restartedMain] o.apache.catalina.core.StandardEngine    : Starting Servlet engine: [Apache Tomcat/11.0.22]
2026-08-10T17:42:37.150+09:00  INFO 25396 --- [CardCapture-back] [restartedMain] b.w.c.s.WebApplicationContextInitializer : Root WebApplicationContext: initialization completed in 308 ms
2026-08-10T17:42:37.192+09:00  INFO 25396 --- [CardCapture-back] [restartedMain] j.c.e.c.service.GlobalStateService       : createDeck; 開始
2026-08-10T17:42:37.195+09:00  INFO 25396 --- [CardCapture-back] [restartedMain] j.c.e.c.service.GlobalStateService       : createDeck; 終了
2026-08-10T17:42:37.240+09:00  INFO 25396 --- [CardCapture-back] [restartedMain] o.s.v.b.OptionalValidatorFactoryBean     : Failed to set up a Bean Validation provider: jakarta.validation.NoProviderFoundException: Unable to create a Configuration, because no Jakarta Validation provider could be found. Add a provider like Hibernate Validator (RI) to your classpath.
2026-08-10T17:42:37.261+09:00  WARN 25396 --- [CardCapture-back] [restartedMain] ConfigServletWebServerApplicationContext : Exception encountered during context initialization - cancelling refresh attempt: org.springframework.beans.factory.BeanCreationException: Error creating bean with name 'requestMappingHandlerMapping' defined in class path resource [org/springframework/boot/webmvc/autoconfigure/WebMvcAutoConfiguration$EnableWebMvcConfiguration.class]: Ambiguous mapping. Cannot map 'cardCaptureController' method 
jp.co.ea.cardcapture.controller.CardCaptureController#actionSeal()
to {POST [/api/cardcapture/actionSeal]}: There is already 'cardCaptureController' bean method
jp.co.ea.cardcapture.controller.CardCaptureController#actionBlowAway() mapped.
2026-08-10T17:42:37.262+09:00  INFO 25396 --- [CardCapture-back] [restartedMain] o.apache.catalina.core.StandardService   : Stopping service [Tomcat]
2026-08-10T17:42:37.270+09:00  INFO 25396 --- [CardCapture-back] [restartedMain] .s.b.a.l.ConditionEvaluationReportLogger : 

Error starting ApplicationContext. To display the condition evaluation report re-run your application with 'debug' enabled.
2026-08-10T17:42:37.275+09:00 ERROR 25396 --- [CardCapture-back] [restartedMain] o.s.boot.SpringApplication               : Application run failed

org.springframework.beans.factory.BeanCreationException: Error creating bean with name 'requestMappingHandlerMapping' defined in class path resource [org/springframework/boot/webmvc/autoconfigure/WebMvcAutoConfiguration$EnableWebMvcConfiguration.class]: Ambiguous mapping. Cannot map 'cardCaptureController' method 
jp.co.ea.cardcapture.controller.CardCaptureController#actionSeal()
to {POST [/api/cardcapture/actionSeal]}: There is already 'cardCaptureController' bean method
jp.co.ea.cardcapture.controller.CardCaptureController#actionBlowAway() mapped.
	at org.springframework.beans.factory.support.AbstractAutowireCapableBeanFactory.initializeBean(AbstractAutowireCapableBeanFactory.java:1815) ~[spring-beans-7.0.8.jar:7.0.8]
	at org.springframework.beans.factory.support.AbstractAutowireCapableBeanFactory.doCreateBean(AbstractAutowireCapableBeanFactory.java:603) ~[spring-beans-7.0.8.jar:7.0.8]
	at org.springframework.beans.factory.support.AbstractAutowireCapableBeanFactory.createBean(AbstractAutowireCapableBeanFactory.java:525) ~[spring-beans-7.0.8.jar:7.0.8]
	at org.springframework.beans.factory.support.AbstractBeanFactory.lambda$doGetBean$0(AbstractBeanFactory.java:333) ~[spring-beans-7.0.8.jar:7.0.8]
	at org.springframework.beans.factory.support.DefaultSingletonBeanRegistry.getSingleton(DefaultSingletonBeanRegistry.java:371) ~[spring-beans-7.0.8.jar:7.0.8]
	at org.springframework.beans.factory.support.AbstractBeanFactory.doGetBean(AbstractBeanFactory.java:331) ~[spring-beans-7.0.8.jar:7.0.8]
	at org.springframework.beans.factory.support.AbstractBeanFactory.getBean(AbstractBeanFactory.java:196) ~[spring-beans-7.0.8.jar:7.0.8]
	at org.springframework.beans.factory.support.DefaultListableBeanFactory.instantiateSingleton(DefaultListableBeanFactory.java:1225) ~[spring-beans-7.0.8.jar:7.0.8]
	at org.springframework.beans.factory.support.DefaultListableBeanFactory.preInstantiateSingleton(DefaultListableBeanFactory.java:1191) ~[spring-beans-7.0.8.jar:7.0.8]
	at org.springframework.beans.factory.support.DefaultListableBeanFactory.preInstantiateSingletons(DefaultListableBeanFactory.java:1121) ~[spring-beans-7.0.8.jar:7.0.8]
	at org.springframework.context.support.AbstractApplicationContext.finishBeanFactoryInitialization(AbstractApplicationContext.java:994) ~[spring-context-7.0.8.jar:7.0.8]
	at org.springframework.context.support.AbstractApplicationContext.refresh(AbstractApplicationContext.java:621) ~[spring-context-7.0.8.jar:7.0.8]
	at org.springframework.boot.web.server.servlet.context.ServletWebServerApplicationContext.refresh(ServletWebServerApplicationContext.java:143) ~[spring-boot-web-server-4.1.0.jar:4.1.0]
	at org.springframework.boot.SpringApplication.refresh(SpringApplication.java:756) ~[spring-boot-4.1.0.jar:4.1.0]
	at org.springframework.boot.SpringApplication.refreshContext(SpringApplication.java:445) ~[spring-boot-4.1.0.jar:4.1.0]
	at org.springframework.boot.SpringApplication.run(SpringApplication.java:321) ~[spring-boot-4.1.0.jar:4.1.0]
	at org.springframework.boot.SpringApplication.run(SpringApplication.java:1365) ~[spring-boot-4.1.0.jar:4.1.0]
	at org.springframework.boot.SpringApplication.run(SpringApplication.java:1354) ~[spring-boot-4.1.0.jar:4.1.0]
	at jp.co.ea.cardcapture.CardCaptureBackApplication.main(CardCaptureBackApplication.java:10) ~[main/:na]
	at java.base/jdk.internal.reflect.DirectMethodHandleAccessor.invoke(DirectMethodHandleAccessor.java:103) ~[na:na]
	at java.base/java.lang.reflect.Method.invoke(Method.java:580) ~[na:na]
	at org.springframework.boot.devtools.restart.RestartLauncher.run(RestartLauncher.java:52) ~[spring-boot-devtools-4.1.0.jar:4.1.0]
Caused by: java.lang.IllegalStateException: Ambiguous mapping. Cannot map 'cardCaptureController' method 
jp.co.ea.cardcapture.controller.CardCaptureController#actionSeal()
to {POST [/api/cardcapture/actionSeal]}: There is already 'cardCaptureController' bean method
jp.co.ea.cardcapture.controller.CardCaptureController#actionBlowAway() mapped.
	at org.springframework.web.servlet.handler.AbstractHandlerMethodMapping$MappingRegistry.validateMethodMapping(AbstractHandlerMethodMapping.java:646) ~[spring-webmvc-7.0.8.jar:7.0.8]
	at org.springframework.web.servlet.handler.AbstractHandlerMethodMapping$MappingRegistry.register(AbstractHandlerMethodMapping.java:606) ~[spring-webmvc-7.0.8.jar:7.0.8]
	at org.springframework.web.servlet.handler.AbstractHandlerMethodMapping.registerHandlerMethod(AbstractHandlerMethodMapping.java:327) ~[spring-webmvc-7.0.8.jar:7.0.8]
	at org.springframework.web.servlet.mvc.method.annotation.RequestMappingHandlerMapping.registerHandlerMethod(RequestMappingHandlerMapping.java:459) ~[spring-webmvc-7.0.8.jar:7.0.8]
	at org.springframework.web.servlet.mvc.method.annotation.RequestMappingHandlerMapping.registerHandlerMethod(RequestMappingHandlerMapping.java:80) ~[spring-webmvc-7.0.8.jar:7.0.8]
	at org.springframework.web.servlet.handler.AbstractHandlerMethodMapping.lambda$detectHandlerMethods$1(AbstractHandlerMethodMapping.java:294) ~[spring-webmvc-7.0.8.jar:7.0.8]
	at java.base/java.util.LinkedHashMap.forEach(LinkedHashMap.java:986) ~[na:na]
	at org.springframework.web.servlet.handler.AbstractHandlerMethodMapping.detectHandlerMethods(AbstractHandlerMethodMapping.java:292) ~[spring-webmvc-7.0.8.jar:7.0.8]
	at org.springframework.web.servlet.handler.AbstractHandlerMethodMapping.processCandidateBean(AbstractHandlerMethodMapping.java:261) ~[spring-webmvc-7.0.8.jar:7.0.8]
	at org.springframework.web.servlet.handler.AbstractHandlerMethodMapping.initHandlerMethods(AbstractHandlerMethodMapping.java:220) ~[spring-webmvc-7.0.8.jar:7.0.8]
	at org.springframework.web.servlet.handler.AbstractHandlerMethodMapping.afterPropertiesSet(AbstractHandlerMethodMapping.java:208) ~[spring-webmvc-7.0.8.jar:7.0.8]
	at org.springframework.web.servlet.mvc.method.annotation.RequestMappingHandlerMapping.afterPropertiesSet(RequestMappingHandlerMapping.java:158) ~[spring-webmvc-7.0.8.jar:7.0.8]
	at org.springframework.beans.factory.support.AbstractAutowireCapableBeanFactory.invokeInitMethods(AbstractAutowireCapableBeanFactory.java:1862) ~[spring-beans-7.0.8.jar:7.0.8]
	at org.springframework.beans.factory.support.AbstractAutowireCapableBeanFactory.initializeBean(AbstractAutowireCapableBeanFactory.java:1811) ~[spring-beans-7.0.8.jar:7.0.8]
	... 21 common frames omitted

2026-08-10T17:43:09.693+09:00  INFO 25396 --- [CardCapture-back] [restartedMain] j.c.e.c.CardCaptureBackApplication       : Starting CardCaptureBackApplication using Java 21.0.9 with PID 25396 (C:\kino-work\SpringBoot\CardCapture-back\bin\main started by NPC-61 in C:\kino-work\SpringBoot\CardCapture-back)
2026-08-10T17:43:09.708+09:00  INFO 25396 --- [CardCapture-back] [restartedMain] j.c.e.c.CardCaptureBackApplication       : No active profile set, falling back to 1 default profile: "default"
2026-08-10T17:43:10.036+09:00  INFO 25396 --- [CardCapture-back] [restartedMain] o.s.boot.tomcat.TomcatWebServer          : Tomcat initialized with port 8080 (http)
2026-08-10T17:43:10.037+09:00  INFO 25396 --- [CardCapture-back] [restartedMain] o.apache.catalina.core.StandardService   : Starting service [Tomcat]
2026-08-10T17:43:10.038+09:00  INFO 25396 --- [CardCapture-back] [restartedMain] o.apache.catalina.core.StandardEngine    : Starting Servlet engine: [Apache Tomcat/11.0.22]
2026-08-10T17:43:10.055+09:00  INFO 25396 --- [CardCapture-back] [restartedMain] b.w.c.s.WebApplicationContextInitializer : Root WebApplicationContext: initialization completed in 339 ms
2026-08-10T17:43:10.108+09:00  INFO 25396 --- [CardCapture-back] [restartedMain] j.c.e.c.service.GlobalStateService       : createDeck; 開始
2026-08-10T17:43:10.111+09:00  INFO 25396 --- [CardCapture-back] [restartedMain] j.c.e.c.service.GlobalStateService       : createDeck; 終了
2026-08-10T17:43:10.158+09:00  INFO 25396 --- [CardCapture-back] [restartedMain] o.s.v.b.OptionalValidatorFactoryBean     : Failed to set up a Bean Validation provider: jakarta.validation.NoProviderFoundException: Unable to create a Configuration, because no Jakarta Validation provider could be found. Add a provider like Hibernate Validator (RI) to your classpath.
2026-08-10T17:43:10.299+09:00  INFO 25396 --- [CardCapture-back] [restartedMain] o.s.boot.tomcat.TomcatWebServer          : Tomcat started on port 8080 (http) with context path '/'
2026-08-10T17:43:10.307+09:00  INFO 25396 --- [CardCapture-back] [restartedMain] j.c.e.c.CardCaptureBackApplication       : Started CardCaptureBackApplication in 0.654 seconds (process running for 437.677)
2026-08-10T17:43:10.311+09:00  INFO 25396 --- [CardCapture-back] [restartedMain] .ConditionEvaluationDeltaLoggingListener : Condition evaluation unchanged
2026-08-10T17:43:16.678+09:00  INFO 25396 --- [CardCapture-back] [RMI TCP Connection(18)-127.0.0.1] inMXBeanRegistrar$SpringApplicationAdmin : Application shutdown requested.
2026-08-10T17:43:16.679+09:00  INFO 25396 --- [CardCapture-back] [RMI TCP Connection(18)-127.0.0.1] o.s.boot.tomcat.GracefulShutdown         : Commencing graceful shutdown. Waiting for active requests to complete
2026-08-10T17:43:16.687+09:00  INFO 25396 --- [CardCapture-back] [tomcat-shutdown] o.s.boot.tomcat.GracefulShutdown         : Graceful shutdown complete
