2026-08-08T00:10:53.937+09:00  INFO 24256 --- [CardCapture-back] [File Watcher] rtingClassPathChangeChangedEventListener : Restarting due to 18 class path changes (0 additions, 0 deletions, 18 modifications)
2026-08-08T00:10:54.120+09:00  INFO 24256 --- [CardCapture-back] [Thread-1] o.s.boot.tomcat.GracefulShutdown         : Commencing graceful shutdown. Waiting for active requests to complete
2026-08-08T00:10:54.287+09:00  INFO 24256 --- [CardCapture-back] [tomcat-shutdown] o.s.boot.tomcat.GracefulShutdown         : Graceful shutdown complete
2026-08-08T00:10:54.712+09:00  INFO 24256 --- [CardCapture-back] [restartedMain] j.c.e.c.CardCaptureBackApplication       : Starting CardCaptureBackApplication using Java 21.0.9 with PID 24256 (C:\kino-work\SpringBoot\CardCapture-back\bin\main started by NPC-61 in C:\kino-work\SpringBoot\CardCapture-back)
2026-08-08T00:10:54.713+09:00  INFO 24256 --- [CardCapture-back] [restartedMain] j.c.e.c.CardCaptureBackApplication       : No active profile set, falling back to 1 default profile: "default"
2026-08-08T00:10:55.313+09:00  INFO 24256 --- [CardCapture-back] [restartedMain] o.s.boot.tomcat.TomcatWebServer          : Tomcat initialized with port 8080 (http)
2026-08-08T00:10:55.316+09:00  INFO 24256 --- [CardCapture-back] [restartedMain] o.apache.catalina.core.StandardService   : Starting service [Tomcat]
2026-08-08T00:10:55.317+09:00  INFO 24256 --- [CardCapture-back] [restartedMain] o.apache.catalina.core.StandardEngine    : Starting Servlet engine: [Apache Tomcat/11.0.22]
2026-08-08T00:10:55.336+09:00  INFO 24256 --- [CardCapture-back] [restartedMain] b.w.c.s.WebApplicationContextInitializer : Root WebApplicationContext: initialization completed in 614 ms
2026-08-08T00:10:55.409+09:00  INFO 24256 --- [CardCapture-back] [restartedMain] o.s.v.b.OptionalValidatorFactoryBean     : Failed to set up a Bean Validation provider: jakarta.validation.NoProviderFoundException: Unable to create a Configuration, because no Jakarta Validation provider could be found. Add a provider like Hibernate Validator (RI) to your classpath.
2026-08-08T00:10:55.525+09:00  INFO 24256 --- [CardCapture-back] [restartedMain] o.s.boot.tomcat.TomcatWebServer          : Tomcat started on port 8080 (http) with context path '/'
2026-08-08T00:10:55.530+09:00  INFO 24256 --- [CardCapture-back] [restartedMain] j.c.e.c.CardCaptureBackApplication       : Started CardCaptureBackApplication in 0.877 seconds (process running for 18776.449)
2026-08-08T00:10:55.533+09:00  INFO 24256 --- [CardCapture-back] [restartedMain] .ConditionEvaluationDeltaLoggingListener : Condition evaluation unchanged
2026-08-08T00:11:15.561+09:00  INFO 24256 --- [CardCapture-back] [http-nio-8080-exec-1] o.a.c.c.C.[Tomcat].[localhost].[/]       : Initializing Spring DispatcherServlet 'dispatcherServlet'
2026-08-08T00:11:15.561+09:00  INFO 24256 --- [CardCapture-back] [http-nio-8080-exec-1] o.s.web.servlet.DispatcherServlet        : Initializing Servlet 'dispatcherServlet'
2026-08-08T00:11:15.562+09:00  INFO 24256 --- [CardCapture-back] [http-nio-8080-exec-1] o.s.web.servlet.DispatcherServlet        : Completed initialization in 1 ms
2026-08-08T00:11:16.140+09:00  INFO 24256 --- [CardCapture-back] [http-nio-8080-exec-4] o.springdoc.api.AbstractOpenApiResource  : Init duration for springdoc-openapi is: 178 ms
2026-08-08T00:11:19.257+09:00  INFO 24256 --- [CardCapture-back] [http-nio-8080-exec-5] j.c.e.c.service.CardCuptureInitService   : CardCuptureInitService; init 開始
2026-08-08T00:11:19.258+09:00  INFO 24256 --- [CardCapture-back] [http-nio-8080-exec-5] jp.co.ea.cardcapture.model.TrumpDeck     : createDeck; 開始
2026-08-08T00:11:19.265+09:00  INFO 24256 --- [CardCapture-back] [http-nio-8080-exec-5] jp.co.ea.cardcapture.model.TrumpDeck     : createDeck; makeCard :code; 103 / suitLスペード s:1 / num: 2 numLab:2
2026-08-08T00:11:19.269+09:00  INFO 24256 --- [CardCapture-back] [http-nio-8080-exec-5] jp.co.ea.cardcapture.model.TrumpDeck     : createDeck; makeCard :code; 104 / suitLスペード s:1 / num: 3 numLab:3
2026-08-08T00:11:19.270+09:00  INFO 24256 --- [CardCapture-back] [http-nio-8080-exec-5] jp.co.ea.cardcapture.model.TrumpDeck     : createDeck; makeCard :code; 105 / suitLスペード s:1 / num: 4 numLab:4
2026-08-08T00:11:19.270+09:00  INFO 24256 --- [CardCapture-back] [http-nio-8080-exec-5] jp.co.ea.cardcapture.model.TrumpDeck     : createDeck; makeCard :code; 106 / suitLスペード s:1 / num: 5 numLab:5
2026-08-08T00:11:19.270+09:00  INFO 24256 --- [CardCapture-back] [http-nio-8080-exec-5] jp.co.ea.cardcapture.model.TrumpDeck     : createDeck; makeCard :code; 107 / suitLスペード s:1 / num: 6 numLab:6
2026-08-08T00:11:19.270+09:00  INFO 24256 --- [CardCapture-back] [http-nio-8080-exec-5] jp.co.ea.cardcapture.model.TrumpDeck     : createDeck; makeCard :code; 108 / suitLスペード s:1 / num: 7 numLab:7
2026-08-08T00:11:19.270+09:00  INFO 24256 --- [CardCapture-back] [http-nio-8080-exec-5] jp.co.ea.cardcapture.model.TrumpDeck     : createDeck; makeCard :code; 109 / suitLスペード s:1 / num: 8 numLab:8
2026-08-08T00:11:19.271+09:00  INFO 24256 --- [CardCapture-back] [http-nio-8080-exec-5] jp.co.ea.cardcapture.model.TrumpDeck     : createDeck; makeCard :code; 110 / suitLスペード s:1 / num: 9 numLab:9
2026-08-08T00:11:19.271+09:00  INFO 24256 --- [CardCapture-back] [http-nio-8080-exec-5] jp.co.ea.cardcapture.model.TrumpDeck     : createDeck; makeCard :code; 111 / suitLスペード s:1 / num: 10 numLab:10
2026-08-08T00:11:19.271+09:00  INFO 24256 --- [CardCapture-back] [http-nio-8080-exec-5] jp.co.ea.cardcapture.model.TrumpDeck     : createDeck; makeCard :code; 112 / suitLスペード s:1 / num: 11 numLab:ジャック
2026-08-08T00:11:19.271+09:00  INFO 24256 --- [CardCapture-back] [http-nio-8080-exec-5] jp.co.ea.cardcapture.model.TrumpDeck     : createDeck; makeCard :code; 113 / suitLスペード s:1 / num: 12 numLab:クイーン
2026-08-08T00:11:19.271+09:00  INFO 24256 --- [CardCapture-back] [http-nio-8080-exec-5] jp.co.ea.cardcapture.model.TrumpDeck     : createDeck; makeCard :code; 114 / suitLスペード s:1 / num: 13 numLab:キング
2026-08-08T00:11:19.271+09:00  INFO 24256 --- [CardCapture-back] [http-nio-8080-exec-5] jp.co.ea.cardcapture.model.TrumpDeck     : createDeck; makeCard :code; 115 / suitLスペード s:1 / num: 14 numLab:エース
2026-08-08T00:11:19.271+09:00  INFO 24256 --- [CardCapture-back] [http-nio-8080-exec-5] jp.co.ea.cardcapture.model.TrumpDeck     : createDeck; makeCard :code; 104 / suitLハート s:2 / num: 2 numLab:2
2026-08-08T00:11:19.271+09:00  INFO 24256 --- [CardCapture-back] [http-nio-8080-exec-5] jp.co.ea.cardcapture.model.TrumpDeck     : createDeck; makeCard :code; 105 / suitLハート s:2 / num: 3 numLab:3
2026-08-08T00:11:19.271+09:00  INFO 24256 --- [CardCapture-back] [http-nio-8080-exec-5] jp.co.ea.cardcapture.model.TrumpDeck     : createDeck; makeCard :code; 106 / suitLハート s:2 / num: 4 numLab:4
2026-08-08T00:11:19.271+09:00  INFO 24256 --- [CardCapture-back] [http-nio-8080-exec-5] jp.co.ea.cardcapture.model.TrumpDeck     : createDeck; makeCard :code; 107 / suitLハート s:2 / num: 5 numLab:5
2026-08-08T00:11:19.271+09:00  INFO 24256 --- [CardCapture-back] [http-nio-8080-exec-5] jp.co.ea.cardcapture.model.TrumpDeck     : createDeck; makeCard :code; 108 / suitLハート s:2 / num: 6 numLab:6
2026-08-08T00:11:19.273+09:00  INFO 24256 --- [CardCapture-back] [http-nio-8080-exec-5] jp.co.ea.cardcapture.model.TrumpDeck     : createDeck; makeCard :code; 109 / suitLハート s:2 / num: 7 numLab:7
2026-08-08T00:11:19.273+09:00  INFO 24256 --- [CardCapture-back] [http-nio-8080-exec-5] jp.co.ea.cardcapture.model.TrumpDeck     : createDeck; makeCard :code; 110 / suitLハート s:2 / num: 8 numLab:8
2026-08-08T00:11:19.273+09:00  INFO 24256 --- [CardCapture-back] [http-nio-8080-exec-5] jp.co.ea.cardcapture.model.TrumpDeck     : createDeck; makeCard :code; 111 / suitLハート s:2 / num: 9 numLab:9
2026-08-08T00:11:19.273+09:00  INFO 24256 --- [CardCapture-back] [http-nio-8080-exec-5] jp.co.ea.cardcapture.model.TrumpDeck     : createDeck; makeCard :code; 112 / suitLハート s:2 / num: 10 numLab:10
2026-08-08T00:11:19.273+09:00  INFO 24256 --- [CardCapture-back] [http-nio-8080-exec-5] jp.co.ea.cardcapture.model.TrumpDeck     : createDeck; makeCard :code; 113 / suitLハート s:2 / num: 11 numLab:ジャック
2026-08-08T00:11:19.273+09:00  INFO 24256 --- [CardCapture-back] [http-nio-8080-exec-5] jp.co.ea.cardcapture.model.TrumpDeck     : createDeck; makeCard :code; 114 / suitLハート s:2 / num: 12 numLab:クイーン
2026-08-08T00:11:19.273+09:00  INFO 24256 --- [CardCapture-back] [http-nio-8080-exec-5] jp.co.ea.cardcapture.model.TrumpDeck     : createDeck; makeCard :code; 115 / suitLハート s:2 / num: 13 numLab:キング
2026-08-08T00:11:19.273+09:00  INFO 24256 --- [CardCapture-back] [http-nio-8080-exec-5] jp.co.ea.cardcapture.model.TrumpDeck     : createDeck; makeCard :code; 116 / suitLハート s:2 / num: 14 numLab:エース
2026-08-08T00:11:19.273+09:00  INFO 24256 --- [CardCapture-back] [http-nio-8080-exec-5] jp.co.ea.cardcapture.model.TrumpDeck     : createDeck; makeCard :code; 105 / suitLダイヤ s:3 / num: 2 numLab:2
2026-08-08T00:11:19.273+09:00  INFO 24256 --- [CardCapture-back] [http-nio-8080-exec-5] jp.co.ea.cardcapture.model.TrumpDeck     : createDeck; makeCard :code; 106 / suitLダイヤ s:3 / num: 3 numLab:3
2026-08-08T00:11:19.273+09:00  INFO 24256 --- [CardCapture-back] [http-nio-8080-exec-5] jp.co.ea.cardcapture.model.TrumpDeck     : createDeck; makeCard :code; 107 / suitLダイヤ s:3 / num: 4 numLab:4
2026-08-08T00:11:19.274+09:00  INFO 24256 --- [CardCapture-back] [http-nio-8080-exec-5] jp.co.ea.cardcapture.model.TrumpDeck     : createDeck; makeCard :code; 108 / suitLダイヤ s:3 / num: 5 numLab:5
2026-08-08T00:11:19.274+09:00  INFO 24256 --- [CardCapture-back] [http-nio-8080-exec-5] jp.co.ea.cardcapture.model.TrumpDeck     : createDeck; makeCard :code; 109 / suitLダイヤ s:3 / num: 6 numLab:6
2026-08-08T00:11:19.274+09:00  INFO 24256 --- [CardCapture-back] [http-nio-8080-exec-5] jp.co.ea.cardcapture.model.TrumpDeck     : createDeck; makeCard :code; 110 / suitLダイヤ s:3 / num: 7 numLab:7
2026-08-08T00:11:19.274+09:00  INFO 24256 --- [CardCapture-back] [http-nio-8080-exec-5] jp.co.ea.cardcapture.model.TrumpDeck     : createDeck; makeCard :code; 111 / suitLダイヤ s:3 / num: 8 numLab:8
2026-08-08T00:11:19.274+09:00  INFO 24256 --- [CardCapture-back] [http-nio-8080-exec-5] jp.co.ea.cardcapture.model.TrumpDeck     : createDeck; makeCard :code; 112 / suitLダイヤ s:3 / num: 9 numLab:9
2026-08-08T00:11:19.274+09:00  INFO 24256 --- [CardCapture-back] [http-nio-8080-exec-5] jp.co.ea.cardcapture.model.TrumpDeck     : createDeck; makeCard :code; 113 / suitLダイヤ s:3 / num: 10 numLab:10
2026-08-08T00:11:19.275+09:00  INFO 24256 --- [CardCapture-back] [http-nio-8080-exec-5] jp.co.ea.cardcapture.model.TrumpDeck     : createDeck; makeCard :code; 114 / suitLダイヤ s:3 / num: 11 numLab:ジャック
2026-08-08T00:11:19.275+09:00  INFO 24256 --- [CardCapture-back] [http-nio-8080-exec-5] jp.co.ea.cardcapture.model.TrumpDeck     : createDeck; makeCard :code; 115 / suitLダイヤ s:3 / num: 12 numLab:クイーン
2026-08-08T00:11:19.275+09:00  INFO 24256 --- [CardCapture-back] [http-nio-8080-exec-5] jp.co.ea.cardcapture.model.TrumpDeck     : createDeck; makeCard :code; 116 / suitLダイヤ s:3 / num: 13 numLab:キング
2026-08-08T00:11:19.276+09:00  INFO 24256 --- [CardCapture-back] [http-nio-8080-exec-5] jp.co.ea.cardcapture.model.TrumpDeck     : createDeck; makeCard :code; 117 / suitLダイヤ s:3 / num: 14 numLab:エース
2026-08-08T00:11:19.276+09:00  INFO 24256 --- [CardCapture-back] [http-nio-8080-exec-5] jp.co.ea.cardcapture.model.TrumpDeck     : createDeck; makeCard :code; 106 / suitLクラブ s:4 / num: 2 numLab:2
2026-08-08T00:11:19.276+09:00  INFO 24256 --- [CardCapture-back] [http-nio-8080-exec-5] jp.co.ea.cardcapture.model.TrumpDeck     : createDeck; makeCard :code; 107 / suitLクラブ s:4 / num: 3 numLab:3
2026-08-08T00:11:19.276+09:00  INFO 24256 --- [CardCapture-back] [http-nio-8080-exec-5] jp.co.ea.cardcapture.model.TrumpDeck     : createDeck; makeCard :code; 108 / suitLクラブ s:4 / num: 4 numLab:4
2026-08-08T00:11:19.276+09:00  INFO 24256 --- [CardCapture-back] [http-nio-8080-exec-5] jp.co.ea.cardcapture.model.TrumpDeck     : createDeck; makeCard :code; 109 / suitLクラブ s:4 / num: 5 numLab:5
2026-08-08T00:11:19.276+09:00  INFO 24256 --- [CardCapture-back] [http-nio-8080-exec-5] jp.co.ea.cardcapture.model.TrumpDeck     : createDeck; makeCard :code; 110 / suitLクラブ s:4 / num: 6 numLab:6
2026-08-08T00:11:19.276+09:00  INFO 24256 --- [CardCapture-back] [http-nio-8080-exec-5] jp.co.ea.cardcapture.model.TrumpDeck     : createDeck; makeCard :code; 111 / suitLクラブ s:4 / num: 7 numLab:7
2026-08-08T00:11:19.276+09:00  INFO 24256 --- [CardCapture-back] [http-nio-8080-exec-5] jp.co.ea.cardcapture.model.TrumpDeck     : createDeck; makeCard :code; 112 / suitLクラブ s:4 / num: 8 numLab:8
2026-08-08T00:11:19.276+09:00  INFO 24256 --- [CardCapture-back] [http-nio-8080-exec-5] jp.co.ea.cardcapture.model.TrumpDeck     : createDeck; makeCard :code; 113 / suitLクラブ s:4 / num: 9 numLab:9
2026-08-08T00:11:19.276+09:00  INFO 24256 --- [CardCapture-back] [http-nio-8080-exec-5] jp.co.ea.cardcapture.model.TrumpDeck     : createDeck; makeCard :code; 114 / suitLクラブ s:4 / num: 10 numLab:10
2026-08-08T00:11:19.277+09:00  INFO 24256 --- [CardCapture-back] [http-nio-8080-exec-5] jp.co.ea.cardcapture.model.TrumpDeck     : createDeck; makeCard :code; 115 / suitLクラブ s:4 / num: 11 numLab:ジャック
2026-08-08T00:11:19.277+09:00  INFO 24256 --- [CardCapture-back] [http-nio-8080-exec-5] jp.co.ea.cardcapture.model.TrumpDeck     : createDeck; makeCard :code; 116 / suitLクラブ s:4 / num: 12 numLab:クイーン
2026-08-08T00:11:19.277+09:00  INFO 24256 --- [CardCapture-back] [http-nio-8080-exec-5] jp.co.ea.cardcapture.model.TrumpDeck     : createDeck; makeCard :code; 117 / suitLクラブ s:4 / num: 13 numLab:キング
2026-08-08T00:11:19.277+09:00  INFO 24256 --- [CardCapture-back] [http-nio-8080-exec-5] jp.co.ea.cardcapture.model.TrumpDeck     : createDeck; makeCard :code; 118 / suitLクラブ s:4 / num: 14 numLab:エース
2026-08-08T00:11:19.277+09:00  INFO 24256 --- [CardCapture-back] [http-nio-8080-exec-5] jp.co.ea.cardcapture.model.TrumpDeck     : createDeck; makeCard :code; 106 / suitLジョーカー s:5 / num: 1 numLab:1
2026-08-08T00:11:19.277+09:00  INFO 24256 --- [CardCapture-back] [http-nio-8080-exec-5] jp.co.ea.cardcapture.model.TrumpDeck     : createDeck; makeCard :code; 107 / suitLジョーカー s:5 / num: 2 numLab:2
2026-08-08T00:11:19.277+09:00  INFO 24256 --- [CardCapture-back] [http-nio-8080-exec-5] jp.co.ea.cardcapture.model.TrumpDeck     : createDeck; 終了
2026-08-08T00:11:19.277+09:00  INFO 24256 --- [CardCapture-back] [http-nio-8080-exec-5] j.c.e.c.service.CardCuptureInitService   : CardCuptureInitService; init 終了
2026-08-08T00:14:56.418+09:00  INFO 24256 --- [CardCapture-back] [File Watcher] rtingClassPathChangeChangedEventListener : Restarting due to 18 class path changes (0 additions, 0 deletions, 18 modifications)
2026-08-08T00:14:56.502+09:00  INFO 24256 --- [CardCapture-back] [Thread-5] o.s.boot.tomcat.GracefulShutdown         : Commencing graceful shutdown. Waiting for active requests to complete
2026-08-08T00:14:56.531+09:00  INFO 24256 --- [CardCapture-back] [tomcat-shutdown] o.s.boot.tomcat.GracefulShutdown         : Graceful shutdown complete
2026-08-08T00:14:57.012+09:00  INFO 24256 --- [CardCapture-back] [restartedMain] j.c.e.c.CardCaptureBackApplication       : Starting CardCaptureBackApplication using Java 21.0.9 with PID 24256 (C:\kino-work\SpringBoot\CardCapture-back\bin\main started by NPC-61 in C:\kino-work\SpringBoot\CardCapture-back)
2026-08-08T00:14:57.014+09:00  INFO 24256 --- [CardCapture-back] [restartedMain] j.c.e.c.CardCaptureBackApplication       : No active profile set, falling back to 1 default profile: "default"
2026-08-08T00:14:57.515+09:00  INFO 24256 --- [CardCapture-back] [restartedMain] o.s.boot.tomcat.TomcatWebServer          : Tomcat initialized with port 8080 (http)
2026-08-08T00:14:57.516+09:00  INFO 24256 --- [CardCapture-back] [restartedMain] o.apache.catalina.core.StandardService   : Starting service [Tomcat]
2026-08-08T00:14:57.516+09:00  INFO 24256 --- [CardCapture-back] [restartedMain] o.apache.catalina.core.StandardEngine    : Starting Servlet engine: [Apache Tomcat/11.0.22]
2026-08-08T00:14:57.534+09:00  INFO 24256 --- [CardCapture-back] [restartedMain] b.w.c.s.WebApplicationContextInitializer : Root WebApplicationContext: initialization completed in 514 ms
2026-08-08T00:14:57.576+09:00  INFO 24256 --- [CardCapture-back] [restartedMain] o.s.v.b.OptionalValidatorFactoryBean     : Failed to set up a Bean Validation provider: jakarta.validation.NoProviderFoundException: Unable to create a Configuration, because no Jakarta Validation provider could be found. Add a provider like Hibernate Validator (RI) to your classpath.
2026-08-08T00:14:57.647+09:00  INFO 24256 --- [CardCapture-back] [restartedMain] o.s.boot.tomcat.TomcatWebServer          : Tomcat started on port 8080 (http) with context path '/'
2026-08-08T00:14:57.652+09:00  INFO 24256 --- [CardCapture-back] [restartedMain] j.c.e.c.CardCaptureBackApplication       : Started CardCaptureBackApplication in 0.695 seconds (process running for 19018.571)
2026-08-08T00:14:57.654+09:00  INFO 24256 --- [CardCapture-back] [restartedMain] .ConditionEvaluationDeltaLoggingListener : Condition evaluation unchanged
2026-08-08T00:15:01.574+09:00  INFO 24256 --- [CardCapture-back] [http-nio-8080-exec-1] o.a.c.c.C.[Tomcat].[localhost].[/]       : Initializing Spring DispatcherServlet 'dispatcherServlet'
2026-08-08T00:15:01.574+09:00  INFO 24256 --- [CardCapture-back] [http-nio-8080-exec-1] o.s.web.servlet.DispatcherServlet        : Initializing Servlet 'dispatcherServlet'
2026-08-08T00:15:01.575+09:00  INFO 24256 --- [CardCapture-back] [http-nio-8080-exec-1] o.s.web.servlet.DispatcherServlet        : Completed initialization in 1 ms
2026-08-08T00:15:02.060+09:00  INFO 24256 --- [CardCapture-back] [http-nio-8080-exec-4] o.springdoc.api.AbstractOpenApiResource  : Init duration for springdoc-openapi is: 128 ms
2026-08-08T00:15:04.235+09:00  INFO 24256 --- [CardCapture-back] [http-nio-8080-exec-6] j.c.e.c.service.CardCuptureInitService   : CardCuptureInitService; init 開始
2026-08-08T00:15:04.237+09:00  INFO 24256 --- [CardCapture-back] [http-nio-8080-exec-6] jp.co.ea.cardcapture.model.TrumpDeck     : createDeck; 開始
2026-08-08T00:15:04.242+09:00  INFO 24256 --- [CardCapture-back] [http-nio-8080-exec-6] jp.co.ea.cardcapture.model.TrumpDeck     : createDeck; makeCard :code; 103 / suitLスペード s:1 / num: 2 numLab:2
2026-08-08T00:15:04.242+09:00  INFO 24256 --- [CardCapture-back] [http-nio-8080-exec-6] jp.co.ea.cardcapture.model.TrumpDeck     : suit=1 / num=2 / card-c:103
2026-08-08T00:15:04.243+09:00  INFO 24256 --- [CardCapture-back] [http-nio-8080-exec-6] jp.co.ea.cardcapture.model.TrumpDeck     : createDeck; makeCard :code; 104 / suitLスペード s:1 / num: 3 numLab:3
2026-08-08T00:15:04.243+09:00  INFO 24256 --- [CardCapture-back] [http-nio-8080-exec-6] jp.co.ea.cardcapture.model.TrumpDeck     : suit=1 / num=3 / card-c:104
2026-08-08T00:15:04.243+09:00  INFO 24256 --- [CardCapture-back] [http-nio-8080-exec-6] jp.co.ea.cardcapture.model.TrumpDeck     : createDeck; makeCard :code; 105 / suitLスペード s:1 / num: 4 numLab:4
2026-08-08T00:15:04.243+09:00  INFO 24256 --- [CardCapture-back] [http-nio-8080-exec-6] jp.co.ea.cardcapture.model.TrumpDeck     : suit=1 / num=4 / card-c:105
2026-08-08T00:15:04.243+09:00  INFO 24256 --- [CardCapture-back] [http-nio-8080-exec-6] jp.co.ea.cardcapture.model.TrumpDeck     : createDeck; makeCard :code; 106 / suitLスペード s:1 / num: 5 numLab:5
2026-08-08T00:15:04.243+09:00  INFO 24256 --- [CardCapture-back] [http-nio-8080-exec-6] jp.co.ea.cardcapture.model.TrumpDeck     : suit=1 / num=5 / card-c:106
2026-08-08T00:15:04.243+09:00  INFO 24256 --- [CardCapture-back] [http-nio-8080-exec-6] jp.co.ea.cardcapture.model.TrumpDeck     : createDeck; makeCard :code; 107 / suitLスペード s:1 / num: 6 numLab:6
2026-08-08T00:15:04.243+09:00  INFO 24256 --- [CardCapture-back] [http-nio-8080-exec-6] jp.co.ea.cardcapture.model.TrumpDeck     : suit=1 / num=6 / card-c:107
2026-08-08T00:15:04.243+09:00  INFO 24256 --- [CardCapture-back] [http-nio-8080-exec-6] jp.co.ea.cardcapture.model.TrumpDeck     : createDeck; makeCard :code; 108 / suitLスペード s:1 / num: 7 numLab:7
2026-08-08T00:15:04.244+09:00  INFO 24256 --- [CardCapture-back] [http-nio-8080-exec-6] jp.co.ea.cardcapture.model.TrumpDeck     : suit=1 / num=7 / card-c:108
2026-08-08T00:15:04.244+09:00  INFO 24256 --- [CardCapture-back] [http-nio-8080-exec-6] jp.co.ea.cardcapture.model.TrumpDeck     : createDeck; makeCard :code; 109 / suitLスペード s:1 / num: 8 numLab:8
2026-08-08T00:15:04.244+09:00  INFO 24256 --- [CardCapture-back] [http-nio-8080-exec-6] jp.co.ea.cardcapture.model.TrumpDeck     : suit=1 / num=8 / card-c:109
2026-08-08T00:15:04.244+09:00  INFO 24256 --- [CardCapture-back] [http-nio-8080-exec-6] jp.co.ea.cardcapture.model.TrumpDeck     : createDeck; makeCard :code; 110 / suitLスペード s:1 / num: 9 numLab:9
2026-08-08T00:15:04.244+09:00  INFO 24256 --- [CardCapture-back] [http-nio-8080-exec-6] jp.co.ea.cardcapture.model.TrumpDeck     : suit=1 / num=9 / card-c:110
2026-08-08T00:15:04.244+09:00  INFO 24256 --- [CardCapture-back] [http-nio-8080-exec-6] jp.co.ea.cardcapture.model.TrumpDeck     : createDeck; makeCard :code; 111 / suitLスペード s:1 / num: 10 numLab:10
2026-08-08T00:15:04.244+09:00  INFO 24256 --- [CardCapture-back] [http-nio-8080-exec-6] jp.co.ea.cardcapture.model.TrumpDeck     : suit=1 / num=10 / card-c:111
2026-08-08T00:15:04.244+09:00  INFO 24256 --- [CardCapture-back] [http-nio-8080-exec-6] jp.co.ea.cardcapture.model.TrumpDeck     : createDeck; makeCard :code; 112 / suitLスペード s:1 / num: 11 numLab:ジャック
2026-08-08T00:15:04.244+09:00  INFO 24256 --- [CardCapture-back] [http-nio-8080-exec-6] jp.co.ea.cardcapture.model.TrumpDeck     : suit=1 / num=11 / card-c:112
2026-08-08T00:15:04.244+09:00  INFO 24256 --- [CardCapture-back] [http-nio-8080-exec-6] jp.co.ea.cardcapture.model.TrumpDeck     : createDeck; makeCard :code; 113 / suitLスペード s:1 / num: 12 numLab:クイーン
2026-08-08T00:15:04.244+09:00  INFO 24256 --- [CardCapture-back] [http-nio-8080-exec-6] jp.co.ea.cardcapture.model.TrumpDeck     : suit=1 / num=12 / card-c:113
2026-08-08T00:15:04.245+09:00  INFO 24256 --- [CardCapture-back] [http-nio-8080-exec-6] jp.co.ea.cardcapture.model.TrumpDeck     : createDeck; makeCard :code; 114 / suitLスペード s:1 / num: 13 numLab:キング
2026-08-08T00:15:04.245+09:00  INFO 24256 --- [CardCapture-back] [http-nio-8080-exec-6] jp.co.ea.cardcapture.model.TrumpDeck     : suit=1 / num=13 / card-c:114
2026-08-08T00:15:04.245+09:00  INFO 24256 --- [CardCapture-back] [http-nio-8080-exec-6] jp.co.ea.cardcapture.model.TrumpDeck     : createDeck; makeCard :code; 115 / suitLスペード s:1 / num: 14 numLab:エース
2026-08-08T00:15:04.245+09:00  INFO 24256 --- [CardCapture-back] [http-nio-8080-exec-6] jp.co.ea.cardcapture.model.TrumpDeck     : suit=1 / num=14 / card-c:115
2026-08-08T00:15:04.245+09:00  INFO 24256 --- [CardCapture-back] [http-nio-8080-exec-6] jp.co.ea.cardcapture.model.TrumpDeck     : createDeck; makeCard :code; 104 / suitLハート s:2 / num: 2 numLab:2
2026-08-08T00:15:04.245+09:00  INFO 24256 --- [CardCapture-back] [http-nio-8080-exec-6] jp.co.ea.cardcapture.model.TrumpDeck     : suit=2 / num=2 / card-c:104
2026-08-08T00:15:04.245+09:00  INFO 24256 --- [CardCapture-back] [http-nio-8080-exec-6] jp.co.ea.cardcapture.model.TrumpDeck     : createDeck; makeCard :code; 105 / suitLハート s:2 / num: 3 numLab:3
2026-08-08T00:15:04.246+09:00  INFO 24256 --- [CardCapture-back] [http-nio-8080-exec-6] jp.co.ea.cardcapture.model.TrumpDeck     : suit=2 / num=3 / card-c:105
2026-08-08T00:15:04.246+09:00  INFO 24256 --- [CardCapture-back] [http-nio-8080-exec-6] jp.co.ea.cardcapture.model.TrumpDeck     : createDeck; makeCard :code; 106 / suitLハート s:2 / num: 4 numLab:4
2026-08-08T00:15:04.246+09:00  INFO 24256 --- [CardCapture-back] [http-nio-8080-exec-6] jp.co.ea.cardcapture.model.TrumpDeck     : suit=2 / num=4 / card-c:106
2026-08-08T00:15:04.246+09:00  INFO 24256 --- [CardCapture-back] [http-nio-8080-exec-6] jp.co.ea.cardcapture.model.TrumpDeck     : createDeck; makeCard :code; 107 / suitLハート s:2 / num: 5 numLab:5
2026-08-08T00:15:04.246+09:00  INFO 24256 --- [CardCapture-back] [http-nio-8080-exec-6] jp.co.ea.cardcapture.model.TrumpDeck     : suit=2 / num=5 / card-c:107
2026-08-08T00:15:04.247+09:00  INFO 24256 --- [CardCapture-back] [http-nio-8080-exec-6] jp.co.ea.cardcapture.model.TrumpDeck     : createDeck; makeCard :code; 108 / suitLハート s:2 / num: 6 numLab:6
2026-08-08T00:15:04.247+09:00  INFO 24256 --- [CardCapture-back] [http-nio-8080-exec-6] jp.co.ea.cardcapture.model.TrumpDeck     : suit=2 / num=6 / card-c:108
2026-08-08T00:15:04.247+09:00  INFO 24256 --- [CardCapture-back] [http-nio-8080-exec-6] jp.co.ea.cardcapture.model.TrumpDeck     : createDeck; makeCard :code; 109 / suitLハート s:2 / num: 7 numLab:7
2026-08-08T00:15:04.247+09:00  INFO 24256 --- [CardCapture-back] [http-nio-8080-exec-6] jp.co.ea.cardcapture.model.TrumpDeck     : suit=2 / num=7 / card-c:109
2026-08-08T00:15:04.247+09:00  INFO 24256 --- [CardCapture-back] [http-nio-8080-exec-6] jp.co.ea.cardcapture.model.TrumpDeck     : createDeck; makeCard :code; 110 / suitLハート s:2 / num: 8 numLab:8
2026-08-08T00:15:04.247+09:00  INFO 24256 --- [CardCapture-back] [http-nio-8080-exec-6] jp.co.ea.cardcapture.model.TrumpDeck     : suit=2 / num=8 / card-c:110
2026-08-08T00:15:04.247+09:00  INFO 24256 --- [CardCapture-back] [http-nio-8080-exec-6] jp.co.ea.cardcapture.model.TrumpDeck     : createDeck; makeCard :code; 111 / suitLハート s:2 / num: 9 numLab:9
2026-08-08T00:15:04.247+09:00  INFO 24256 --- [CardCapture-back] [http-nio-8080-exec-6] jp.co.ea.cardcapture.model.TrumpDeck     : suit=2 / num=9 / card-c:111
2026-08-08T00:15:04.247+09:00  INFO 24256 --- [CardCapture-back] [http-nio-8080-exec-6] jp.co.ea.cardcapture.model.TrumpDeck     : createDeck; makeCard :code; 112 / suitLハート s:2 / num: 10 numLab:10
2026-08-08T00:15:04.247+09:00  INFO 24256 --- [CardCapture-back] [http-nio-8080-exec-6] jp.co.ea.cardcapture.model.TrumpDeck     : suit=2 / num=10 / card-c:112
2026-08-08T00:15:04.247+09:00  INFO 24256 --- [CardCapture-back] [http-nio-8080-exec-6] jp.co.ea.cardcapture.model.TrumpDeck     : createDeck; makeCard :code; 113 / suitLハート s:2 / num: 11 numLab:ジャック
2026-08-08T00:15:04.248+09:00  INFO 24256 --- [CardCapture-back] [http-nio-8080-exec-6] jp.co.ea.cardcapture.model.TrumpDeck     : suit=2 / num=11 / card-c:113
2026-08-08T00:15:04.248+09:00  INFO 24256 --- [CardCapture-back] [http-nio-8080-exec-6] jp.co.ea.cardcapture.model.TrumpDeck     : createDeck; makeCard :code; 114 / suitLハート s:2 / num: 12 numLab:クイーン
2026-08-08T00:15:04.248+09:00  INFO 24256 --- [CardCapture-back] [http-nio-8080-exec-6] jp.co.ea.cardcapture.model.TrumpDeck     : suit=2 / num=12 / card-c:114
2026-08-08T00:15:04.248+09:00  INFO 24256 --- [CardCapture-back] [http-nio-8080-exec-6] jp.co.ea.cardcapture.model.TrumpDeck     : createDeck; makeCard :code; 115 / suitLハート s:2 / num: 13 numLab:キング
2026-08-08T00:15:04.248+09:00  INFO 24256 --- [CardCapture-back] [http-nio-8080-exec-6] jp.co.ea.cardcapture.model.TrumpDeck     : suit=2 / num=13 / card-c:115
2026-08-08T00:15:04.248+09:00  INFO 24256 --- [CardCapture-back] [http-nio-8080-exec-6] jp.co.ea.cardcapture.model.TrumpDeck     : createDeck; makeCard :code; 116 / suitLハート s:2 / num: 14 numLab:エース
2026-08-08T00:15:04.248+09:00  INFO 24256 --- [CardCapture-back] [http-nio-8080-exec-6] jp.co.ea.cardcapture.model.TrumpDeck     : suit=2 / num=14 / card-c:116
2026-08-08T00:15:04.248+09:00  INFO 24256 --- [CardCapture-back] [http-nio-8080-exec-6] jp.co.ea.cardcapture.model.TrumpDeck     : createDeck; makeCard :code; 105 / suitLダイヤ s:3 / num: 2 numLab:2
2026-08-08T00:15:04.248+09:00  INFO 24256 --- [CardCapture-back] [http-nio-8080-exec-6] jp.co.ea.cardcapture.model.TrumpDeck     : suit=3 / num=2 / card-c:105
2026-08-08T00:15:04.250+09:00  INFO 24256 --- [CardCapture-back] [http-nio-8080-exec-6] jp.co.ea.cardcapture.model.TrumpDeck     : createDeck; makeCard :code; 106 / suitLダイヤ s:3 / num: 3 numLab:3
2026-08-08T00:15:04.250+09:00  INFO 24256 --- [CardCapture-back] [http-nio-8080-exec-6] jp.co.ea.cardcapture.model.TrumpDeck     : suit=3 / num=3 / card-c:106
2026-08-08T00:15:04.250+09:00  INFO 24256 --- [CardCapture-back] [http-nio-8080-exec-6] jp.co.ea.cardcapture.model.TrumpDeck     : createDeck; makeCard :code; 107 / suitLダイヤ s:3 / num: 4 numLab:4
2026-08-08T00:15:04.250+09:00  INFO 24256 --- [CardCapture-back] [http-nio-8080-exec-6] jp.co.ea.cardcapture.model.TrumpDeck     : suit=3 / num=4 / card-c:107
2026-08-08T00:15:04.251+09:00  INFO 24256 --- [CardCapture-back] [http-nio-8080-exec-6] jp.co.ea.cardcapture.model.TrumpDeck     : createDeck; makeCard :code; 108 / suitLダイヤ s:3 / num: 5 numLab:5
2026-08-08T00:15:04.251+09:00  INFO 24256 --- [CardCapture-back] [http-nio-8080-exec-6] jp.co.ea.cardcapture.model.TrumpDeck     : suit=3 / num=5 / card-c:108
2026-08-08T00:15:04.251+09:00  INFO 24256 --- [CardCapture-back] [http-nio-8080-exec-6] jp.co.ea.cardcapture.model.TrumpDeck     : createDeck; makeCard :code; 109 / suitLダイヤ s:3 / num: 6 numLab:6
2026-08-08T00:15:04.251+09:00  INFO 24256 --- [CardCapture-back] [http-nio-8080-exec-6] jp.co.ea.cardcapture.model.TrumpDeck     : suit=3 / num=6 / card-c:109
2026-08-08T00:15:04.251+09:00  INFO 24256 --- [CardCapture-back] [http-nio-8080-exec-6] jp.co.ea.cardcapture.model.TrumpDeck     : createDeck; makeCard :code; 110 / suitLダイヤ s:3 / num: 7 numLab:7
2026-08-08T00:15:04.251+09:00  INFO 24256 --- [CardCapture-back] [http-nio-8080-exec-6] jp.co.ea.cardcapture.model.TrumpDeck     : suit=3 / num=7 / card-c:110
2026-08-08T00:15:04.251+09:00  INFO 24256 --- [CardCapture-back] [http-nio-8080-exec-6] jp.co.ea.cardcapture.model.TrumpDeck     : createDeck; makeCard :code; 111 / suitLダイヤ s:3 / num: 8 numLab:8
2026-08-08T00:15:04.251+09:00  INFO 24256 --- [CardCapture-back] [http-nio-8080-exec-6] jp.co.ea.cardcapture.model.TrumpDeck     : suit=3 / num=8 / card-c:111
2026-08-08T00:15:04.251+09:00  INFO 24256 --- [CardCapture-back] [http-nio-8080-exec-6] jp.co.ea.cardcapture.model.TrumpDeck     : createDeck; makeCard :code; 112 / suitLダイヤ s:3 / num: 9 numLab:9
2026-08-08T00:15:04.251+09:00  INFO 24256 --- [CardCapture-back] [http-nio-8080-exec-6] jp.co.ea.cardcapture.model.TrumpDeck     : suit=3 / num=9 / card-c:112
2026-08-08T00:15:04.252+09:00  INFO 24256 --- [CardCapture-back] [http-nio-8080-exec-6] jp.co.ea.cardcapture.model.TrumpDeck     : createDeck; makeCard :code; 113 / suitLダイヤ s:3 / num: 10 numLab:10
2026-08-08T00:15:04.252+09:00  INFO 24256 --- [CardCapture-back] [http-nio-8080-exec-6] jp.co.ea.cardcapture.model.TrumpDeck     : suit=3 / num=10 / card-c:113
2026-08-08T00:15:04.252+09:00  INFO 24256 --- [CardCapture-back] [http-nio-8080-exec-6] jp.co.ea.cardcapture.model.TrumpDeck     : createDeck; makeCard :code; 114 / suitLダイヤ s:3 / num: 11 numLab:ジャック
2026-08-08T00:15:04.252+09:00  INFO 24256 --- [CardCapture-back] [http-nio-8080-exec-6] jp.co.ea.cardcapture.model.TrumpDeck     : suit=3 / num=11 / card-c:114
2026-08-08T00:15:04.252+09:00  INFO 24256 --- [CardCapture-back] [http-nio-8080-exec-6] jp.co.ea.cardcapture.model.TrumpDeck     : createDeck; makeCard :code; 115 / suitLダイヤ s:3 / num: 12 numLab:クイーン
2026-08-08T00:15:04.252+09:00  INFO 24256 --- [CardCapture-back] [http-nio-8080-exec-6] jp.co.ea.cardcapture.model.TrumpDeck     : suit=3 / num=12 / card-c:115
2026-08-08T00:15:04.252+09:00  INFO 24256 --- [CardCapture-back] [http-nio-8080-exec-6] jp.co.ea.cardcapture.model.TrumpDeck     : createDeck; makeCard :code; 116 / suitLダイヤ s:3 / num: 13 numLab:キング
2026-08-08T00:15:04.252+09:00  INFO 24256 --- [CardCapture-back] [http-nio-8080-exec-6] jp.co.ea.cardcapture.model.TrumpDeck     : suit=3 / num=13 / card-c:116
2026-08-08T00:15:04.252+09:00  INFO 24256 --- [CardCapture-back] [http-nio-8080-exec-6] jp.co.ea.cardcapture.model.TrumpDeck     : createDeck; makeCard :code; 117 / suitLダイヤ s:3 / num: 14 numLab:エース
2026-08-08T00:15:04.252+09:00  INFO 24256 --- [CardCapture-back] [http-nio-8080-exec-6] jp.co.ea.cardcapture.model.TrumpDeck     : suit=3 / num=14 / card-c:117
2026-08-08T00:15:04.252+09:00  INFO 24256 --- [CardCapture-back] [http-nio-8080-exec-6] jp.co.ea.cardcapture.model.TrumpDeck     : createDeck; makeCard :code; 106 / suitLクラブ s:4 / num: 2 numLab:2
2026-08-08T00:15:04.252+09:00  INFO 24256 --- [CardCapture-back] [http-nio-8080-exec-6] jp.co.ea.cardcapture.model.TrumpDeck     : suit=4 / num=2 / card-c:106
2026-08-08T00:15:04.253+09:00  INFO 24256 --- [CardCapture-back] [http-nio-8080-exec-6] jp.co.ea.cardcapture.model.TrumpDeck     : createDeck; makeCard :code; 107 / suitLクラブ s:4 / num: 3 numLab:3
2026-08-08T00:15:04.253+09:00  INFO 24256 --- [CardCapture-back] [http-nio-8080-exec-6] jp.co.ea.cardcapture.model.TrumpDeck     : suit=4 / num=3 / card-c:107
2026-08-08T00:15:04.253+09:00  INFO 24256 --- [CardCapture-back] [http-nio-8080-exec-6] jp.co.ea.cardcapture.model.TrumpDeck     : createDeck; makeCard :code; 108 / suitLクラブ s:4 / num: 4 numLab:4
2026-08-08T00:15:04.253+09:00  INFO 24256 --- [CardCapture-back] [http-nio-8080-exec-6] jp.co.ea.cardcapture.model.TrumpDeck     : suit=4 / num=4 / card-c:108
2026-08-08T00:15:04.253+09:00  INFO 24256 --- [CardCapture-back] [http-nio-8080-exec-6] jp.co.ea.cardcapture.model.TrumpDeck     : createDeck; makeCard :code; 109 / suitLクラブ s:4 / num: 5 numLab:5
2026-08-08T00:15:04.254+09:00  INFO 24256 --- [CardCapture-back] [http-nio-8080-exec-6] jp.co.ea.cardcapture.model.TrumpDeck     : suit=4 / num=5 / card-c:109
2026-08-08T00:15:04.254+09:00  INFO 24256 --- [CardCapture-back] [http-nio-8080-exec-6] jp.co.ea.cardcapture.model.TrumpDeck     : createDeck; makeCard :code; 110 / suitLクラブ s:4 / num: 6 numLab:6
2026-08-08T00:15:04.254+09:00  INFO 24256 --- [CardCapture-back] [http-nio-8080-exec-6] jp.co.ea.cardcapture.model.TrumpDeck     : suit=4 / num=6 / card-c:110
2026-08-08T00:15:04.254+09:00  INFO 24256 --- [CardCapture-back] [http-nio-8080-exec-6] jp.co.ea.cardcapture.model.TrumpDeck     : createDeck; makeCard :code; 111 / suitLクラブ s:4 / num: 7 numLab:7
2026-08-08T00:15:04.254+09:00  INFO 24256 --- [CardCapture-back] [http-nio-8080-exec-6] jp.co.ea.cardcapture.model.TrumpDeck     : suit=4 / num=7 / card-c:111
2026-08-08T00:15:04.254+09:00  INFO 24256 --- [CardCapture-back] [http-nio-8080-exec-6] jp.co.ea.cardcapture.model.TrumpDeck     : createDeck; makeCard :code; 112 / suitLクラブ s:4 / num: 8 numLab:8
2026-08-08T00:15:04.254+09:00  INFO 24256 --- [CardCapture-back] [http-nio-8080-exec-6] jp.co.ea.cardcapture.model.TrumpDeck     : suit=4 / num=8 / card-c:112
2026-08-08T00:15:04.255+09:00  INFO 24256 --- [CardCapture-back] [http-nio-8080-exec-6] jp.co.ea.cardcapture.model.TrumpDeck     : createDeck; makeCard :code; 113 / suitLクラブ s:4 / num: 9 numLab:9
2026-08-08T00:15:04.255+09:00  INFO 24256 --- [CardCapture-back] [http-nio-8080-exec-6] jp.co.ea.cardcapture.model.TrumpDeck     : suit=4 / num=9 / card-c:113
2026-08-08T00:15:04.255+09:00  INFO 24256 --- [CardCapture-back] [http-nio-8080-exec-6] jp.co.ea.cardcapture.model.TrumpDeck     : createDeck; makeCard :code; 114 / suitLクラブ s:4 / num: 10 numLab:10
2026-08-08T00:15:04.255+09:00  INFO 24256 --- [CardCapture-back] [http-nio-8080-exec-6] jp.co.ea.cardcapture.model.TrumpDeck     : suit=4 / num=10 / card-c:114
2026-08-08T00:15:04.255+09:00  INFO 24256 --- [CardCapture-back] [http-nio-8080-exec-6] jp.co.ea.cardcapture.model.TrumpDeck     : createDeck; makeCard :code; 115 / suitLクラブ s:4 / num: 11 numLab:ジャック
2026-08-08T00:15:04.256+09:00  INFO 24256 --- [CardCapture-back] [http-nio-8080-exec-6] jp.co.ea.cardcapture.model.TrumpDeck     : suit=4 / num=11 / card-c:115
2026-08-08T00:15:04.256+09:00  INFO 24256 --- [CardCapture-back] [http-nio-8080-exec-6] jp.co.ea.cardcapture.model.TrumpDeck     : createDeck; makeCard :code; 116 / suitLクラブ s:4 / num: 12 numLab:クイーン
2026-08-08T00:15:04.256+09:00  INFO 24256 --- [CardCapture-back] [http-nio-8080-exec-6] jp.co.ea.cardcapture.model.TrumpDeck     : suit=4 / num=12 / card-c:116
2026-08-08T00:15:04.256+09:00  INFO 24256 --- [CardCapture-back] [http-nio-8080-exec-6] jp.co.ea.cardcapture.model.TrumpDeck     : createDeck; makeCard :code; 117 / suitLクラブ s:4 / num: 13 numLab:キング
2026-08-08T00:15:04.256+09:00  INFO 24256 --- [CardCapture-back] [http-nio-8080-exec-6] jp.co.ea.cardcapture.model.TrumpDeck     : suit=4 / num=13 / card-c:117
2026-08-08T00:15:04.256+09:00  INFO 24256 --- [CardCapture-back] [http-nio-8080-exec-6] jp.co.ea.cardcapture.model.TrumpDeck     : createDeck; makeCard :code; 118 / suitLクラブ s:4 / num: 14 numLab:エース
2026-08-08T00:15:04.256+09:00  INFO 24256 --- [CardCapture-back] [http-nio-8080-exec-6] jp.co.ea.cardcapture.model.TrumpDeck     : suit=4 / num=14 / card-c:118
2026-08-08T00:15:04.256+09:00  INFO 24256 --- [CardCapture-back] [http-nio-8080-exec-6] jp.co.ea.cardcapture.model.TrumpDeck     : createDeck; makeCard :code; 106 / suitLジョーカー s:5 / num: 1 numLab:1
2026-08-08T00:15:04.256+09:00  INFO 24256 --- [CardCapture-back] [http-nio-8080-exec-6] jp.co.ea.cardcapture.model.TrumpDeck     : createDeck; makeCard :code; 107 / suitLジョーカー s:5 / num: 2 numLab:2
2026-08-08T00:15:04.256+09:00  INFO 24256 --- [CardCapture-back] [http-nio-8080-exec-6] jp.co.ea.cardcapture.model.TrumpDeck     : createDeck; 終了
2026-08-08T00:15:04.256+09:00  INFO 24256 --- [CardCapture-back] [http-nio-8080-exec-6] j.c.e.c.service.CardCuptureInitService   : CardCuptureInitService; init 終了
2026-08-08T00:17:34.685+09:00  INFO 24256 --- [CardCapture-back] [File Watcher] rtingClassPathChangeChangedEventListener : Restarting due to 18 class path changes (0 additions, 0 deletions, 18 modifications)
2026-08-08T00:17:34.686+09:00  INFO 24256 --- [CardCapture-back] [Thread-9] o.s.boot.tomcat.GracefulShutdown         : Commencing graceful shutdown. Waiting for active requests to complete
2026-08-08T00:17:34.693+09:00  INFO 24256 --- [CardCapture-back] [tomcat-shutdown] o.s.boot.tomcat.GracefulShutdown         : Graceful shutdown complete
2026-08-08T00:17:34.774+09:00  INFO 24256 --- [CardCapture-back] [restartedMain] j.c.e.c.CardCaptureBackApplication       : Starting CardCaptureBackApplication using Java 21.0.9 with PID 24256 (C:\kino-work\SpringBoot\CardCapture-back\bin\main started by NPC-61 in C:\kino-work\SpringBoot\CardCapture-back)
2026-08-08T00:17:34.775+09:00  INFO 24256 --- [CardCapture-back] [restartedMain] j.c.e.c.CardCaptureBackApplication       : No active profile set, falling back to 1 default profile: "default"
2026-08-08T00:17:35.008+09:00  INFO 24256 --- [CardCapture-back] [restartedMain] o.s.boot.tomcat.TomcatWebServer          : Tomcat initialized with port 8080 (http)
2026-08-08T00:17:35.009+09:00  INFO 24256 --- [CardCapture-back] [restartedMain] o.apache.catalina.core.StandardService   : Starting service [Tomcat]
2026-08-08T00:17:35.009+09:00  INFO 24256 --- [CardCapture-back] [restartedMain] o.apache.catalina.core.StandardEngine    : Starting Servlet engine: [Apache Tomcat/11.0.22]
2026-08-08T00:17:35.024+09:00  INFO 24256 --- [CardCapture-back] [restartedMain] b.w.c.s.WebApplicationContextInitializer : Root WebApplicationContext: initialization completed in 247 ms
2026-08-08T00:17:35.057+09:00  INFO 24256 --- [CardCapture-back] [restartedMain] o.s.v.b.OptionalValidatorFactoryBean     : Failed to set up a Bean Validation provider: jakarta.validation.NoProviderFoundException: Unable to create a Configuration, because no Jakarta Validation provider could be found. Add a provider like Hibernate Validator (RI) to your classpath.
2026-08-08T00:17:35.111+09:00  INFO 24256 --- [CardCapture-back] [restartedMain] o.s.boot.tomcat.TomcatWebServer          : Tomcat started on port 8080 (http) with context path '/'
2026-08-08T00:17:35.114+09:00  INFO 24256 --- [CardCapture-back] [restartedMain] j.c.e.c.CardCaptureBackApplication       : Started CardCaptureBackApplication in 0.37 seconds (process running for 19176.032)
2026-08-08T00:17:35.115+09:00  INFO 24256 --- [CardCapture-back] [restartedMain] .ConditionEvaluationDeltaLoggingListener : Condition evaluation unchanged
2026-08-08T00:17:57.974+09:00  INFO 24256 --- [CardCapture-back] [http-nio-8080-exec-1] o.a.c.c.C.[Tomcat].[localhost].[/]       : Initializing Spring DispatcherServlet 'dispatcherServlet'
2026-08-08T00:17:57.975+09:00  INFO 24256 --- [CardCapture-back] [http-nio-8080-exec-1] o.s.web.servlet.DispatcherServlet        : Initializing Servlet 'dispatcherServlet'
2026-08-08T00:17:57.976+09:00  INFO 24256 --- [CardCapture-back] [http-nio-8080-exec-1] o.s.web.servlet.DispatcherServlet        : Completed initialization in 1 ms
2026-08-08T00:17:57.979+09:00  INFO 24256 --- [CardCapture-back] [http-nio-8080-exec-1] j.c.e.c.service.CardCuptureInitService   : CardCuptureInitService; init 開始
2026-08-08T00:17:57.980+09:00  INFO 24256 --- [CardCapture-back] [http-nio-8080-exec-1] jp.co.ea.cardcapture.model.TrumpDeck     : createDeck; 開始
2026-08-08T00:17:57.987+09:00  INFO 24256 --- [CardCapture-back] [http-nio-8080-exec-1] jp.co.ea.cardcapture.model.TrumpCard     : suit=1 / num=2
2026-08-08T00:17:57.988+09:00  INFO 24256 --- [CardCapture-back] [http-nio-8080-exec-1] jp.co.ea.cardcapture.model.TrumpDeck     : createDeck; makeCard :code; 103 / suitLスペード s:1 / num: 2 numLab:2
2026-08-08T00:17:57.988+09:00  INFO 24256 --- [CardCapture-back] [http-nio-8080-exec-1] jp.co.ea.cardcapture.model.TrumpCard     : suit=1 / num=2
2026-08-08T00:17:57.988+09:00  INFO 24256 --- [CardCapture-back] [http-nio-8080-exec-1] jp.co.ea.cardcapture.model.TrumpCard     : suit=1 / num=2
2026-08-08T00:17:57.988+09:00  INFO 24256 --- [CardCapture-back] [http-nio-8080-exec-1] jp.co.ea.cardcapture.model.TrumpDeck     : suit=1 / num=2 / card-c:103
2026-08-08T00:17:57.988+09:00  INFO 24256 --- [CardCapture-back] [http-nio-8080-exec-1] jp.co.ea.cardcapture.model.TrumpCard     : suit=1 / num=3
2026-08-08T00:17:57.989+09:00  INFO 24256 --- [CardCapture-back] [http-nio-8080-exec-1] jp.co.ea.cardcapture.model.TrumpDeck     : createDeck; makeCard :code; 104 / suitLスペード s:1 / num: 3 numLab:3
2026-08-08T00:17:57.989+09:00  INFO 24256 --- [CardCapture-back] [http-nio-8080-exec-1] jp.co.ea.cardcapture.model.TrumpCard     : suit=1 / num=3
2026-08-08T00:17:57.989+09:00  INFO 24256 --- [CardCapture-back] [http-nio-8080-exec-1] jp.co.ea.cardcapture.model.TrumpCard     : suit=1 / num=3
2026-08-08T00:17:57.989+09:00  INFO 24256 --- [CardCapture-back] [http-nio-8080-exec-1] jp.co.ea.cardcapture.model.TrumpDeck     : suit=1 / num=3 / card-c:104
2026-08-08T00:17:57.989+09:00  INFO 24256 --- [CardCapture-back] [http-nio-8080-exec-1] jp.co.ea.cardcapture.model.TrumpCard     : suit=1 / num=4
2026-08-08T00:17:57.989+09:00  INFO 24256 --- [CardCapture-back] [http-nio-8080-exec-1] jp.co.ea.cardcapture.model.TrumpDeck     : createDeck; makeCard :code; 105 / suitLスペード s:1 / num: 4 numLab:4
2026-08-08T00:17:57.989+09:00  INFO 24256 --- [CardCapture-back] [http-nio-8080-exec-1] jp.co.ea.cardcapture.model.TrumpCard     : suit=1 / num=4
2026-08-08T00:17:57.989+09:00  INFO 24256 --- [CardCapture-back] [http-nio-8080-exec-1] jp.co.ea.cardcapture.model.TrumpCard     : suit=1 / num=4
2026-08-08T00:17:57.989+09:00  INFO 24256 --- [CardCapture-back] [http-nio-8080-exec-1] jp.co.ea.cardcapture.model.TrumpDeck     : suit=1 / num=4 / card-c:105
2026-08-08T00:17:57.989+09:00  INFO 24256 --- [CardCapture-back] [http-nio-8080-exec-1] jp.co.ea.cardcapture.model.TrumpCard     : suit=1 / num=5
2026-08-08T00:17:57.989+09:00  INFO 24256 --- [CardCapture-back] [http-nio-8080-exec-1] jp.co.ea.cardcapture.model.TrumpDeck     : createDeck; makeCard :code; 106 / suitLスペード s:1 / num: 5 numLab:5
2026-08-08T00:17:57.989+09:00  INFO 24256 --- [CardCapture-back] [http-nio-8080-exec-1] jp.co.ea.cardcapture.model.TrumpCard     : suit=1 / num=5
2026-08-08T00:17:57.990+09:00  INFO 24256 --- [CardCapture-back] [http-nio-8080-exec-1] jp.co.ea.cardcapture.model.TrumpCard     : suit=1 / num=5
2026-08-08T00:17:57.991+09:00  INFO 24256 --- [CardCapture-back] [http-nio-8080-exec-1] jp.co.ea.cardcapture.model.TrumpDeck     : suit=1 / num=5 / card-c:106
2026-08-08T00:17:57.991+09:00  INFO 24256 --- [CardCapture-back] [http-nio-8080-exec-1] jp.co.ea.cardcapture.model.TrumpCard     : suit=1 / num=6
2026-08-08T00:17:57.991+09:00  INFO 24256 --- [CardCapture-back] [http-nio-8080-exec-1] jp.co.ea.cardcapture.model.TrumpDeck     : createDeck; makeCard :code; 107 / suitLスペード s:1 / num: 6 numLab:6
2026-08-08T00:17:57.992+09:00  INFO 24256 --- [CardCapture-back] [http-nio-8080-exec-1] jp.co.ea.cardcapture.model.TrumpCard     : suit=1 / num=6
2026-08-08T00:17:57.992+09:00  INFO 24256 --- [CardCapture-back] [http-nio-8080-exec-1] jp.co.ea.cardcapture.model.TrumpCard     : suit=1 / num=6
2026-08-08T00:17:57.992+09:00  INFO 24256 --- [CardCapture-back] [http-nio-8080-exec-1] jp.co.ea.cardcapture.model.TrumpDeck     : suit=1 / num=6 / card-c:107
2026-08-08T00:17:57.992+09:00  INFO 24256 --- [CardCapture-back] [http-nio-8080-exec-1] jp.co.ea.cardcapture.model.TrumpCard     : suit=1 / num=7
2026-08-08T00:17:57.992+09:00  INFO 24256 --- [CardCapture-back] [http-nio-8080-exec-1] jp.co.ea.cardcapture.model.TrumpDeck     : createDeck; makeCard :code; 108 / suitLスペード s:1 / num: 7 numLab:7
2026-08-08T00:17:57.992+09:00  INFO 24256 --- [CardCapture-back] [http-nio-8080-exec-1] jp.co.ea.cardcapture.model.TrumpCard     : suit=1 / num=7
2026-08-08T00:17:57.992+09:00  INFO 24256 --- [CardCapture-back] [http-nio-8080-exec-1] jp.co.ea.cardcapture.model.TrumpCard     : suit=1 / num=7
2026-08-08T00:17:57.992+09:00  INFO 24256 --- [CardCapture-back] [http-nio-8080-exec-1] jp.co.ea.cardcapture.model.TrumpDeck     : suit=1 / num=7 / card-c:108
2026-08-08T00:17:57.992+09:00  INFO 24256 --- [CardCapture-back] [http-nio-8080-exec-1] jp.co.ea.cardcapture.model.TrumpCard     : suit=1 / num=8
2026-08-08T00:17:57.992+09:00  INFO 24256 --- [CardCapture-back] [http-nio-8080-exec-1] jp.co.ea.cardcapture.model.TrumpDeck     : createDeck; makeCard :code; 109 / suitLスペード s:1 / num: 8 numLab:8
2026-08-08T00:17:57.992+09:00  INFO 24256 --- [CardCapture-back] [http-nio-8080-exec-1] jp.co.ea.cardcapture.model.TrumpCard     : suit=1 / num=8
2026-08-08T00:17:57.992+09:00  INFO 24256 --- [CardCapture-back] [http-nio-8080-exec-1] jp.co.ea.cardcapture.model.TrumpCard     : suit=1 / num=8
2026-08-08T00:17:57.992+09:00  INFO 24256 --- [CardCapture-back] [http-nio-8080-exec-1] jp.co.ea.cardcapture.model.TrumpDeck     : suit=1 / num=8 / card-c:109
2026-08-08T00:17:57.993+09:00  INFO 24256 --- [CardCapture-back] [http-nio-8080-exec-1] jp.co.ea.cardcapture.model.TrumpCard     : suit=1 / num=9
2026-08-08T00:17:57.993+09:00  INFO 24256 --- [CardCapture-back] [http-nio-8080-exec-1] jp.co.ea.cardcapture.model.TrumpDeck     : createDeck; makeCard :code; 110 / suitLスペード s:1 / num: 9 numLab:9
2026-08-08T00:17:57.993+09:00  INFO 24256 --- [CardCapture-back] [http-nio-8080-exec-1] jp.co.ea.cardcapture.model.TrumpCard     : suit=1 / num=9
2026-08-08T00:17:57.993+09:00  INFO 24256 --- [CardCapture-back] [http-nio-8080-exec-1] jp.co.ea.cardcapture.model.TrumpCard     : suit=1 / num=9
2026-08-08T00:17:57.993+09:00  INFO 24256 --- [CardCapture-back] [http-nio-8080-exec-1] jp.co.ea.cardcapture.model.TrumpDeck     : suit=1 / num=9 / card-c:110
2026-08-08T00:17:57.993+09:00  INFO 24256 --- [CardCapture-back] [http-nio-8080-exec-1] jp.co.ea.cardcapture.model.TrumpCard     : suit=1 / num=10
2026-08-08T00:17:57.993+09:00  INFO 24256 --- [CardCapture-back] [http-nio-8080-exec-1] jp.co.ea.cardcapture.model.TrumpDeck     : createDeck; makeCard :code; 111 / suitLスペード s:1 / num: 10 numLab:10
2026-08-08T00:17:57.993+09:00  INFO 24256 --- [CardCapture-back] [http-nio-8080-exec-1] jp.co.ea.cardcapture.model.TrumpCard     : suit=1 / num=10
2026-08-08T00:17:57.993+09:00  INFO 24256 --- [CardCapture-back] [http-nio-8080-exec-1] jp.co.ea.cardcapture.model.TrumpCard     : suit=1 / num=10
2026-08-08T00:17:57.993+09:00  INFO 24256 --- [CardCapture-back] [http-nio-8080-exec-1] jp.co.ea.cardcapture.model.TrumpDeck     : suit=1 / num=10 / card-c:111
2026-08-08T00:17:57.993+09:00  INFO 24256 --- [CardCapture-back] [http-nio-8080-exec-1] jp.co.ea.cardcapture.model.TrumpCard     : suit=1 / num=11
2026-08-08T00:17:57.993+09:00  INFO 24256 --- [CardCapture-back] [http-nio-8080-exec-1] jp.co.ea.cardcapture.model.TrumpDeck     : createDeck; makeCard :code; 112 / suitLスペード s:1 / num: 11 numLab:ジャック
2026-08-08T00:17:57.993+09:00  INFO 24256 --- [CardCapture-back] [http-nio-8080-exec-1] jp.co.ea.cardcapture.model.TrumpCard     : suit=1 / num=11
2026-08-08T00:17:57.994+09:00  INFO 24256 --- [CardCapture-back] [http-nio-8080-exec-1] jp.co.ea.cardcapture.model.TrumpCard     : suit=1 / num=11
2026-08-08T00:17:57.994+09:00  INFO 24256 --- [CardCapture-back] [http-nio-8080-exec-1] jp.co.ea.cardcapture.model.TrumpDeck     : suit=1 / num=11 / card-c:112
2026-08-08T00:17:57.994+09:00  INFO 24256 --- [CardCapture-back] [http-nio-8080-exec-1] jp.co.ea.cardcapture.model.TrumpCard     : suit=1 / num=12
2026-08-08T00:17:57.994+09:00  INFO 24256 --- [CardCapture-back] [http-nio-8080-exec-1] jp.co.ea.cardcapture.model.TrumpDeck     : createDeck; makeCard :code; 113 / suitLスペード s:1 / num: 12 numLab:クイーン
2026-08-08T00:17:57.994+09:00  INFO 24256 --- [CardCapture-back] [http-nio-8080-exec-1] jp.co.ea.cardcapture.model.TrumpCard     : suit=1 / num=12
2026-08-08T00:17:57.994+09:00  INFO 24256 --- [CardCapture-back] [http-nio-8080-exec-1] jp.co.ea.cardcapture.model.TrumpCard     : suit=1 / num=12
2026-08-08T00:17:57.994+09:00  INFO 24256 --- [CardCapture-back] [http-nio-8080-exec-1] jp.co.ea.cardcapture.model.TrumpDeck     : suit=1 / num=12 / card-c:113
2026-08-08T00:17:57.994+09:00  INFO 24256 --- [CardCapture-back] [http-nio-8080-exec-1] jp.co.ea.cardcapture.model.TrumpCard     : suit=1 / num=13
2026-08-08T00:17:57.994+09:00  INFO 24256 --- [CardCapture-back] [http-nio-8080-exec-1] jp.co.ea.cardcapture.model.TrumpDeck     : createDeck; makeCard :code; 114 / suitLスペード s:1 / num: 13 numLab:キング
2026-08-08T00:17:57.994+09:00  INFO 24256 --- [CardCapture-back] [http-nio-8080-exec-1] jp.co.ea.cardcapture.model.TrumpCard     : suit=1 / num=13
2026-08-08T00:17:57.994+09:00  INFO 24256 --- [CardCapture-back] [http-nio-8080-exec-1] jp.co.ea.cardcapture.model.TrumpCard     : suit=1 / num=13
2026-08-08T00:17:57.995+09:00  INFO 24256 --- [CardCapture-back] [http-nio-8080-exec-1] jp.co.ea.cardcapture.model.TrumpDeck     : suit=1 / num=13 / card-c:114
2026-08-08T00:17:57.995+09:00  INFO 24256 --- [CardCapture-back] [http-nio-8080-exec-1] jp.co.ea.cardcapture.model.TrumpCard     : suit=1 / num=14
2026-08-08T00:17:57.995+09:00  INFO 24256 --- [CardCapture-back] [http-nio-8080-exec-1] jp.co.ea.cardcapture.model.TrumpDeck     : createDeck; makeCard :code; 115 / suitLスペード s:1 / num: 14 numLab:エース
2026-08-08T00:17:57.995+09:00  INFO 24256 --- [CardCapture-back] [http-nio-8080-exec-1] jp.co.ea.cardcapture.model.TrumpCard     : suit=1 / num=14
2026-08-08T00:17:57.995+09:00  INFO 24256 --- [CardCapture-back] [http-nio-8080-exec-1] jp.co.ea.cardcapture.model.TrumpCard     : suit=1 / num=14
2026-08-08T00:17:57.995+09:00  INFO 24256 --- [CardCapture-back] [http-nio-8080-exec-1] jp.co.ea.cardcapture.model.TrumpDeck     : suit=1 / num=14 / card-c:115
2026-08-08T00:17:57.995+09:00  INFO 24256 --- [CardCapture-back] [http-nio-8080-exec-1] jp.co.ea.cardcapture.model.TrumpCard     : suit=2 / num=2
2026-08-08T00:17:57.995+09:00  INFO 24256 --- [CardCapture-back] [http-nio-8080-exec-1] jp.co.ea.cardcapture.model.TrumpDeck     : createDeck; makeCard :code; 104 / suitLハート s:2 / num: 2 numLab:2
2026-08-08T00:17:57.995+09:00  INFO 24256 --- [CardCapture-back] [http-nio-8080-exec-1] jp.co.ea.cardcapture.model.TrumpCard     : suit=2 / num=2
2026-08-08T00:17:57.995+09:00  INFO 24256 --- [CardCapture-back] [http-nio-8080-exec-1] jp.co.ea.cardcapture.model.TrumpCard     : suit=2 / num=2
2026-08-08T00:17:57.995+09:00  INFO 24256 --- [CardCapture-back] [http-nio-8080-exec-1] jp.co.ea.cardcapture.model.TrumpDeck     : suit=2 / num=2 / card-c:104
2026-08-08T00:17:57.995+09:00  INFO 24256 --- [CardCapture-back] [http-nio-8080-exec-1] jp.co.ea.cardcapture.model.TrumpCard     : suit=2 / num=3
2026-08-08T00:17:57.995+09:00  INFO 24256 --- [CardCapture-back] [http-nio-8080-exec-1] jp.co.ea.cardcapture.model.TrumpDeck     : createDeck; makeCard :code; 105 / suitLハート s:2 / num: 3 numLab:3
2026-08-08T00:17:57.995+09:00  INFO 24256 --- [CardCapture-back] [http-nio-8080-exec-1] jp.co.ea.cardcapture.model.TrumpCard     : suit=2 / num=3
2026-08-08T00:17:57.995+09:00  INFO 24256 --- [CardCapture-back] [http-nio-8080-exec-1] jp.co.ea.cardcapture.model.TrumpCard     : suit=2 / num=3
2026-08-08T00:17:57.995+09:00  INFO 24256 --- [CardCapture-back] [http-nio-8080-exec-1] jp.co.ea.cardcapture.model.TrumpDeck     : suit=2 / num=3 / card-c:105
2026-08-08T00:17:57.995+09:00  INFO 24256 --- [CardCapture-back] [http-nio-8080-exec-1] jp.co.ea.cardcapture.model.TrumpCard     : suit=2 / num=4
2026-08-08T00:17:57.995+09:00  INFO 24256 --- [CardCapture-back] [http-nio-8080-exec-1] jp.co.ea.cardcapture.model.TrumpDeck     : createDeck; makeCard :code; 106 / suitLハート s:2 / num: 4 numLab:4
2026-08-08T00:17:57.995+09:00  INFO 24256 --- [CardCapture-back] [http-nio-8080-exec-1] jp.co.ea.cardcapture.model.TrumpCard     : suit=2 / num=4
2026-08-08T00:17:57.995+09:00  INFO 24256 --- [CardCapture-back] [http-nio-8080-exec-1] jp.co.ea.cardcapture.model.TrumpCard     : suit=2 / num=4
2026-08-08T00:17:57.997+09:00  INFO 24256 --- [CardCapture-back] [http-nio-8080-exec-1] jp.co.ea.cardcapture.model.TrumpDeck     : suit=2 / num=4 / card-c:106
2026-08-08T00:17:57.997+09:00  INFO 24256 --- [CardCapture-back] [http-nio-8080-exec-1] jp.co.ea.cardcapture.model.TrumpCard     : suit=2 / num=5
2026-08-08T00:17:57.997+09:00  INFO 24256 --- [CardCapture-back] [http-nio-8080-exec-1] jp.co.ea.cardcapture.model.TrumpDeck     : createDeck; makeCard :code; 107 / suitLハート s:2 / num: 5 numLab:5
2026-08-08T00:17:57.997+09:00  INFO 24256 --- [CardCapture-back] [http-nio-8080-exec-1] jp.co.ea.cardcapture.model.TrumpCard     : suit=2 / num=5
2026-08-08T00:17:57.997+09:00  INFO 24256 --- [CardCapture-back] [http-nio-8080-exec-1] jp.co.ea.cardcapture.model.TrumpCard     : suit=2 / num=5
2026-08-08T00:17:57.997+09:00  INFO 24256 --- [CardCapture-back] [http-nio-8080-exec-1] jp.co.ea.cardcapture.model.TrumpDeck     : suit=2 / num=5 / card-c:107
2026-08-08T00:17:57.997+09:00  INFO 24256 --- [CardCapture-back] [http-nio-8080-exec-1] jp.co.ea.cardcapture.model.TrumpCard     : suit=2 / num=6
2026-08-08T00:17:57.997+09:00  INFO 24256 --- [CardCapture-back] [http-nio-8080-exec-1] jp.co.ea.cardcapture.model.TrumpDeck     : createDeck; makeCard :code; 108 / suitLハート s:2 / num: 6 numLab:6
2026-08-08T00:17:57.997+09:00  INFO 24256 --- [CardCapture-back] [http-nio-8080-exec-1] jp.co.ea.cardcapture.model.TrumpCard     : suit=2 / num=6
2026-08-08T00:17:57.997+09:00  INFO 24256 --- [CardCapture-back] [http-nio-8080-exec-1] jp.co.ea.cardcapture.model.TrumpCard     : suit=2 / num=6
2026-08-08T00:17:57.997+09:00  INFO 24256 --- [CardCapture-back] [http-nio-8080-exec-1] jp.co.ea.cardcapture.model.TrumpDeck     : suit=2 / num=6 / card-c:108
2026-08-08T00:17:57.997+09:00  INFO 24256 --- [CardCapture-back] [http-nio-8080-exec-1] jp.co.ea.cardcapture.model.TrumpCard     : suit=2 / num=7
2026-08-08T00:17:57.998+09:00  INFO 24256 --- [CardCapture-back] [http-nio-8080-exec-1] jp.co.ea.cardcapture.model.TrumpDeck     : createDeck; makeCard :code; 109 / suitLハート s:2 / num: 7 numLab:7
2026-08-08T00:17:57.998+09:00  INFO 24256 --- [CardCapture-back] [http-nio-8080-exec-1] jp.co.ea.cardcapture.model.TrumpCard     : suit=2 / num=7
2026-08-08T00:17:57.998+09:00  INFO 24256 --- [CardCapture-back] [http-nio-8080-exec-1] jp.co.ea.cardcapture.model.TrumpCard     : suit=2 / num=7
2026-08-08T00:17:57.998+09:00  INFO 24256 --- [CardCapture-back] [http-nio-8080-exec-1] jp.co.ea.cardcapture.model.TrumpDeck     : suit=2 / num=7 / card-c:109
2026-08-08T00:17:57.998+09:00  INFO 24256 --- [CardCapture-back] [http-nio-8080-exec-1] jp.co.ea.cardcapture.model.TrumpCard     : suit=2 / num=8
2026-08-08T00:17:57.998+09:00  INFO 24256 --- [CardCapture-back] [http-nio-8080-exec-1] jp.co.ea.cardcapture.model.TrumpDeck     : createDeck; makeCard :code; 110 / suitLハート s:2 / num: 8 numLab:8
2026-08-08T00:17:57.998+09:00  INFO 24256 --- [CardCapture-back] [http-nio-8080-exec-1] jp.co.ea.cardcapture.model.TrumpCard     : suit=2 / num=8
2026-08-08T00:17:57.998+09:00  INFO 24256 --- [CardCapture-back] [http-nio-8080-exec-1] jp.co.ea.cardcapture.model.TrumpCard     : suit=2 / num=8
2026-08-08T00:17:57.998+09:00  INFO 24256 --- [CardCapture-back] [http-nio-8080-exec-1] jp.co.ea.cardcapture.model.TrumpDeck     : suit=2 / num=8 / card-c:110
2026-08-08T00:17:57.998+09:00  INFO 24256 --- [CardCapture-back] [http-nio-8080-exec-1] jp.co.ea.cardcapture.model.TrumpCard     : suit=2 / num=9
2026-08-08T00:17:57.998+09:00  INFO 24256 --- [CardCapture-back] [http-nio-8080-exec-1] jp.co.ea.cardcapture.model.TrumpDeck     : createDeck; makeCard :code; 111 / suitLハート s:2 / num: 9 numLab:9
2026-08-08T00:17:57.998+09:00  INFO 24256 --- [CardCapture-back] [http-nio-8080-exec-1] jp.co.ea.cardcapture.model.TrumpCard     : suit=2 / num=9
2026-08-08T00:17:57.999+09:00  INFO 24256 --- [CardCapture-back] [http-nio-8080-exec-1] jp.co.ea.cardcapture.model.TrumpCard     : suit=2 / num=9
2026-08-08T00:17:57.999+09:00  INFO 24256 --- [CardCapture-back] [http-nio-8080-exec-1] jp.co.ea.cardcapture.model.TrumpDeck     : suit=2 / num=9 / card-c:111
2026-08-08T00:17:57.999+09:00  INFO 24256 --- [CardCapture-back] [http-nio-8080-exec-1] jp.co.ea.cardcapture.model.TrumpCard     : suit=2 / num=10
2026-08-08T00:17:57.999+09:00  INFO 24256 --- [CardCapture-back] [http-nio-8080-exec-1] jp.co.ea.cardcapture.model.TrumpDeck     : createDeck; makeCard :code; 112 / suitLハート s:2 / num: 10 numLab:10
2026-08-08T00:17:57.999+09:00  INFO 24256 --- [CardCapture-back] [http-nio-8080-exec-1] jp.co.ea.cardcapture.model.TrumpCard     : suit=2 / num=10
2026-08-08T00:17:57.999+09:00  INFO 24256 --- [CardCapture-back] [http-nio-8080-exec-1] jp.co.ea.cardcapture.model.TrumpCard     : suit=2 / num=10
2026-08-08T00:17:57.999+09:00  INFO 24256 --- [CardCapture-back] [http-nio-8080-exec-1] jp.co.ea.cardcapture.model.TrumpDeck     : suit=2 / num=10 / card-c:112
2026-08-08T00:17:57.999+09:00  INFO 24256 --- [CardCapture-back] [http-nio-8080-exec-1] jp.co.ea.cardcapture.model.TrumpCard     : suit=2 / num=11
2026-08-08T00:17:57.999+09:00  INFO 24256 --- [CardCapture-back] [http-nio-8080-exec-1] jp.co.ea.cardcapture.model.TrumpDeck     : createDeck; makeCard :code; 113 / suitLハート s:2 / num: 11 numLab:ジャック
2026-08-08T00:17:57.999+09:00  INFO 24256 --- [CardCapture-back] [http-nio-8080-exec-1] jp.co.ea.cardcapture.model.TrumpCard     : suit=2 / num=11
2026-08-08T00:17:57.999+09:00  INFO 24256 --- [CardCapture-back] [http-nio-8080-exec-1] jp.co.ea.cardcapture.model.TrumpCard     : suit=2 / num=11
2026-08-08T00:17:58.000+09:00  INFO 24256 --- [CardCapture-back] [http-nio-8080-exec-1] jp.co.ea.cardcapture.model.TrumpDeck     : suit=2 / num=11 / card-c:113
2026-08-08T00:17:58.000+09:00  INFO 24256 --- [CardCapture-back] [http-nio-8080-exec-1] jp.co.ea.cardcapture.model.TrumpCard     : suit=2 / num=12
2026-08-08T00:17:58.000+09:00  INFO 24256 --- [CardCapture-back] [http-nio-8080-exec-1] jp.co.ea.cardcapture.model.TrumpDeck     : createDeck; makeCard :code; 114 / suitLハート s:2 / num: 12 numLab:クイーン
2026-08-08T00:17:58.000+09:00  INFO 24256 --- [CardCapture-back] [http-nio-8080-exec-1] jp.co.ea.cardcapture.model.TrumpCard     : suit=2 / num=12
2026-08-08T00:17:58.000+09:00  INFO 24256 --- [CardCapture-back] [http-nio-8080-exec-1] jp.co.ea.cardcapture.model.TrumpCard     : suit=2 / num=12
2026-08-08T00:17:58.000+09:00  INFO 24256 --- [CardCapture-back] [http-nio-8080-exec-1] jp.co.ea.cardcapture.model.TrumpDeck     : suit=2 / num=12 / card-c:114
2026-08-08T00:17:58.000+09:00  INFO 24256 --- [CardCapture-back] [http-nio-8080-exec-1] jp.co.ea.cardcapture.model.TrumpCard     : suit=2 / num=13
2026-08-08T00:17:58.000+09:00  INFO 24256 --- [CardCapture-back] [http-nio-8080-exec-1] jp.co.ea.cardcapture.model.TrumpDeck     : createDeck; makeCard :code; 115 / suitLハート s:2 / num: 13 numLab:キング
2026-08-08T00:17:58.000+09:00  INFO 24256 --- [CardCapture-back] [http-nio-8080-exec-1] jp.co.ea.cardcapture.model.TrumpCard     : suit=2 / num=13
2026-08-08T00:17:58.000+09:00  INFO 24256 --- [CardCapture-back] [http-nio-8080-exec-1] jp.co.ea.cardcapture.model.TrumpCard     : suit=2 / num=13
2026-08-08T00:17:58.000+09:00  INFO 24256 --- [CardCapture-back] [http-nio-8080-exec-1] jp.co.ea.cardcapture.model.TrumpDeck     : suit=2 / num=13 / card-c:115
2026-08-08T00:17:58.000+09:00  INFO 24256 --- [CardCapture-back] [http-nio-8080-exec-1] jp.co.ea.cardcapture.model.TrumpCard     : suit=2 / num=14
2026-08-08T00:17:58.000+09:00  INFO 24256 --- [CardCapture-back] [http-nio-8080-exec-1] jp.co.ea.cardcapture.model.TrumpDeck     : createDeck; makeCard :code; 116 / suitLハート s:2 / num: 14 numLab:エース
2026-08-08T00:17:58.000+09:00  INFO 24256 --- [CardCapture-back] [http-nio-8080-exec-1] jp.co.ea.cardcapture.model.TrumpCard     : suit=2 / num=14
2026-08-08T00:17:58.000+09:00  INFO 24256 --- [CardCapture-back] [http-nio-8080-exec-1] jp.co.ea.cardcapture.model.TrumpCard     : suit=2 / num=14
2026-08-08T00:17:58.000+09:00  INFO 24256 --- [CardCapture-back] [http-nio-8080-exec-1] jp.co.ea.cardcapture.model.TrumpDeck     : suit=2 / num=14 / card-c:116
2026-08-08T00:17:58.001+09:00  INFO 24256 --- [CardCapture-back] [http-nio-8080-exec-1] jp.co.ea.cardcapture.model.TrumpCard     : suit=3 / num=2
2026-08-08T00:17:58.001+09:00  INFO 24256 --- [CardCapture-back] [http-nio-8080-exec-1] jp.co.ea.cardcapture.model.TrumpDeck     : createDeck; makeCard :code; 105 / suitLダイヤ s:3 / num: 2 numLab:2
2026-08-08T00:17:58.001+09:00  INFO 24256 --- [CardCapture-back] [http-nio-8080-exec-1] jp.co.ea.cardcapture.model.TrumpCard     : suit=3 / num=2
2026-08-08T00:17:58.001+09:00  INFO 24256 --- [CardCapture-back] [http-nio-8080-exec-1] jp.co.ea.cardcapture.model.TrumpCard     : suit=3 / num=2
2026-08-08T00:17:58.001+09:00  INFO 24256 --- [CardCapture-back] [http-nio-8080-exec-1] jp.co.ea.cardcapture.model.TrumpDeck     : suit=3 / num=2 / card-c:105
2026-08-08T00:17:58.001+09:00  INFO 24256 --- [CardCapture-back] [http-nio-8080-exec-1] jp.co.ea.cardcapture.model.TrumpCard     : suit=3 / num=3
2026-08-08T00:17:58.001+09:00  INFO 24256 --- [CardCapture-back] [http-nio-8080-exec-1] jp.co.ea.cardcapture.model.TrumpDeck     : createDeck; makeCard :code; 106 / suitLダイヤ s:3 / num: 3 numLab:3
2026-08-08T00:17:58.001+09:00  INFO 24256 --- [CardCapture-back] [http-nio-8080-exec-1] jp.co.ea.cardcapture.model.TrumpCard     : suit=3 / num=3
2026-08-08T00:17:58.001+09:00  INFO 24256 --- [CardCapture-back] [http-nio-8080-exec-1] jp.co.ea.cardcapture.model.TrumpCard     : suit=3 / num=3
2026-08-08T00:17:58.001+09:00  INFO 24256 --- [CardCapture-back] [http-nio-8080-exec-1] jp.co.ea.cardcapture.model.TrumpDeck     : suit=3 / num=3 / card-c:106
2026-08-08T00:17:58.001+09:00  INFO 24256 --- [CardCapture-back] [http-nio-8080-exec-1] jp.co.ea.cardcapture.model.TrumpCard     : suit=3 / num=4
2026-08-08T00:17:58.001+09:00  INFO 24256 --- [CardCapture-back] [http-nio-8080-exec-1] jp.co.ea.cardcapture.model.TrumpDeck     : createDeck; makeCard :code; 107 / suitLダイヤ s:3 / num: 4 numLab:4
2026-08-08T00:17:58.001+09:00  INFO 24256 --- [CardCapture-back] [http-nio-8080-exec-1] jp.co.ea.cardcapture.model.TrumpCard     : suit=3 / num=4
2026-08-08T00:17:58.001+09:00  INFO 24256 --- [CardCapture-back] [http-nio-8080-exec-1] jp.co.ea.cardcapture.model.TrumpCard     : suit=3 / num=4
2026-08-08T00:17:58.001+09:00  INFO 24256 --- [CardCapture-back] [http-nio-8080-exec-1] jp.co.ea.cardcapture.model.TrumpDeck     : suit=3 / num=4 / card-c:107
2026-08-08T00:17:58.001+09:00  INFO 24256 --- [CardCapture-back] [http-nio-8080-exec-1] jp.co.ea.cardcapture.model.TrumpCard     : suit=3 / num=5
2026-08-08T00:17:58.001+09:00  INFO 24256 --- [CardCapture-back] [http-nio-8080-exec-1] jp.co.ea.cardcapture.model.TrumpDeck     : createDeck; makeCard :code; 108 / suitLダイヤ s:3 / num: 5 numLab:5
2026-08-08T00:17:58.001+09:00  INFO 24256 --- [CardCapture-back] [http-nio-8080-exec-1] jp.co.ea.cardcapture.model.TrumpCard     : suit=3 / num=5
2026-08-08T00:17:58.001+09:00  INFO 24256 --- [CardCapture-back] [http-nio-8080-exec-1] jp.co.ea.cardcapture.model.TrumpCard     : suit=3 / num=5
2026-08-08T00:17:58.001+09:00  INFO 24256 --- [CardCapture-back] [http-nio-8080-exec-1] jp.co.ea.cardcapture.model.TrumpDeck     : suit=3 / num=5 / card-c:108
2026-08-08T00:17:58.001+09:00  INFO 24256 --- [CardCapture-back] [http-nio-8080-exec-1] jp.co.ea.cardcapture.model.TrumpCard     : suit=3 / num=6
2026-08-08T00:17:58.001+09:00  INFO 24256 --- [CardCapture-back] [http-nio-8080-exec-1] jp.co.ea.cardcapture.model.TrumpDeck     : createDeck; makeCard :code; 109 / suitLダイヤ s:3 / num: 6 numLab:6
2026-08-08T00:17:58.001+09:00  INFO 24256 --- [CardCapture-back] [http-nio-8080-exec-1] jp.co.ea.cardcapture.model.TrumpCard     : suit=3 / num=6
2026-08-08T00:17:58.001+09:00  INFO 24256 --- [CardCapture-back] [http-nio-8080-exec-1] jp.co.ea.cardcapture.model.TrumpCard     : suit=3 / num=6
2026-08-08T00:17:58.001+09:00  INFO 24256 --- [CardCapture-back] [http-nio-8080-exec-1] jp.co.ea.cardcapture.model.TrumpDeck     : suit=3 / num=6 / card-c:109
2026-08-08T00:17:58.002+09:00  INFO 24256 --- [CardCapture-back] [http-nio-8080-exec-1] jp.co.ea.cardcapture.model.TrumpCard     : suit=3 / num=7
2026-08-08T00:17:58.002+09:00  INFO 24256 --- [CardCapture-back] [http-nio-8080-exec-1] jp.co.ea.cardcapture.model.TrumpDeck     : createDeck; makeCard :code; 110 / suitLダイヤ s:3 / num: 7 numLab:7
2026-08-08T00:17:58.002+09:00  INFO 24256 --- [CardCapture-back] [http-nio-8080-exec-1] jp.co.ea.cardcapture.model.TrumpCard     : suit=3 / num=7
2026-08-08T00:17:58.002+09:00  INFO 24256 --- [CardCapture-back] [http-nio-8080-exec-1] jp.co.ea.cardcapture.model.TrumpCard     : suit=3 / num=7
2026-08-08T00:17:58.002+09:00  INFO 24256 --- [CardCapture-back] [http-nio-8080-exec-1] jp.co.ea.cardcapture.model.TrumpDeck     : suit=3 / num=7 / card-c:110
2026-08-08T00:17:58.002+09:00  INFO 24256 --- [CardCapture-back] [http-nio-8080-exec-1] jp.co.ea.cardcapture.model.TrumpCard     : suit=3 / num=8
2026-08-08T00:17:58.002+09:00  INFO 24256 --- [CardCapture-back] [http-nio-8080-exec-1] jp.co.ea.cardcapture.model.TrumpDeck     : createDeck; makeCard :code; 111 / suitLダイヤ s:3 / num: 8 numLab:8
2026-08-08T00:17:58.002+09:00  INFO 24256 --- [CardCapture-back] [http-nio-8080-exec-1] jp.co.ea.cardcapture.model.TrumpCard     : suit=3 / num=8
2026-08-08T00:17:58.002+09:00  INFO 24256 --- [CardCapture-back] [http-nio-8080-exec-1] jp.co.ea.cardcapture.model.TrumpCard     : suit=3 / num=8
2026-08-08T00:17:58.002+09:00  INFO 24256 --- [CardCapture-back] [http-nio-8080-exec-1] jp.co.ea.cardcapture.model.TrumpDeck     : suit=3 / num=8 / card-c:111
2026-08-08T00:17:58.002+09:00  INFO 24256 --- [CardCapture-back] [http-nio-8080-exec-1] jp.co.ea.cardcapture.model.TrumpCard     : suit=3 / num=9
2026-08-08T00:17:58.002+09:00  INFO 24256 --- [CardCapture-back] [http-nio-8080-exec-1] jp.co.ea.cardcapture.model.TrumpDeck     : createDeck; makeCard :code; 112 / suitLダイヤ s:3 / num: 9 numLab:9
2026-08-08T00:17:58.002+09:00  INFO 24256 --- [CardCapture-back] [http-nio-8080-exec-1] jp.co.ea.cardcapture.model.TrumpCard     : suit=3 / num=9
2026-08-08T00:17:58.002+09:00  INFO 24256 --- [CardCapture-back] [http-nio-8080-exec-1] jp.co.ea.cardcapture.model.TrumpCard     : suit=3 / num=9
2026-08-08T00:17:58.002+09:00  INFO 24256 --- [CardCapture-back] [http-nio-8080-exec-1] jp.co.ea.cardcapture.model.TrumpDeck     : suit=3 / num=9 / card-c:112
2026-08-08T00:17:58.002+09:00  INFO 24256 --- [CardCapture-back] [http-nio-8080-exec-1] jp.co.ea.cardcapture.model.TrumpCard     : suit=3 / num=10
2026-08-08T00:17:58.002+09:00  INFO 24256 --- [CardCapture-back] [http-nio-8080-exec-1] jp.co.ea.cardcapture.model.TrumpDeck     : createDeck; makeCard :code; 113 / suitLダイヤ s:3 / num: 10 numLab:10
2026-08-08T00:17:58.002+09:00  INFO 24256 --- [CardCapture-back] [http-nio-8080-exec-1] jp.co.ea.cardcapture.model.TrumpCard     : suit=3 / num=10
2026-08-08T00:17:58.002+09:00  INFO 24256 --- [CardCapture-back] [http-nio-8080-exec-1] jp.co.ea.cardcapture.model.TrumpCard     : suit=3 / num=10
2026-08-08T00:17:58.002+09:00  INFO 24256 --- [CardCapture-back] [http-nio-8080-exec-1] jp.co.ea.cardcapture.model.TrumpDeck     : suit=3 / num=10 / card-c:113
2026-08-08T00:17:58.002+09:00  INFO 24256 --- [CardCapture-back] [http-nio-8080-exec-1] jp.co.ea.cardcapture.model.TrumpCard     : suit=3 / num=11
2026-08-08T00:17:58.002+09:00  INFO 24256 --- [CardCapture-back] [http-nio-8080-exec-1] jp.co.ea.cardcapture.model.TrumpDeck     : createDeck; makeCard :code; 114 / suitLダイヤ s:3 / num: 11 numLab:ジャック
2026-08-08T00:17:58.002+09:00  INFO 24256 --- [CardCapture-back] [http-nio-8080-exec-1] jp.co.ea.cardcapture.model.TrumpCard     : suit=3 / num=11
2026-08-08T00:17:58.002+09:00  INFO 24256 --- [CardCapture-back] [http-nio-8080-exec-1] jp.co.ea.cardcapture.model.TrumpCard     : suit=3 / num=11
2026-08-08T00:17:58.002+09:00  INFO 24256 --- [CardCapture-back] [http-nio-8080-exec-1] jp.co.ea.cardcapture.model.TrumpDeck     : suit=3 / num=11 / card-c:114
2026-08-08T00:17:58.002+09:00  INFO 24256 --- [CardCapture-back] [http-nio-8080-exec-1] jp.co.ea.cardcapture.model.TrumpCard     : suit=3 / num=12
2026-08-08T00:17:58.002+09:00  INFO 24256 --- [CardCapture-back] [http-nio-8080-exec-1] jp.co.ea.cardcapture.model.TrumpDeck     : createDeck; makeCard :code; 115 / suitLダイヤ s:3 / num: 12 numLab:クイーン
2026-08-08T00:17:58.002+09:00  INFO 24256 --- [CardCapture-back] [http-nio-8080-exec-1] jp.co.ea.cardcapture.model.TrumpCard     : suit=3 / num=12
2026-08-08T00:17:58.002+09:00  INFO 24256 --- [CardCapture-back] [http-nio-8080-exec-1] jp.co.ea.cardcapture.model.TrumpCard     : suit=3 / num=12
2026-08-08T00:17:58.002+09:00  INFO 24256 --- [CardCapture-back] [http-nio-8080-exec-1] jp.co.ea.cardcapture.model.TrumpDeck     : suit=3 / num=12 / card-c:115
2026-08-08T00:17:58.002+09:00  INFO 24256 --- [CardCapture-back] [http-nio-8080-exec-1] jp.co.ea.cardcapture.model.TrumpCard     : suit=3 / num=13
2026-08-08T00:17:58.002+09:00  INFO 24256 --- [CardCapture-back] [http-nio-8080-exec-1] jp.co.ea.cardcapture.model.TrumpDeck     : createDeck; makeCard :code; 116 / suitLダイヤ s:3 / num: 13 numLab:キング
2026-08-08T00:17:58.002+09:00  INFO 24256 --- [CardCapture-back] [http-nio-8080-exec-1] jp.co.ea.cardcapture.model.TrumpCard     : suit=3 / num=13
2026-08-08T00:17:58.002+09:00  INFO 24256 --- [CardCapture-back] [http-nio-8080-exec-1] jp.co.ea.cardcapture.model.TrumpCard     : suit=3 / num=13
2026-08-08T00:17:58.003+09:00  INFO 24256 --- [CardCapture-back] [http-nio-8080-exec-1] jp.co.ea.cardcapture.model.TrumpDeck     : suit=3 / num=13 / card-c:116
2026-08-08T00:17:58.003+09:00  INFO 24256 --- [CardCapture-back] [http-nio-8080-exec-1] jp.co.ea.cardcapture.model.TrumpCard     : suit=3 / num=14
2026-08-08T00:17:58.003+09:00  INFO 24256 --- [CardCapture-back] [http-nio-8080-exec-1] jp.co.ea.cardcapture.model.TrumpDeck     : createDeck; makeCard :code; 117 / suitLダイヤ s:3 / num: 14 numLab:エース
2026-08-08T00:17:58.003+09:00  INFO 24256 --- [CardCapture-back] [http-nio-8080-exec-1] jp.co.ea.cardcapture.model.TrumpCard     : suit=3 / num=14
2026-08-08T00:17:58.003+09:00  INFO 24256 --- [CardCapture-back] [http-nio-8080-exec-1] jp.co.ea.cardcapture.model.TrumpCard     : suit=3 / num=14
2026-08-08T00:17:58.003+09:00  INFO 24256 --- [CardCapture-back] [http-nio-8080-exec-1] jp.co.ea.cardcapture.model.TrumpDeck     : suit=3 / num=14 / card-c:117
2026-08-08T00:17:58.003+09:00  INFO 24256 --- [CardCapture-back] [http-nio-8080-exec-1] jp.co.ea.cardcapture.model.TrumpCard     : suit=4 / num=2
2026-08-08T00:17:58.003+09:00  INFO 24256 --- [CardCapture-back] [http-nio-8080-exec-1] jp.co.ea.cardcapture.model.TrumpDeck     : createDeck; makeCard :code; 106 / suitLクラブ s:4 / num: 2 numLab:2
2026-08-08T00:17:58.003+09:00  INFO 24256 --- [CardCapture-back] [http-nio-8080-exec-1] jp.co.ea.cardcapture.model.TrumpCard     : suit=4 / num=2
2026-08-08T00:17:58.003+09:00  INFO 24256 --- [CardCapture-back] [http-nio-8080-exec-1] jp.co.ea.cardcapture.model.TrumpCard     : suit=4 / num=2
2026-08-08T00:17:58.003+09:00  INFO 24256 --- [CardCapture-back] [http-nio-8080-exec-1] jp.co.ea.cardcapture.model.TrumpDeck     : suit=4 / num=2 / card-c:106
2026-08-08T00:17:58.003+09:00  INFO 24256 --- [CardCapture-back] [http-nio-8080-exec-1] jp.co.ea.cardcapture.model.TrumpCard     : suit=4 / num=3
2026-08-08T00:17:58.003+09:00  INFO 24256 --- [CardCapture-back] [http-nio-8080-exec-1] jp.co.ea.cardcapture.model.TrumpDeck     : createDeck; makeCard :code; 107 / suitLクラブ s:4 / num: 3 numLab:3
2026-08-08T00:17:58.003+09:00  INFO 24256 --- [CardCapture-back] [http-nio-8080-exec-1] jp.co.ea.cardcapture.model.TrumpCard     : suit=4 / num=3
2026-08-08T00:17:58.003+09:00  INFO 24256 --- [CardCapture-back] [http-nio-8080-exec-1] jp.co.ea.cardcapture.model.TrumpCard     : suit=4 / num=3
2026-08-08T00:17:58.003+09:00  INFO 24256 --- [CardCapture-back] [http-nio-8080-exec-1] jp.co.ea.cardcapture.model.TrumpDeck     : suit=4 / num=3 / card-c:107
2026-08-08T00:17:58.003+09:00  INFO 24256 --- [CardCapture-back] [http-nio-8080-exec-1] jp.co.ea.cardcapture.model.TrumpCard     : suit=4 / num=4
2026-08-08T00:17:58.003+09:00  INFO 24256 --- [CardCapture-back] [http-nio-8080-exec-1] jp.co.ea.cardcapture.model.TrumpDeck     : createDeck; makeCard :code; 108 / suitLクラブ s:4 / num: 4 numLab:4
2026-08-08T00:17:58.003+09:00  INFO 24256 --- [CardCapture-back] [http-nio-8080-exec-1] jp.co.ea.cardcapture.model.TrumpCard     : suit=4 / num=4
2026-08-08T00:17:58.003+09:00  INFO 24256 --- [CardCapture-back] [http-nio-8080-exec-1] jp.co.ea.cardcapture.model.TrumpCard     : suit=4 / num=4
2026-08-08T00:17:58.003+09:00  INFO 24256 --- [CardCapture-back] [http-nio-8080-exec-1] jp.co.ea.cardcapture.model.TrumpDeck     : suit=4 / num=4 / card-c:108
2026-08-08T00:17:58.003+09:00  INFO 24256 --- [CardCapture-back] [http-nio-8080-exec-1] jp.co.ea.cardcapture.model.TrumpCard     : suit=4 / num=5
2026-08-08T00:17:58.003+09:00  INFO 24256 --- [CardCapture-back] [http-nio-8080-exec-1] jp.co.ea.cardcapture.model.TrumpDeck     : createDeck; makeCard :code; 109 / suitLクラブ s:4 / num: 5 numLab:5
2026-08-08T00:17:58.003+09:00  INFO 24256 --- [CardCapture-back] [http-nio-8080-exec-1] jp.co.ea.cardcapture.model.TrumpCard     : suit=4 / num=5
2026-08-08T00:17:58.003+09:00  INFO 24256 --- [CardCapture-back] [http-nio-8080-exec-1] jp.co.ea.cardcapture.model.TrumpCard     : suit=4 / num=5
2026-08-08T00:17:58.003+09:00  INFO 24256 --- [CardCapture-back] [http-nio-8080-exec-1] jp.co.ea.cardcapture.model.TrumpDeck     : suit=4 / num=5 / card-c:109
2026-08-08T00:17:58.003+09:00  INFO 24256 --- [CardCapture-back] [http-nio-8080-exec-1] jp.co.ea.cardcapture.model.TrumpCard     : suit=4 / num=6
2026-08-08T00:17:58.003+09:00  INFO 24256 --- [CardCapture-back] [http-nio-8080-exec-1] jp.co.ea.cardcapture.model.TrumpDeck     : createDeck; makeCard :code; 110 / suitLクラブ s:4 / num: 6 numLab:6
2026-08-08T00:17:58.003+09:00  INFO 24256 --- [CardCapture-back] [http-nio-8080-exec-1] jp.co.ea.cardcapture.model.TrumpCard     : suit=4 / num=6
2026-08-08T00:17:58.003+09:00  INFO 24256 --- [CardCapture-back] [http-nio-8080-exec-1] jp.co.ea.cardcapture.model.TrumpCard     : suit=4 / num=6
2026-08-08T00:17:58.003+09:00  INFO 24256 --- [CardCapture-back] [http-nio-8080-exec-1] jp.co.ea.cardcapture.model.TrumpDeck     : suit=4 / num=6 / card-c:110
2026-08-08T00:17:58.003+09:00  INFO 24256 --- [CardCapture-back] [http-nio-8080-exec-1] jp.co.ea.cardcapture.model.TrumpCard     : suit=4 / num=7
2026-08-08T00:17:58.003+09:00  INFO 24256 --- [CardCapture-back] [http-nio-8080-exec-1] jp.co.ea.cardcapture.model.TrumpDeck     : createDeck; makeCard :code; 111 / suitLクラブ s:4 / num: 7 numLab:7
2026-08-08T00:17:58.004+09:00  INFO 24256 --- [CardCapture-back] [http-nio-8080-exec-1] jp.co.ea.cardcapture.model.TrumpCard     : suit=4 / num=7
2026-08-08T00:17:58.004+09:00  INFO 24256 --- [CardCapture-back] [http-nio-8080-exec-1] jp.co.ea.cardcapture.model.TrumpCard     : suit=4 / num=7
2026-08-08T00:17:58.004+09:00  INFO 24256 --- [CardCapture-back] [http-nio-8080-exec-1] jp.co.ea.cardcapture.model.TrumpDeck     : suit=4 / num=7 / card-c:111
2026-08-08T00:17:58.004+09:00  INFO 24256 --- [CardCapture-back] [http-nio-8080-exec-1] jp.co.ea.cardcapture.model.TrumpCard     : suit=4 / num=8
2026-08-08T00:17:58.004+09:00  INFO 24256 --- [CardCapture-back] [http-nio-8080-exec-1] jp.co.ea.cardcapture.model.TrumpDeck     : createDeck; makeCard :code; 112 / suitLクラブ s:4 / num: 8 numLab:8
2026-08-08T00:17:58.004+09:00  INFO 24256 --- [CardCapture-back] [http-nio-8080-exec-1] jp.co.ea.cardcapture.model.TrumpCard     : suit=4 / num=8
2026-08-08T00:17:58.004+09:00  INFO 24256 --- [CardCapture-back] [http-nio-8080-exec-1] jp.co.ea.cardcapture.model.TrumpCard     : suit=4 / num=8
2026-08-08T00:17:58.004+09:00  INFO 24256 --- [CardCapture-back] [http-nio-8080-exec-1] jp.co.ea.cardcapture.model.TrumpDeck     : suit=4 / num=8 / card-c:112
2026-08-08T00:17:58.004+09:00  INFO 24256 --- [CardCapture-back] [http-nio-8080-exec-1] jp.co.ea.cardcapture.model.TrumpCard     : suit=4 / num=9
2026-08-08T00:17:58.004+09:00  INFO 24256 --- [CardCapture-back] [http-nio-8080-exec-1] jp.co.ea.cardcapture.model.TrumpDeck     : createDeck; makeCard :code; 113 / suitLクラブ s:4 / num: 9 numLab:9
2026-08-08T00:17:58.004+09:00  INFO 24256 --- [CardCapture-back] [http-nio-8080-exec-1] jp.co.ea.cardcapture.model.TrumpCard     : suit=4 / num=9
2026-08-08T00:17:58.004+09:00  INFO 24256 --- [CardCapture-back] [http-nio-8080-exec-1] jp.co.ea.cardcapture.model.TrumpCard     : suit=4 / num=9
2026-08-08T00:17:58.004+09:00  INFO 24256 --- [CardCapture-back] [http-nio-8080-exec-1] jp.co.ea.cardcapture.model.TrumpDeck     : suit=4 / num=9 / card-c:113
2026-08-08T00:17:58.004+09:00  INFO 24256 --- [CardCapture-back] [http-nio-8080-exec-1] jp.co.ea.cardcapture.model.TrumpCard     : suit=4 / num=10
2026-08-08T00:17:58.004+09:00  INFO 24256 --- [CardCapture-back] [http-nio-8080-exec-1] jp.co.ea.cardcapture.model.TrumpDeck     : createDeck; makeCard :code; 114 / suitLクラブ s:4 / num: 10 numLab:10
2026-08-08T00:17:58.004+09:00  INFO 24256 --- [CardCapture-back] [http-nio-8080-exec-1] jp.co.ea.cardcapture.model.TrumpCard     : suit=4 / num=10
2026-08-08T00:17:58.004+09:00  INFO 24256 --- [CardCapture-back] [http-nio-8080-exec-1] jp.co.ea.cardcapture.model.TrumpCard     : suit=4 / num=10
2026-08-08T00:17:58.004+09:00  INFO 24256 --- [CardCapture-back] [http-nio-8080-exec-1] jp.co.ea.cardcapture.model.TrumpDeck     : suit=4 / num=10 / card-c:114
2026-08-08T00:17:58.004+09:00  INFO 24256 --- [CardCapture-back] [http-nio-8080-exec-1] jp.co.ea.cardcapture.model.TrumpCard     : suit=4 / num=11
2026-08-08T00:17:58.004+09:00  INFO 24256 --- [CardCapture-back] [http-nio-8080-exec-1] jp.co.ea.cardcapture.model.TrumpDeck     : createDeck; makeCard :code; 115 / suitLクラブ s:4 / num: 11 numLab:ジャック
2026-08-08T00:17:58.004+09:00  INFO 24256 --- [CardCapture-back] [http-nio-8080-exec-1] jp.co.ea.cardcapture.model.TrumpCard     : suit=4 / num=11
2026-08-08T00:17:58.004+09:00  INFO 24256 --- [CardCapture-back] [http-nio-8080-exec-1] jp.co.ea.cardcapture.model.TrumpCard     : suit=4 / num=11
2026-08-08T00:17:58.004+09:00  INFO 24256 --- [CardCapture-back] [http-nio-8080-exec-1] jp.co.ea.cardcapture.model.TrumpDeck     : suit=4 / num=11 / card-c:115
2026-08-08T00:17:58.004+09:00  INFO 24256 --- [CardCapture-back] [http-nio-8080-exec-1] jp.co.ea.cardcapture.model.TrumpCard     : suit=4 / num=12
2026-08-08T00:17:58.004+09:00  INFO 24256 --- [CardCapture-back] [http-nio-8080-exec-1] jp.co.ea.cardcapture.model.TrumpDeck     : createDeck; makeCard :code; 116 / suitLクラブ s:4 / num: 12 numLab:クイーン
2026-08-08T00:17:58.004+09:00  INFO 24256 --- [CardCapture-back] [http-nio-8080-exec-1] jp.co.ea.cardcapture.model.TrumpCard     : suit=4 / num=12
2026-08-08T00:17:58.004+09:00  INFO 24256 --- [CardCapture-back] [http-nio-8080-exec-1] jp.co.ea.cardcapture.model.TrumpCard     : suit=4 / num=12
2026-08-08T00:17:58.004+09:00  INFO 24256 --- [CardCapture-back] [http-nio-8080-exec-1] jp.co.ea.cardcapture.model.TrumpDeck     : suit=4 / num=12 / card-c:116
2026-08-08T00:17:58.004+09:00  INFO 24256 --- [CardCapture-back] [http-nio-8080-exec-1] jp.co.ea.cardcapture.model.TrumpCard     : suit=4 / num=13
2026-08-08T00:17:58.004+09:00  INFO 24256 --- [CardCapture-back] [http-nio-8080-exec-1] jp.co.ea.cardcapture.model.TrumpDeck     : createDeck; makeCard :code; 117 / suitLクラブ s:4 / num: 13 numLab:キング
2026-08-08T00:17:58.004+09:00  INFO 24256 --- [CardCapture-back] [http-nio-8080-exec-1] jp.co.ea.cardcapture.model.TrumpCard     : suit=4 / num=13
2026-08-08T00:17:58.004+09:00  INFO 24256 --- [CardCapture-back] [http-nio-8080-exec-1] jp.co.ea.cardcapture.model.TrumpCard     : suit=4 / num=13
2026-08-08T00:17:58.005+09:00  INFO 24256 --- [CardCapture-back] [http-nio-8080-exec-1] jp.co.ea.cardcapture.model.TrumpDeck     : suit=4 / num=13 / card-c:117
2026-08-08T00:17:58.005+09:00  INFO 24256 --- [CardCapture-back] [http-nio-8080-exec-1] jp.co.ea.cardcapture.model.TrumpCard     : suit=4 / num=14
2026-08-08T00:17:58.005+09:00  INFO 24256 --- [CardCapture-back] [http-nio-8080-exec-1] jp.co.ea.cardcapture.model.TrumpDeck     : createDeck; makeCard :code; 118 / suitLクラブ s:4 / num: 14 numLab:エース
2026-08-08T00:17:58.005+09:00  INFO 24256 --- [CardCapture-back] [http-nio-8080-exec-1] jp.co.ea.cardcapture.model.TrumpCard     : suit=4 / num=14
2026-08-08T00:17:58.005+09:00  INFO 24256 --- [CardCapture-back] [http-nio-8080-exec-1] jp.co.ea.cardcapture.model.TrumpCard     : suit=4 / num=14
2026-08-08T00:17:58.005+09:00  INFO 24256 --- [CardCapture-back] [http-nio-8080-exec-1] jp.co.ea.cardcapture.model.TrumpDeck     : suit=4 / num=14 / card-c:118
2026-08-08T00:17:58.005+09:00  INFO 24256 --- [CardCapture-back] [http-nio-8080-exec-1] jp.co.ea.cardcapture.model.TrumpCard     : suit=5 / num=1
2026-08-08T00:17:58.005+09:00  INFO 24256 --- [CardCapture-back] [http-nio-8080-exec-1] jp.co.ea.cardcapture.model.TrumpCard     : suit=5 / num=1
2026-08-08T00:17:58.005+09:00  INFO 24256 --- [CardCapture-back] [http-nio-8080-exec-1] jp.co.ea.cardcapture.model.TrumpDeck     : createDeck; makeCard :code; 106 / suitLジョーカー s:5 / num: 1 numLab:1
2026-08-08T00:17:58.005+09:00  INFO 24256 --- [CardCapture-back] [http-nio-8080-exec-1] jp.co.ea.cardcapture.model.TrumpCard     : suit=5 / num=2
2026-08-08T00:17:58.005+09:00  INFO 24256 --- [CardCapture-back] [http-nio-8080-exec-1] jp.co.ea.cardcapture.model.TrumpCard     : suit=5 / num=2
2026-08-08T00:17:58.005+09:00  INFO 24256 --- [CardCapture-back] [http-nio-8080-exec-1] jp.co.ea.cardcapture.model.TrumpDeck     : createDeck; makeCard :code; 107 / suitLジョーカー s:5 / num: 2 numLab:2
2026-08-08T00:17:58.005+09:00  INFO 24256 --- [CardCapture-back] [http-nio-8080-exec-1] jp.co.ea.cardcapture.model.TrumpDeck     : createDeck; 終了
2026-08-08T00:17:58.006+09:00  INFO 24256 --- [CardCapture-back] [http-nio-8080-exec-1] j.c.e.c.service.CardCuptureInitService   : CardCuptureInitService; init 終了
2026-08-08T00:18:58.872+09:00  INFO 24256 --- [CardCapture-back] [File Watcher] rtingClassPathChangeChangedEventListener : Restarting due to 18 class path changes (0 additions, 0 deletions, 18 modifications)
2026-08-08T00:18:58.876+09:00  INFO 24256 --- [CardCapture-back] [Thread-13] o.s.boot.tomcat.GracefulShutdown         : Commencing graceful shutdown. Waiting for active requests to complete
2026-08-08T00:18:58.883+09:00  INFO 24256 --- [CardCapture-back] [tomcat-shutdown] o.s.boot.tomcat.GracefulShutdown         : Graceful shutdown complete
2026-08-08T00:18:59.000+09:00  INFO 24256 --- [CardCapture-back] [restartedMain] j.c.e.c.CardCaptureBackApplication       : Starting CardCaptureBackApplication using Java 21.0.9 with PID 24256 (C:\kino-work\SpringBoot\CardCapture-back\bin\main started by NPC-61 in C:\kino-work\SpringBoot\CardCapture-back)
2026-08-08T00:18:59.001+09:00  INFO 24256 --- [CardCapture-back] [restartedMain] j.c.e.c.CardCaptureBackApplication       : No active profile set, falling back to 1 default profile: "default"
2026-08-08T00:18:59.253+09:00  INFO 24256 --- [CardCapture-back] [restartedMain] o.s.boot.tomcat.TomcatWebServer          : Tomcat initialized with port 8080 (http)
2026-08-08T00:18:59.254+09:00  INFO 24256 --- [CardCapture-back] [restartedMain] o.apache.catalina.core.StandardService   : Starting service [Tomcat]
2026-08-08T00:18:59.255+09:00  INFO 24256 --- [CardCapture-back] [restartedMain] o.apache.catalina.core.StandardEngine    : Starting Servlet engine: [Apache Tomcat/11.0.22]
2026-08-08T00:18:59.272+09:00  INFO 24256 --- [CardCapture-back] [restartedMain] b.w.c.s.WebApplicationContextInitializer : Root WebApplicationContext: initialization completed in 268 ms
2026-08-08T00:18:59.302+09:00  INFO 24256 --- [CardCapture-back] [restartedMain] o.s.v.b.OptionalValidatorFactoryBean     : Failed to set up a Bean Validation provider: jakarta.validation.NoProviderFoundException: Unable to create a Configuration, because no Jakarta Validation provider could be found. Add a provider like Hibernate Validator (RI) to your classpath.
2026-08-08T00:18:59.358+09:00  INFO 24256 --- [CardCapture-back] [restartedMain] o.s.boot.tomcat.TomcatWebServer          : Tomcat started on port 8080 (http) with context path '/'
2026-08-08T00:18:59.360+09:00  INFO 24256 --- [CardCapture-back] [restartedMain] j.c.e.c.CardCaptureBackApplication       : Started CardCaptureBackApplication in 0.392 seconds (process running for 19260.279)
2026-08-08T00:18:59.361+09:00  INFO 24256 --- [CardCapture-back] [restartedMain] .ConditionEvaluationDeltaLoggingListener : Condition evaluation unchanged
2026-08-08T00:19:11.307+09:00  INFO 24256 --- [CardCapture-back] [http-nio-8080-exec-1] o.a.c.c.C.[Tomcat].[localhost].[/]       : Initializing Spring DispatcherServlet 'dispatcherServlet'
2026-08-08T00:19:11.307+09:00  INFO 24256 --- [CardCapture-back] [http-nio-8080-exec-1] o.s.web.servlet.DispatcherServlet        : Initializing Servlet 'dispatcherServlet'
2026-08-08T00:19:11.310+09:00  INFO 24256 --- [CardCapture-back] [http-nio-8080-exec-1] o.s.web.servlet.DispatcherServlet        : Completed initialization in 3 ms
2026-08-08T00:19:11.315+09:00  INFO 24256 --- [CardCapture-back] [http-nio-8080-exec-1] j.c.e.c.service.CardCuptureInitService   : CardCuptureInitService; init 開始
2026-08-08T00:19:11.317+09:00  INFO 24256 --- [CardCapture-back] [http-nio-8080-exec-1] jp.co.ea.cardcapture.model.TrumpDeck     : createDeck; 開始
2026-08-08T00:19:11.324+09:00  INFO 24256 --- [CardCapture-back] [http-nio-8080-exec-1] jp.co.ea.cardcapture.model.TrumpDeck     : createDeck; makeCard :code; 102 / suitLスペード s:1 / num: 2 numLab:2
2026-08-08T00:19:11.324+09:00  INFO 24256 --- [CardCapture-back] [http-nio-8080-exec-1] jp.co.ea.cardcapture.model.TrumpDeck     : suit=1 / num=2 / card-c:102
2026-08-08T00:19:11.324+09:00  INFO 24256 --- [CardCapture-back] [http-nio-8080-exec-1] jp.co.ea.cardcapture.model.TrumpDeck     : createDeck; makeCard :code; 103 / suitLスペード s:1 / num: 3 numLab:3
2026-08-08T00:19:11.324+09:00  INFO 24256 --- [CardCapture-back] [http-nio-8080-exec-1] jp.co.ea.cardcapture.model.TrumpDeck     : suit=1 / num=3 / card-c:103
2026-08-08T00:19:11.324+09:00  INFO 24256 --- [CardCapture-back] [http-nio-8080-exec-1] jp.co.ea.cardcapture.model.TrumpDeck     : createDeck; makeCard :code; 104 / suitLスペード s:1 / num: 4 numLab:4
2026-08-08T00:19:11.324+09:00  INFO 24256 --- [CardCapture-back] [http-nio-8080-exec-1] jp.co.ea.cardcapture.model.TrumpDeck     : suit=1 / num=4 / card-c:104
2026-08-08T00:19:11.325+09:00  INFO 24256 --- [CardCapture-back] [http-nio-8080-exec-1] jp.co.ea.cardcapture.model.TrumpDeck     : createDeck; makeCard :code; 105 / suitLスペード s:1 / num: 5 numLab:5
2026-08-08T00:19:11.325+09:00  INFO 24256 --- [CardCapture-back] [http-nio-8080-exec-1] jp.co.ea.cardcapture.model.TrumpDeck     : suit=1 / num=5 / card-c:105
2026-08-08T00:19:11.325+09:00  INFO 24256 --- [CardCapture-back] [http-nio-8080-exec-1] jp.co.ea.cardcapture.model.TrumpDeck     : createDeck; makeCard :code; 106 / suitLスペード s:1 / num: 6 numLab:6
2026-08-08T00:19:11.325+09:00  INFO 24256 --- [CardCapture-back] [http-nio-8080-exec-1] jp.co.ea.cardcapture.model.TrumpDeck     : suit=1 / num=6 / card-c:106
2026-08-08T00:19:11.325+09:00  INFO 24256 --- [CardCapture-back] [http-nio-8080-exec-1] jp.co.ea.cardcapture.model.TrumpDeck     : createDeck; makeCard :code; 107 / suitLスペード s:1 / num: 7 numLab:7
2026-08-08T00:19:11.325+09:00  INFO 24256 --- [CardCapture-back] [http-nio-8080-exec-1] jp.co.ea.cardcapture.model.TrumpDeck     : suit=1 / num=7 / card-c:107
2026-08-08T00:19:11.325+09:00  INFO 24256 --- [CardCapture-back] [http-nio-8080-exec-1] jp.co.ea.cardcapture.model.TrumpDeck     : createDeck; makeCard :code; 108 / suitLスペード s:1 / num: 8 numLab:8
2026-08-08T00:19:11.325+09:00  INFO 24256 --- [CardCapture-back] [http-nio-8080-exec-1] jp.co.ea.cardcapture.model.TrumpDeck     : suit=1 / num=8 / card-c:108
2026-08-08T00:19:11.325+09:00  INFO 24256 --- [CardCapture-back] [http-nio-8080-exec-1] jp.co.ea.cardcapture.model.TrumpDeck     : createDeck; makeCard :code; 109 / suitLスペード s:1 / num: 9 numLab:9
2026-08-08T00:19:11.325+09:00  INFO 24256 --- [CardCapture-back] [http-nio-8080-exec-1] jp.co.ea.cardcapture.model.TrumpDeck     : suit=1 / num=9 / card-c:109
2026-08-08T00:19:11.325+09:00  INFO 24256 --- [CardCapture-back] [http-nio-8080-exec-1] jp.co.ea.cardcapture.model.TrumpDeck     : createDeck; makeCard :code; 110 / suitLスペード s:1 / num: 10 numLab:10
2026-08-08T00:19:11.325+09:00  INFO 24256 --- [CardCapture-back] [http-nio-8080-exec-1] jp.co.ea.cardcapture.model.TrumpDeck     : suit=1 / num=10 / card-c:110
2026-08-08T00:19:11.325+09:00  INFO 24256 --- [CardCapture-back] [http-nio-8080-exec-1] jp.co.ea.cardcapture.model.TrumpDeck     : createDeck; makeCard :code; 111 / suitLスペード s:1 / num: 11 numLab:ジャック
2026-08-08T00:19:11.326+09:00  INFO 24256 --- [CardCapture-back] [http-nio-8080-exec-1] jp.co.ea.cardcapture.model.TrumpDeck     : suit=1 / num=11 / card-c:111
2026-08-08T00:19:11.326+09:00  INFO 24256 --- [CardCapture-back] [http-nio-8080-exec-1] jp.co.ea.cardcapture.model.TrumpDeck     : createDeck; makeCard :code; 112 / suitLスペード s:1 / num: 12 numLab:クイーン
2026-08-08T00:19:11.326+09:00  INFO 24256 --- [CardCapture-back] [http-nio-8080-exec-1] jp.co.ea.cardcapture.model.TrumpDeck     : suit=1 / num=12 / card-c:112
2026-08-08T00:19:11.326+09:00  INFO 24256 --- [CardCapture-back] [http-nio-8080-exec-1] jp.co.ea.cardcapture.model.TrumpDeck     : createDeck; makeCard :code; 113 / suitLスペード s:1 / num: 13 numLab:キング
2026-08-08T00:19:11.326+09:00  INFO 24256 --- [CardCapture-back] [http-nio-8080-exec-1] jp.co.ea.cardcapture.model.TrumpDeck     : suit=1 / num=13 / card-c:113
2026-08-08T00:19:11.326+09:00  INFO 24256 --- [CardCapture-back] [http-nio-8080-exec-1] jp.co.ea.cardcapture.model.TrumpDeck     : createDeck; makeCard :code; 114 / suitLスペード s:1 / num: 14 numLab:エース
2026-08-08T00:19:11.326+09:00  INFO 24256 --- [CardCapture-back] [http-nio-8080-exec-1] jp.co.ea.cardcapture.model.TrumpDeck     : suit=1 / num=14 / card-c:114
2026-08-08T00:19:11.326+09:00  INFO 24256 --- [CardCapture-back] [http-nio-8080-exec-1] jp.co.ea.cardcapture.model.TrumpDeck     : createDeck; makeCard :code; 202 / suitLハート s:2 / num: 2 numLab:2
2026-08-08T00:19:11.326+09:00  INFO 24256 --- [CardCapture-back] [http-nio-8080-exec-1] jp.co.ea.cardcapture.model.TrumpDeck     : suit=2 / num=2 / card-c:202
2026-08-08T00:19:11.326+09:00  INFO 24256 --- [CardCapture-back] [http-nio-8080-exec-1] jp.co.ea.cardcapture.model.TrumpDeck     : createDeck; makeCard :code; 203 / suitLハート s:2 / num: 3 numLab:3
2026-08-08T00:19:11.326+09:00  INFO 24256 --- [CardCapture-back] [http-nio-8080-exec-1] jp.co.ea.cardcapture.model.TrumpDeck     : suit=2 / num=3 / card-c:203
2026-08-08T00:19:11.326+09:00  INFO 24256 --- [CardCapture-back] [http-nio-8080-exec-1] jp.co.ea.cardcapture.model.TrumpDeck     : createDeck; makeCard :code; 204 / suitLハート s:2 / num: 4 numLab:4
2026-08-08T00:19:11.326+09:00  INFO 24256 --- [CardCapture-back] [http-nio-8080-exec-1] jp.co.ea.cardcapture.model.TrumpDeck     : suit=2 / num=4 / card-c:204
2026-08-08T00:19:11.326+09:00  INFO 24256 --- [CardCapture-back] [http-nio-8080-exec-1] jp.co.ea.cardcapture.model.TrumpDeck     : createDeck; makeCard :code; 205 / suitLハート s:2 / num: 5 numLab:5
2026-08-08T00:19:11.326+09:00  INFO 24256 --- [CardCapture-back] [http-nio-8080-exec-1] jp.co.ea.cardcapture.model.TrumpDeck     : suit=2 / num=5 / card-c:205
2026-08-08T00:19:11.326+09:00  INFO 24256 --- [CardCapture-back] [http-nio-8080-exec-1] jp.co.ea.cardcapture.model.TrumpDeck     : createDeck; makeCard :code; 206 / suitLハート s:2 / num: 6 numLab:6
2026-08-08T00:19:11.326+09:00  INFO 24256 --- [CardCapture-back] [http-nio-8080-exec-1] jp.co.ea.cardcapture.model.TrumpDeck     : suit=2 / num=6 / card-c:206
2026-08-08T00:19:11.327+09:00  INFO 24256 --- [CardCapture-back] [http-nio-8080-exec-1] jp.co.ea.cardcapture.model.TrumpDeck     : createDeck; makeCard :code; 207 / suitLハート s:2 / num: 7 numLab:7
2026-08-08T00:19:11.327+09:00  INFO 24256 --- [CardCapture-back] [http-nio-8080-exec-1] jp.co.ea.cardcapture.model.TrumpDeck     : suit=2 / num=7 / card-c:207
2026-08-08T00:19:11.327+09:00  INFO 24256 --- [CardCapture-back] [http-nio-8080-exec-1] jp.co.ea.cardcapture.model.TrumpDeck     : createDeck; makeCard :code; 208 / suitLハート s:2 / num: 8 numLab:8
2026-08-08T00:19:11.327+09:00  INFO 24256 --- [CardCapture-back] [http-nio-8080-exec-1] jp.co.ea.cardcapture.model.TrumpDeck     : suit=2 / num=8 / card-c:208
2026-08-08T00:19:11.327+09:00  INFO 24256 --- [CardCapture-back] [http-nio-8080-exec-1] jp.co.ea.cardcapture.model.TrumpDeck     : createDeck; makeCard :code; 209 / suitLハート s:2 / num: 9 numLab:9
2026-08-08T00:19:11.327+09:00  INFO 24256 --- [CardCapture-back] [http-nio-8080-exec-1] jp.co.ea.cardcapture.model.TrumpDeck     : suit=2 / num=9 / card-c:209
2026-08-08T00:19:11.327+09:00  INFO 24256 --- [CardCapture-back] [http-nio-8080-exec-1] jp.co.ea.cardcapture.model.TrumpDeck     : createDeck; makeCard :code; 210 / suitLハート s:2 / num: 10 numLab:10
2026-08-08T00:19:11.327+09:00  INFO 24256 --- [CardCapture-back] [http-nio-8080-exec-1] jp.co.ea.cardcapture.model.TrumpDeck     : suit=2 / num=10 / card-c:210
2026-08-08T00:19:11.327+09:00  INFO 24256 --- [CardCapture-back] [http-nio-8080-exec-1] jp.co.ea.cardcapture.model.TrumpDeck     : createDeck; makeCard :code; 211 / suitLハート s:2 / num: 11 numLab:ジャック
2026-08-08T00:19:11.328+09:00  INFO 24256 --- [CardCapture-back] [http-nio-8080-exec-1] jp.co.ea.cardcapture.model.TrumpDeck     : suit=2 / num=11 / card-c:211
2026-08-08T00:19:11.328+09:00  INFO 24256 --- [CardCapture-back] [http-nio-8080-exec-1] jp.co.ea.cardcapture.model.TrumpDeck     : createDeck; makeCard :code; 212 / suitLハート s:2 / num: 12 numLab:クイーン
2026-08-08T00:19:11.328+09:00  INFO 24256 --- [CardCapture-back] [http-nio-8080-exec-1] jp.co.ea.cardcapture.model.TrumpDeck     : suit=2 / num=12 / card-c:212
2026-08-08T00:19:11.328+09:00  INFO 24256 --- [CardCapture-back] [http-nio-8080-exec-1] jp.co.ea.cardcapture.model.TrumpDeck     : createDeck; makeCard :code; 213 / suitLハート s:2 / num: 13 numLab:キング
2026-08-08T00:19:11.328+09:00  INFO 24256 --- [CardCapture-back] [http-nio-8080-exec-1] jp.co.ea.cardcapture.model.TrumpDeck     : suit=2 / num=13 / card-c:213
2026-08-08T00:19:11.328+09:00  INFO 24256 --- [CardCapture-back] [http-nio-8080-exec-1] jp.co.ea.cardcapture.model.TrumpDeck     : createDeck; makeCard :code; 214 / suitLハート s:2 / num: 14 numLab:エース
2026-08-08T00:19:11.328+09:00  INFO 24256 --- [CardCapture-back] [http-nio-8080-exec-1] jp.co.ea.cardcapture.model.TrumpDeck     : suit=2 / num=14 / card-c:214
2026-08-08T00:19:11.328+09:00  INFO 24256 --- [CardCapture-back] [http-nio-8080-exec-1] jp.co.ea.cardcapture.model.TrumpDeck     : createDeck; makeCard :code; 302 / suitLダイヤ s:3 / num: 2 numLab:2
2026-08-08T00:19:11.328+09:00  INFO 24256 --- [CardCapture-back] [http-nio-8080-exec-1] jp.co.ea.cardcapture.model.TrumpDeck     : suit=3 / num=2 / card-c:302
2026-08-08T00:19:11.328+09:00  INFO 24256 --- [CardCapture-back] [http-nio-8080-exec-1] jp.co.ea.cardcapture.model.TrumpDeck     : createDeck; makeCard :code; 303 / suitLダイヤ s:3 / num: 3 numLab:3
2026-08-08T00:19:11.328+09:00  INFO 24256 --- [CardCapture-back] [http-nio-8080-exec-1] jp.co.ea.cardcapture.model.TrumpDeck     : suit=3 / num=3 / card-c:303
2026-08-08T00:19:11.329+09:00  INFO 24256 --- [CardCapture-back] [http-nio-8080-exec-1] jp.co.ea.cardcapture.model.TrumpDeck     : createDeck; makeCard :code; 304 / suitLダイヤ s:3 / num: 4 numLab:4
2026-08-08T00:19:11.329+09:00  INFO 24256 --- [CardCapture-back] [http-nio-8080-exec-1] jp.co.ea.cardcapture.model.TrumpDeck     : suit=3 / num=4 / card-c:304
2026-08-08T00:19:11.329+09:00  INFO 24256 --- [CardCapture-back] [http-nio-8080-exec-1] jp.co.ea.cardcapture.model.TrumpDeck     : createDeck; makeCard :code; 305 / suitLダイヤ s:3 / num: 5 numLab:5
2026-08-08T00:19:11.329+09:00  INFO 24256 --- [CardCapture-back] [http-nio-8080-exec-1] jp.co.ea.cardcapture.model.TrumpDeck     : suit=3 / num=5 / card-c:305
2026-08-08T00:19:11.329+09:00  INFO 24256 --- [CardCapture-back] [http-nio-8080-exec-1] jp.co.ea.cardcapture.model.TrumpDeck     : createDeck; makeCard :code; 306 / suitLダイヤ s:3 / num: 6 numLab:6
2026-08-08T00:19:11.329+09:00  INFO 24256 --- [CardCapture-back] [http-nio-8080-exec-1] jp.co.ea.cardcapture.model.TrumpDeck     : suit=3 / num=6 / card-c:306
2026-08-08T00:19:11.329+09:00  INFO 24256 --- [CardCapture-back] [http-nio-8080-exec-1] jp.co.ea.cardcapture.model.TrumpDeck     : createDeck; makeCard :code; 307 / suitLダイヤ s:3 / num: 7 numLab:7
2026-08-08T00:19:11.329+09:00  INFO 24256 --- [CardCapture-back] [http-nio-8080-exec-1] jp.co.ea.cardcapture.model.TrumpDeck     : suit=3 / num=7 / card-c:307
2026-08-08T00:19:11.329+09:00  INFO 24256 --- [CardCapture-back] [http-nio-8080-exec-1] jp.co.ea.cardcapture.model.TrumpDeck     : createDeck; makeCard :code; 308 / suitLダイヤ s:3 / num: 8 numLab:8
2026-08-08T00:19:11.329+09:00  INFO 24256 --- [CardCapture-back] [http-nio-8080-exec-1] jp.co.ea.cardcapture.model.TrumpDeck     : suit=3 / num=8 / card-c:308
2026-08-08T00:19:11.329+09:00  INFO 24256 --- [CardCapture-back] [http-nio-8080-exec-1] jp.co.ea.cardcapture.model.TrumpDeck     : createDeck; makeCard :code; 309 / suitLダイヤ s:3 / num: 9 numLab:9
2026-08-08T00:19:11.329+09:00  INFO 24256 --- [CardCapture-back] [http-nio-8080-exec-1] jp.co.ea.cardcapture.model.TrumpDeck     : suit=3 / num=9 / card-c:309
2026-08-08T00:19:11.329+09:00  INFO 24256 --- [CardCapture-back] [http-nio-8080-exec-1] jp.co.ea.cardcapture.model.TrumpDeck     : createDeck; makeCard :code; 310 / suitLダイヤ s:3 / num: 10 numLab:10
2026-08-08T00:19:11.329+09:00  INFO 24256 --- [CardCapture-back] [http-nio-8080-exec-1] jp.co.ea.cardcapture.model.TrumpDeck     : suit=3 / num=10 / card-c:310
2026-08-08T00:19:11.329+09:00  INFO 24256 --- [CardCapture-back] [http-nio-8080-exec-1] jp.co.ea.cardcapture.model.TrumpDeck     : createDeck; makeCard :code; 311 / suitLダイヤ s:3 / num: 11 numLab:ジャック
2026-08-08T00:19:11.329+09:00  INFO 24256 --- [CardCapture-back] [http-nio-8080-exec-1] jp.co.ea.cardcapture.model.TrumpDeck     : suit=3 / num=11 / card-c:311
2026-08-08T00:19:11.329+09:00  INFO 24256 --- [CardCapture-back] [http-nio-8080-exec-1] jp.co.ea.cardcapture.model.TrumpDeck     : createDeck; makeCard :code; 312 / suitLダイヤ s:3 / num: 12 numLab:クイーン
2026-08-08T00:19:11.330+09:00  INFO 24256 --- [CardCapture-back] [http-nio-8080-exec-1] jp.co.ea.cardcapture.model.TrumpDeck     : suit=3 / num=12 / card-c:312
2026-08-08T00:19:11.330+09:00  INFO 24256 --- [CardCapture-back] [http-nio-8080-exec-1] jp.co.ea.cardcapture.model.TrumpDeck     : createDeck; makeCard :code; 313 / suitLダイヤ s:3 / num: 13 numLab:キング
2026-08-08T00:19:11.330+09:00  INFO 24256 --- [CardCapture-back] [http-nio-8080-exec-1] jp.co.ea.cardcapture.model.TrumpDeck     : suit=3 / num=13 / card-c:313
2026-08-08T00:19:11.330+09:00  INFO 24256 --- [CardCapture-back] [http-nio-8080-exec-1] jp.co.ea.cardcapture.model.TrumpDeck     : createDeck; makeCard :code; 314 / suitLダイヤ s:3 / num: 14 numLab:エース
2026-08-08T00:19:11.330+09:00  INFO 24256 --- [CardCapture-back] [http-nio-8080-exec-1] jp.co.ea.cardcapture.model.TrumpDeck     : suit=3 / num=14 / card-c:314
2026-08-08T00:19:11.330+09:00  INFO 24256 --- [CardCapture-back] [http-nio-8080-exec-1] jp.co.ea.cardcapture.model.TrumpDeck     : createDeck; makeCard :code; 402 / suitLクラブ s:4 / num: 2 numLab:2
2026-08-08T00:19:11.330+09:00  INFO 24256 --- [CardCapture-back] [http-nio-8080-exec-1] jp.co.ea.cardcapture.model.TrumpDeck     : suit=4 / num=2 / card-c:402
2026-08-08T00:19:11.330+09:00  INFO 24256 --- [CardCapture-back] [http-nio-8080-exec-1] jp.co.ea.cardcapture.model.TrumpDeck     : createDeck; makeCard :code; 403 / suitLクラブ s:4 / num: 3 numLab:3
2026-08-08T00:19:11.330+09:00  INFO 24256 --- [CardCapture-back] [http-nio-8080-exec-1] jp.co.ea.cardcapture.model.TrumpDeck     : suit=4 / num=3 / card-c:403
2026-08-08T00:19:11.330+09:00  INFO 24256 --- [CardCapture-back] [http-nio-8080-exec-1] jp.co.ea.cardcapture.model.TrumpDeck     : createDeck; makeCard :code; 404 / suitLクラブ s:4 / num: 4 numLab:4
2026-08-08T00:19:11.330+09:00  INFO 24256 --- [CardCapture-back] [http-nio-8080-exec-1] jp.co.ea.cardcapture.model.TrumpDeck     : suit=4 / num=4 / card-c:404
2026-08-08T00:19:11.330+09:00  INFO 24256 --- [CardCapture-back] [http-nio-8080-exec-1] jp.co.ea.cardcapture.model.TrumpDeck     : createDeck; makeCard :code; 405 / suitLクラブ s:4 / num: 5 numLab:5
2026-08-08T00:19:11.330+09:00  INFO 24256 --- [CardCapture-back] [http-nio-8080-exec-1] jp.co.ea.cardcapture.model.TrumpDeck     : suit=4 / num=5 / card-c:405
2026-08-08T00:19:11.330+09:00  INFO 24256 --- [CardCapture-back] [http-nio-8080-exec-1] jp.co.ea.cardcapture.model.TrumpDeck     : createDeck; makeCard :code; 406 / suitLクラブ s:4 / num: 6 numLab:6
2026-08-08T00:19:11.330+09:00  INFO 24256 --- [CardCapture-back] [http-nio-8080-exec-1] jp.co.ea.cardcapture.model.TrumpDeck     : suit=4 / num=6 / card-c:406
2026-08-08T00:19:11.330+09:00  INFO 24256 --- [CardCapture-back] [http-nio-8080-exec-1] jp.co.ea.cardcapture.model.TrumpDeck     : createDeck; makeCard :code; 407 / suitLクラブ s:4 / num: 7 numLab:7
2026-08-08T00:19:11.330+09:00  INFO 24256 --- [CardCapture-back] [http-nio-8080-exec-1] jp.co.ea.cardcapture.model.TrumpDeck     : suit=4 / num=7 / card-c:407
2026-08-08T00:19:11.330+09:00  INFO 24256 --- [CardCapture-back] [http-nio-8080-exec-1] jp.co.ea.cardcapture.model.TrumpDeck     : createDeck; makeCard :code; 408 / suitLクラブ s:4 / num: 8 numLab:8
2026-08-08T00:19:11.331+09:00  INFO 24256 --- [CardCapture-back] [http-nio-8080-exec-1] jp.co.ea.cardcapture.model.TrumpDeck     : suit=4 / num=8 / card-c:408
2026-08-08T00:19:11.331+09:00  INFO 24256 --- [CardCapture-back] [http-nio-8080-exec-1] jp.co.ea.cardcapture.model.TrumpDeck     : createDeck; makeCard :code; 409 / suitLクラブ s:4 / num: 9 numLab:9
2026-08-08T00:19:11.331+09:00  INFO 24256 --- [CardCapture-back] [http-nio-8080-exec-1] jp.co.ea.cardcapture.model.TrumpDeck     : suit=4 / num=9 / card-c:409
2026-08-08T00:19:11.331+09:00  INFO 24256 --- [CardCapture-back] [http-nio-8080-exec-1] jp.co.ea.cardcapture.model.TrumpDeck     : createDeck; makeCard :code; 410 / suitLクラブ s:4 / num: 10 numLab:10
2026-08-08T00:19:11.331+09:00  INFO 24256 --- [CardCapture-back] [http-nio-8080-exec-1] jp.co.ea.cardcapture.model.TrumpDeck     : suit=4 / num=10 / card-c:410
2026-08-08T00:19:11.331+09:00  INFO 24256 --- [CardCapture-back] [http-nio-8080-exec-1] jp.co.ea.cardcapture.model.TrumpDeck     : createDeck; makeCard :code; 411 / suitLクラブ s:4 / num: 11 numLab:ジャック
2026-08-08T00:19:11.331+09:00  INFO 24256 --- [CardCapture-back] [http-nio-8080-exec-1] jp.co.ea.cardcapture.model.TrumpDeck     : suit=4 / num=11 / card-c:411
2026-08-08T00:19:11.331+09:00  INFO 24256 --- [CardCapture-back] [http-nio-8080-exec-1] jp.co.ea.cardcapture.model.TrumpDeck     : createDeck; makeCard :code; 412 / suitLクラブ s:4 / num: 12 numLab:クイーン
2026-08-08T00:19:11.331+09:00  INFO 24256 --- [CardCapture-back] [http-nio-8080-exec-1] jp.co.ea.cardcapture.model.TrumpDeck     : suit=4 / num=12 / card-c:412
2026-08-08T00:19:11.331+09:00  INFO 24256 --- [CardCapture-back] [http-nio-8080-exec-1] jp.co.ea.cardcapture.model.TrumpDeck     : createDeck; makeCard :code; 413 / suitLクラブ s:4 / num: 13 numLab:キング
2026-08-08T00:19:11.331+09:00  INFO 24256 --- [CardCapture-back] [http-nio-8080-exec-1] jp.co.ea.cardcapture.model.TrumpDeck     : suit=4 / num=13 / card-c:413
2026-08-08T00:19:11.331+09:00  INFO 24256 --- [CardCapture-back] [http-nio-8080-exec-1] jp.co.ea.cardcapture.model.TrumpDeck     : createDeck; makeCard :code; 414 / suitLクラブ s:4 / num: 14 numLab:エース
2026-08-08T00:19:11.331+09:00  INFO 24256 --- [CardCapture-back] [http-nio-8080-exec-1] jp.co.ea.cardcapture.model.TrumpDeck     : suit=4 / num=14 / card-c:414
2026-08-08T00:19:11.332+09:00  INFO 24256 --- [CardCapture-back] [http-nio-8080-exec-1] jp.co.ea.cardcapture.model.TrumpDeck     : createDeck; makeCard :code; 501 / suitLジョーカー s:5 / num: 1 numLab:1
2026-08-08T00:19:11.332+09:00  INFO 24256 --- [CardCapture-back] [http-nio-8080-exec-1] jp.co.ea.cardcapture.model.TrumpDeck     : createDeck; makeCard :code; 502 / suitLジョーカー s:5 / num: 2 numLab:2
2026-08-08T00:19:11.332+09:00  INFO 24256 --- [CardCapture-back] [http-nio-8080-exec-1] jp.co.ea.cardcapture.model.TrumpDeck     : createDeck; 終了
2026-08-08T00:19:11.332+09:00  INFO 24256 --- [CardCapture-back] [http-nio-8080-exec-1] j.c.e.c.service.CardCuptureInitService   : CardCuptureInitService; init 終了
2026-08-08T01:24:29.159+09:00  INFO 24256 --- [CardCapture-back] [File Watcher] rtingClassPathChangeChangedEventListener : Restarting due to 19 class path changes (1 addition, 0 deletions, 18 modifications)
2026-08-08T01:24:29.239+09:00  INFO 24256 --- [CardCapture-back] [Thread-17] o.s.boot.tomcat.GracefulShutdown         : Commencing graceful shutdown. Waiting for active requests to complete
2026-08-08T01:24:29.276+09:00  INFO 24256 --- [CardCapture-back] [tomcat-shutdown] o.s.boot.tomcat.GracefulShutdown         : Graceful shutdown complete
2026-08-08T01:24:29.833+09:00  INFO 24256 --- [CardCapture-back] [restartedMain] j.c.e.c.CardCaptureBackApplication       : Starting CardCaptureBackApplication using Java 21.0.9 with PID 24256 (C:\kino-work\SpringBoot\CardCapture-back\bin\main started by NPC-61 in C:\kino-work\SpringBoot\CardCapture-back)
2026-08-08T01:24:29.834+09:00  INFO 24256 --- [CardCapture-back] [restartedMain] j.c.e.c.CardCaptureBackApplication       : No active profile set, falling back to 1 default profile: "default"
2026-08-08T01:24:30.402+09:00  INFO 24256 --- [CardCapture-back] [restartedMain] o.s.boot.tomcat.TomcatWebServer          : Tomcat initialized with port 8080 (http)
2026-08-08T01:24:30.406+09:00  INFO 24256 --- [CardCapture-back] [restartedMain] o.apache.catalina.core.StandardService   : Starting service [Tomcat]
2026-08-08T01:24:30.406+09:00  INFO 24256 --- [CardCapture-back] [restartedMain] o.apache.catalina.core.StandardEngine    : Starting Servlet engine: [Apache Tomcat/11.0.22]
2026-08-08T01:24:30.437+09:00  INFO 24256 --- [CardCapture-back] [restartedMain] b.w.c.s.WebApplicationContextInitializer : Root WebApplicationContext: initialization completed in 598 ms
2026-08-08T01:24:30.508+09:00  INFO 24256 --- [CardCapture-back] [restartedMain] o.s.v.b.OptionalValidatorFactoryBean     : Failed to set up a Bean Validation provider: jakarta.validation.NoProviderFoundException: Unable to create a Configuration, because no Jakarta Validation provider could be found. Add a provider like Hibernate Validator (RI) to your classpath.
2026-08-08T01:24:30.614+09:00  INFO 24256 --- [CardCapture-back] [restartedMain] o.s.boot.tomcat.TomcatWebServer          : Tomcat started on port 8080 (http) with context path '/'
2026-08-08T01:24:30.620+09:00  INFO 24256 --- [CardCapture-back] [restartedMain] j.c.e.c.CardCaptureBackApplication       : Started CardCaptureBackApplication in 0.905 seconds (process running for 23191.539)
2026-08-08T01:24:30.621+09:00  INFO 24256 --- [CardCapture-back] [restartedMain] .ConditionEvaluationDeltaLoggingListener : Condition evaluation unchanged
2026-08-08T01:24:34.620+09:00  INFO 24256 --- [CardCapture-back] [http-nio-8080-exec-1] o.a.c.c.C.[Tomcat].[localhost].[/]       : Initializing Spring DispatcherServlet 'dispatcherServlet'
2026-08-08T01:24:34.620+09:00  INFO 24256 --- [CardCapture-back] [http-nio-8080-exec-1] o.s.web.servlet.DispatcherServlet        : Initializing Servlet 'dispatcherServlet'
2026-08-08T01:24:34.621+09:00  INFO 24256 --- [CardCapture-back] [http-nio-8080-exec-1] o.s.web.servlet.DispatcherServlet        : Completed initialization in 1 ms
2026-08-08T01:24:35.079+09:00  INFO 24256 --- [CardCapture-back] [http-nio-8080-exec-4] o.springdoc.api.AbstractOpenApiResource  : Init duration for springdoc-openapi is: 126 ms
2026-08-08T01:24:37.734+09:00  INFO 24256 --- [CardCapture-back] [http-nio-8080-exec-2] j.c.e.c.service.CardCuptureInitService   : CardCuptureInitService: init 開始
2026-08-08T01:24:37.736+09:00  INFO 24256 --- [CardCapture-back] [http-nio-8080-exec-2] jp.co.ea.cardcapture.model.TrumpDeck     : createDeck; 開始
2026-08-08T01:24:37.748+09:00  INFO 24256 --- [CardCapture-back] [http-nio-8080-exec-2] jp.co.ea.cardcapture.model.TrumpDeck     : createDeck; makeCard :code; 102 / suitLスペード s:1 / num: 2 numLab:2
2026-08-08T01:24:37.752+09:00  INFO 24256 --- [CardCapture-back] [http-nio-8080-exec-2] jp.co.ea.cardcapture.model.TrumpDeck     : suit=1 / num=2 / card-c:102
2026-08-08T01:24:37.752+09:00  INFO 24256 --- [CardCapture-back] [http-nio-8080-exec-2] jp.co.ea.cardcapture.model.TrumpDeck     : createDeck; makeCard :code; 103 / suitLスペード s:1 / num: 3 numLab:3
2026-08-08T01:24:37.752+09:00  INFO 24256 --- [CardCapture-back] [http-nio-8080-exec-2] jp.co.ea.cardcapture.model.TrumpDeck     : suit=1 / num=3 / card-c:103
2026-08-08T01:24:37.752+09:00  INFO 24256 --- [CardCapture-back] [http-nio-8080-exec-2] jp.co.ea.cardcapture.model.TrumpDeck     : createDeck; makeCard :code; 104 / suitLスペード s:1 / num: 4 numLab:4
2026-08-08T01:24:37.752+09:00  INFO 24256 --- [CardCapture-back] [http-nio-8080-exec-2] jp.co.ea.cardcapture.model.TrumpDeck     : suit=1 / num=4 / card-c:104
2026-08-08T01:24:37.752+09:00  INFO 24256 --- [CardCapture-back] [http-nio-8080-exec-2] jp.co.ea.cardcapture.model.TrumpDeck     : createDeck; makeCard :code; 105 / suitLスペード s:1 / num: 5 numLab:5
2026-08-08T01:24:37.752+09:00  INFO 24256 --- [CardCapture-back] [http-nio-8080-exec-2] jp.co.ea.cardcapture.model.TrumpDeck     : suit=1 / num=5 / card-c:105
2026-08-08T01:24:37.752+09:00  INFO 24256 --- [CardCapture-back] [http-nio-8080-exec-2] jp.co.ea.cardcapture.model.TrumpDeck     : createDeck; makeCard :code; 106 / suitLスペード s:1 / num: 6 numLab:6
2026-08-08T01:24:37.752+09:00  INFO 24256 --- [CardCapture-back] [http-nio-8080-exec-2] jp.co.ea.cardcapture.model.TrumpDeck     : suit=1 / num=6 / card-c:106
2026-08-08T01:24:37.752+09:00  INFO 24256 --- [CardCapture-back] [http-nio-8080-exec-2] jp.co.ea.cardcapture.model.TrumpDeck     : createDeck; makeCard :code; 107 / suitLスペード s:1 / num: 7 numLab:7
2026-08-08T01:24:37.752+09:00  INFO 24256 --- [CardCapture-back] [http-nio-8080-exec-2] jp.co.ea.cardcapture.model.TrumpDeck     : suit=1 / num=7 / card-c:107
2026-08-08T01:24:37.752+09:00  INFO 24256 --- [CardCapture-back] [http-nio-8080-exec-2] jp.co.ea.cardcapture.model.TrumpDeck     : createDeck; makeCard :code; 108 / suitLスペード s:1 / num: 8 numLab:8
2026-08-08T01:24:37.753+09:00  INFO 24256 --- [CardCapture-back] [http-nio-8080-exec-2] jp.co.ea.cardcapture.model.TrumpDeck     : suit=1 / num=8 / card-c:108
2026-08-08T01:24:37.753+09:00  INFO 24256 --- [CardCapture-back] [http-nio-8080-exec-2] jp.co.ea.cardcapture.model.TrumpDeck     : createDeck; makeCard :code; 109 / suitLスペード s:1 / num: 9 numLab:9
2026-08-08T01:24:37.753+09:00  INFO 24256 --- [CardCapture-back] [http-nio-8080-exec-2] jp.co.ea.cardcapture.model.TrumpDeck     : suit=1 / num=9 / card-c:109
2026-08-08T01:24:37.753+09:00  INFO 24256 --- [CardCapture-back] [http-nio-8080-exec-2] jp.co.ea.cardcapture.model.TrumpDeck     : createDeck; makeCard :code; 110 / suitLスペード s:1 / num: 10 numLab:10
2026-08-08T01:24:37.753+09:00  INFO 24256 --- [CardCapture-back] [http-nio-8080-exec-2] jp.co.ea.cardcapture.model.TrumpDeck     : suit=1 / num=10 / card-c:110
2026-08-08T01:24:37.753+09:00  INFO 24256 --- [CardCapture-back] [http-nio-8080-exec-2] jp.co.ea.cardcapture.model.TrumpDeck     : createDeck; makeCard :code; 111 / suitLスペード s:1 / num: 11 numLab:ジャック
2026-08-08T01:24:37.753+09:00  INFO 24256 --- [CardCapture-back] [http-nio-8080-exec-2] jp.co.ea.cardcapture.model.TrumpDeck     : suit=1 / num=11 / card-c:111
2026-08-08T01:24:37.753+09:00  INFO 24256 --- [CardCapture-back] [http-nio-8080-exec-2] jp.co.ea.cardcapture.model.TrumpDeck     : createDeck; makeCard :code; 112 / suitLスペード s:1 / num: 12 numLab:クイーン
2026-08-08T01:24:37.753+09:00  INFO 24256 --- [CardCapture-back] [http-nio-8080-exec-2] jp.co.ea.cardcapture.model.TrumpDeck     : suit=1 / num=12 / card-c:112
2026-08-08T01:24:37.753+09:00  INFO 24256 --- [CardCapture-back] [http-nio-8080-exec-2] jp.co.ea.cardcapture.model.TrumpDeck     : createDeck; makeCard :code; 113 / suitLスペード s:1 / num: 13 numLab:キング
2026-08-08T01:24:37.753+09:00  INFO 24256 --- [CardCapture-back] [http-nio-8080-exec-2] jp.co.ea.cardcapture.model.TrumpDeck     : suit=1 / num=13 / card-c:113
2026-08-08T01:24:37.753+09:00  INFO 24256 --- [CardCapture-back] [http-nio-8080-exec-2] jp.co.ea.cardcapture.model.TrumpDeck     : createDeck; makeCard :code; 114 / suitLスペード s:1 / num: 14 numLab:エース
2026-08-08T01:24:37.753+09:00  INFO 24256 --- [CardCapture-back] [http-nio-8080-exec-2] jp.co.ea.cardcapture.model.TrumpDeck     : suit=1 / num=14 / card-c:114
2026-08-08T01:24:37.753+09:00  INFO 24256 --- [CardCapture-back] [http-nio-8080-exec-2] jp.co.ea.cardcapture.model.TrumpDeck     : createDeck; makeCard :code; 202 / suitLハート s:2 / num: 2 numLab:2
2026-08-08T01:24:37.753+09:00  INFO 24256 --- [CardCapture-back] [http-nio-8080-exec-2] jp.co.ea.cardcapture.model.TrumpDeck     : suit=2 / num=2 / card-c:202
2026-08-08T01:24:37.753+09:00  INFO 24256 --- [CardCapture-back] [http-nio-8080-exec-2] jp.co.ea.cardcapture.model.TrumpDeck     : createDeck; makeCard :code; 203 / suitLハート s:2 / num: 3 numLab:3
2026-08-08T01:24:37.754+09:00  INFO 24256 --- [CardCapture-back] [http-nio-8080-exec-2] jp.co.ea.cardcapture.model.TrumpDeck     : suit=2 / num=3 / card-c:203
2026-08-08T01:24:37.754+09:00  INFO 24256 --- [CardCapture-back] [http-nio-8080-exec-2] jp.co.ea.cardcapture.model.TrumpDeck     : createDeck; makeCard :code; 204 / suitLハート s:2 / num: 4 numLab:4
2026-08-08T01:24:37.754+09:00  INFO 24256 --- [CardCapture-back] [http-nio-8080-exec-2] jp.co.ea.cardcapture.model.TrumpDeck     : suit=2 / num=4 / card-c:204
2026-08-08T01:24:37.754+09:00  INFO 24256 --- [CardCapture-back] [http-nio-8080-exec-2] jp.co.ea.cardcapture.model.TrumpDeck     : createDeck; makeCard :code; 205 / suitLハート s:2 / num: 5 numLab:5
2026-08-08T01:24:37.754+09:00  INFO 24256 --- [CardCapture-back] [http-nio-8080-exec-2] jp.co.ea.cardcapture.model.TrumpDeck     : suit=2 / num=5 / card-c:205
2026-08-08T01:24:37.754+09:00  INFO 24256 --- [CardCapture-back] [http-nio-8080-exec-2] jp.co.ea.cardcapture.model.TrumpDeck     : createDeck; makeCard :code; 206 / suitLハート s:2 / num: 6 numLab:6
2026-08-08T01:24:37.754+09:00  INFO 24256 --- [CardCapture-back] [http-nio-8080-exec-2] jp.co.ea.cardcapture.model.TrumpDeck     : suit=2 / num=6 / card-c:206
2026-08-08T01:24:37.754+09:00  INFO 24256 --- [CardCapture-back] [http-nio-8080-exec-2] jp.co.ea.cardcapture.model.TrumpDeck     : createDeck; makeCard :code; 207 / suitLハート s:2 / num: 7 numLab:7
2026-08-08T01:24:37.754+09:00  INFO 24256 --- [CardCapture-back] [http-nio-8080-exec-2] jp.co.ea.cardcapture.model.TrumpDeck     : suit=2 / num=7 / card-c:207
2026-08-08T01:24:37.754+09:00  INFO 24256 --- [CardCapture-back] [http-nio-8080-exec-2] jp.co.ea.cardcapture.model.TrumpDeck     : createDeck; makeCard :code; 208 / suitLハート s:2 / num: 8 numLab:8
2026-08-08T01:24:37.754+09:00  INFO 24256 --- [CardCapture-back] [http-nio-8080-exec-2] jp.co.ea.cardcapture.model.TrumpDeck     : suit=2 / num=8 / card-c:208
2026-08-08T01:24:37.754+09:00  INFO 24256 --- [CardCapture-back] [http-nio-8080-exec-2] jp.co.ea.cardcapture.model.TrumpDeck     : createDeck; makeCard :code; 209 / suitLハート s:2 / num: 9 numLab:9
2026-08-08T01:24:37.754+09:00  INFO 24256 --- [CardCapture-back] [http-nio-8080-exec-2] jp.co.ea.cardcapture.model.TrumpDeck     : suit=2 / num=9 / card-c:209
2026-08-08T01:24:37.754+09:00  INFO 24256 --- [CardCapture-back] [http-nio-8080-exec-2] jp.co.ea.cardcapture.model.TrumpDeck     : createDeck; makeCard :code; 210 / suitLハート s:2 / num: 10 numLab:10
2026-08-08T01:24:37.754+09:00  INFO 24256 --- [CardCapture-back] [http-nio-8080-exec-2] jp.co.ea.cardcapture.model.TrumpDeck     : suit=2 / num=10 / card-c:210
2026-08-08T01:24:37.754+09:00  INFO 24256 --- [CardCapture-back] [http-nio-8080-exec-2] jp.co.ea.cardcapture.model.TrumpDeck     : createDeck; makeCard :code; 211 / suitLハート s:2 / num: 11 numLab:ジャック
2026-08-08T01:24:37.754+09:00  INFO 24256 --- [CardCapture-back] [http-nio-8080-exec-2] jp.co.ea.cardcapture.model.TrumpDeck     : suit=2 / num=11 / card-c:211
2026-08-08T01:24:37.754+09:00  INFO 24256 --- [CardCapture-back] [http-nio-8080-exec-2] jp.co.ea.cardcapture.model.TrumpDeck     : createDeck; makeCard :code; 212 / suitLハート s:2 / num: 12 numLab:クイーン
2026-08-08T01:24:37.754+09:00  INFO 24256 --- [CardCapture-back] [http-nio-8080-exec-2] jp.co.ea.cardcapture.model.TrumpDeck     : suit=2 / num=12 / card-c:212
2026-08-08T01:24:37.754+09:00  INFO 24256 --- [CardCapture-back] [http-nio-8080-exec-2] jp.co.ea.cardcapture.model.TrumpDeck     : createDeck; makeCard :code; 213 / suitLハート s:2 / num: 13 numLab:キング
2026-08-08T01:24:37.754+09:00  INFO 24256 --- [CardCapture-back] [http-nio-8080-exec-2] jp.co.ea.cardcapture.model.TrumpDeck     : suit=2 / num=13 / card-c:213
2026-08-08T01:24:37.754+09:00  INFO 24256 --- [CardCapture-back] [http-nio-8080-exec-2] jp.co.ea.cardcapture.model.TrumpDeck     : createDeck; makeCard :code; 214 / suitLハート s:2 / num: 14 numLab:エース
2026-08-08T01:24:37.754+09:00  INFO 24256 --- [CardCapture-back] [http-nio-8080-exec-2] jp.co.ea.cardcapture.model.TrumpDeck     : suit=2 / num=14 / card-c:214
2026-08-08T01:24:37.754+09:00  INFO 24256 --- [CardCapture-back] [http-nio-8080-exec-2] jp.co.ea.cardcapture.model.TrumpDeck     : createDeck; makeCard :code; 302 / suitLダイヤ s:3 / num: 2 numLab:2
2026-08-08T01:24:37.755+09:00  INFO 24256 --- [CardCapture-back] [http-nio-8080-exec-2] jp.co.ea.cardcapture.model.TrumpDeck     : suit=3 / num=2 / card-c:302
2026-08-08T01:24:37.755+09:00  INFO 24256 --- [CardCapture-back] [http-nio-8080-exec-2] jp.co.ea.cardcapture.model.TrumpDeck     : createDeck; makeCard :code; 303 / suitLダイヤ s:3 / num: 3 numLab:3
2026-08-08T01:24:37.755+09:00  INFO 24256 --- [CardCapture-back] [http-nio-8080-exec-2] jp.co.ea.cardcapture.model.TrumpDeck     : suit=3 / num=3 / card-c:303
2026-08-08T01:24:37.755+09:00  INFO 24256 --- [CardCapture-back] [http-nio-8080-exec-2] jp.co.ea.cardcapture.model.TrumpDeck     : createDeck; makeCard :code; 304 / suitLダイヤ s:3 / num: 4 numLab:4
2026-08-08T01:24:37.755+09:00  INFO 24256 --- [CardCapture-back] [http-nio-8080-exec-2] jp.co.ea.cardcapture.model.TrumpDeck     : suit=3 / num=4 / card-c:304
2026-08-08T01:24:37.755+09:00  INFO 24256 --- [CardCapture-back] [http-nio-8080-exec-2] jp.co.ea.cardcapture.model.TrumpDeck     : createDeck; makeCard :code; 305 / suitLダイヤ s:3 / num: 5 numLab:5
2026-08-08T01:24:37.755+09:00  INFO 24256 --- [CardCapture-back] [http-nio-8080-exec-2] jp.co.ea.cardcapture.model.TrumpDeck     : suit=3 / num=5 / card-c:305
2026-08-08T01:24:37.755+09:00  INFO 24256 --- [CardCapture-back] [http-nio-8080-exec-2] jp.co.ea.cardcapture.model.TrumpDeck     : createDeck; makeCard :code; 306 / suitLダイヤ s:3 / num: 6 numLab:6
2026-08-08T01:24:37.755+09:00  INFO 24256 --- [CardCapture-back] [http-nio-8080-exec-2] jp.co.ea.cardcapture.model.TrumpDeck     : suit=3 / num=6 / card-c:306
2026-08-08T01:24:37.755+09:00  INFO 24256 --- [CardCapture-back] [http-nio-8080-exec-2] jp.co.ea.cardcapture.model.TrumpDeck     : createDeck; makeCard :code; 307 / suitLダイヤ s:3 / num: 7 numLab:7
2026-08-08T01:24:37.755+09:00  INFO 24256 --- [CardCapture-back] [http-nio-8080-exec-2] jp.co.ea.cardcapture.model.TrumpDeck     : suit=3 / num=7 / card-c:307
2026-08-08T01:24:37.755+09:00  INFO 24256 --- [CardCapture-back] [http-nio-8080-exec-2] jp.co.ea.cardcapture.model.TrumpDeck     : createDeck; makeCard :code; 308 / suitLダイヤ s:3 / num: 8 numLab:8
2026-08-08T01:24:37.755+09:00  INFO 24256 --- [CardCapture-back] [http-nio-8080-exec-2] jp.co.ea.cardcapture.model.TrumpDeck     : suit=3 / num=8 / card-c:308
2026-08-08T01:24:37.755+09:00  INFO 24256 --- [CardCapture-back] [http-nio-8080-exec-2] jp.co.ea.cardcapture.model.TrumpDeck     : createDeck; makeCard :code; 309 / suitLダイヤ s:3 / num: 9 numLab:9
2026-08-08T01:24:37.755+09:00  INFO 24256 --- [CardCapture-back] [http-nio-8080-exec-2] jp.co.ea.cardcapture.model.TrumpDeck     : suit=3 / num=9 / card-c:309
2026-08-08T01:24:37.756+09:00  INFO 24256 --- [CardCapture-back] [http-nio-8080-exec-2] jp.co.ea.cardcapture.model.TrumpDeck     : createDeck; makeCard :code; 310 / suitLダイヤ s:3 / num: 10 numLab:10
2026-08-08T01:24:37.756+09:00  INFO 24256 --- [CardCapture-back] [http-nio-8080-exec-2] jp.co.ea.cardcapture.model.TrumpDeck     : suit=3 / num=10 / card-c:310
2026-08-08T01:24:37.756+09:00  INFO 24256 --- [CardCapture-back] [http-nio-8080-exec-2] jp.co.ea.cardcapture.model.TrumpDeck     : createDeck; makeCard :code; 311 / suitLダイヤ s:3 / num: 11 numLab:ジャック
2026-08-08T01:24:37.756+09:00  INFO 24256 --- [CardCapture-back] [http-nio-8080-exec-2] jp.co.ea.cardcapture.model.TrumpDeck     : suit=3 / num=11 / card-c:311
2026-08-08T01:24:37.756+09:00  INFO 24256 --- [CardCapture-back] [http-nio-8080-exec-2] jp.co.ea.cardcapture.model.TrumpDeck     : createDeck; makeCard :code; 312 / suitLダイヤ s:3 / num: 12 numLab:クイーン
2026-08-08T01:24:37.756+09:00  INFO 24256 --- [CardCapture-back] [http-nio-8080-exec-2] jp.co.ea.cardcapture.model.TrumpDeck     : suit=3 / num=12 / card-c:312
2026-08-08T01:24:37.756+09:00  INFO 24256 --- [CardCapture-back] [http-nio-8080-exec-2] jp.co.ea.cardcapture.model.TrumpDeck     : createDeck; makeCard :code; 313 / suitLダイヤ s:3 / num: 13 numLab:キング
2026-08-08T01:24:37.756+09:00  INFO 24256 --- [CardCapture-back] [http-nio-8080-exec-2] jp.co.ea.cardcapture.model.TrumpDeck     : suit=3 / num=13 / card-c:313
2026-08-08T01:24:37.756+09:00  INFO 24256 --- [CardCapture-back] [http-nio-8080-exec-2] jp.co.ea.cardcapture.model.TrumpDeck     : createDeck; makeCard :code; 314 / suitLダイヤ s:3 / num: 14 numLab:エース
2026-08-08T01:24:37.756+09:00  INFO 24256 --- [CardCapture-back] [http-nio-8080-exec-2] jp.co.ea.cardcapture.model.TrumpDeck     : suit=3 / num=14 / card-c:314
2026-08-08T01:24:37.756+09:00  INFO 24256 --- [CardCapture-back] [http-nio-8080-exec-2] jp.co.ea.cardcapture.model.TrumpDeck     : createDeck; makeCard :code; 402 / suitLクラブ s:4 / num: 2 numLab:2
2026-08-08T01:24:37.756+09:00  INFO 24256 --- [CardCapture-back] [http-nio-8080-exec-2] jp.co.ea.cardcapture.model.TrumpDeck     : suit=4 / num=2 / card-c:402
2026-08-08T01:24:37.756+09:00  INFO 24256 --- [CardCapture-back] [http-nio-8080-exec-2] jp.co.ea.cardcapture.model.TrumpDeck     : createDeck; makeCard :code; 403 / suitLクラブ s:4 / num: 3 numLab:3
2026-08-08T01:24:37.756+09:00  INFO 24256 --- [CardCapture-back] [http-nio-8080-exec-2] jp.co.ea.cardcapture.model.TrumpDeck     : suit=4 / num=3 / card-c:403
2026-08-08T01:24:37.756+09:00  INFO 24256 --- [CardCapture-back] [http-nio-8080-exec-2] jp.co.ea.cardcapture.model.TrumpDeck     : createDeck; makeCard :code; 404 / suitLクラブ s:4 / num: 4 numLab:4
2026-08-08T01:24:37.757+09:00  INFO 24256 --- [CardCapture-back] [http-nio-8080-exec-2] jp.co.ea.cardcapture.model.TrumpDeck     : suit=4 / num=4 / card-c:404
2026-08-08T01:24:37.757+09:00  INFO 24256 --- [CardCapture-back] [http-nio-8080-exec-2] jp.co.ea.cardcapture.model.TrumpDeck     : createDeck; makeCard :code; 405 / suitLクラブ s:4 / num: 5 numLab:5
2026-08-08T01:24:37.757+09:00  INFO 24256 --- [CardCapture-back] [http-nio-8080-exec-2] jp.co.ea.cardcapture.model.TrumpDeck     : suit=4 / num=5 / card-c:405
2026-08-08T01:24:37.757+09:00  INFO 24256 --- [CardCapture-back] [http-nio-8080-exec-2] jp.co.ea.cardcapture.model.TrumpDeck     : createDeck; makeCard :code; 406 / suitLクラブ s:4 / num: 6 numLab:6
2026-08-08T01:24:37.757+09:00  INFO 24256 --- [CardCapture-back] [http-nio-8080-exec-2] jp.co.ea.cardcapture.model.TrumpDeck     : suit=4 / num=6 / card-c:406
2026-08-08T01:24:37.757+09:00  INFO 24256 --- [CardCapture-back] [http-nio-8080-exec-2] jp.co.ea.cardcapture.model.TrumpDeck     : createDeck; makeCard :code; 407 / suitLクラブ s:4 / num: 7 numLab:7
2026-08-08T01:24:37.757+09:00  INFO 24256 --- [CardCapture-back] [http-nio-8080-exec-2] jp.co.ea.cardcapture.model.TrumpDeck     : suit=4 / num=7 / card-c:407
2026-08-08T01:24:37.757+09:00  INFO 24256 --- [CardCapture-back] [http-nio-8080-exec-2] jp.co.ea.cardcapture.model.TrumpDeck     : createDeck; makeCard :code; 408 / suitLクラブ s:4 / num: 8 numLab:8
2026-08-08T01:24:37.757+09:00  INFO 24256 --- [CardCapture-back] [http-nio-8080-exec-2] jp.co.ea.cardcapture.model.TrumpDeck     : suit=4 / num=8 / card-c:408
2026-08-08T01:24:37.757+09:00  INFO 24256 --- [CardCapture-back] [http-nio-8080-exec-2] jp.co.ea.cardcapture.model.TrumpDeck     : createDeck; makeCard :code; 409 / suitLクラブ s:4 / num: 9 numLab:9
2026-08-08T01:24:37.757+09:00  INFO 24256 --- [CardCapture-back] [http-nio-8080-exec-2] jp.co.ea.cardcapture.model.TrumpDeck     : suit=4 / num=9 / card-c:409
2026-08-08T01:24:37.757+09:00  INFO 24256 --- [CardCapture-back] [http-nio-8080-exec-2] jp.co.ea.cardcapture.model.TrumpDeck     : createDeck; makeCard :code; 410 / suitLクラブ s:4 / num: 10 numLab:10
2026-08-08T01:24:37.757+09:00  INFO 24256 --- [CardCapture-back] [http-nio-8080-exec-2] jp.co.ea.cardcapture.model.TrumpDeck     : suit=4 / num=10 / card-c:410
2026-08-08T01:24:37.757+09:00  INFO 24256 --- [CardCapture-back] [http-nio-8080-exec-2] jp.co.ea.cardcapture.model.TrumpDeck     : createDeck; makeCard :code; 411 / suitLクラブ s:4 / num: 11 numLab:ジャック
2026-08-08T01:24:37.758+09:00  INFO 24256 --- [CardCapture-back] [http-nio-8080-exec-2] jp.co.ea.cardcapture.model.TrumpDeck     : suit=4 / num=11 / card-c:411
2026-08-08T01:24:37.758+09:00  INFO 24256 --- [CardCapture-back] [http-nio-8080-exec-2] jp.co.ea.cardcapture.model.TrumpDeck     : createDeck; makeCard :code; 412 / suitLクラブ s:4 / num: 12 numLab:クイーン
2026-08-08T01:24:37.758+09:00  INFO 24256 --- [CardCapture-back] [http-nio-8080-exec-2] jp.co.ea.cardcapture.model.TrumpDeck     : suit=4 / num=12 / card-c:412
2026-08-08T01:24:37.758+09:00  INFO 24256 --- [CardCapture-back] [http-nio-8080-exec-2] jp.co.ea.cardcapture.model.TrumpDeck     : createDeck; makeCard :code; 413 / suitLクラブ s:4 / num: 13 numLab:キング
2026-08-08T01:24:37.758+09:00  INFO 24256 --- [CardCapture-back] [http-nio-8080-exec-2] jp.co.ea.cardcapture.model.TrumpDeck     : suit=4 / num=13 / card-c:413
2026-08-08T01:24:37.758+09:00  INFO 24256 --- [CardCapture-back] [http-nio-8080-exec-2] jp.co.ea.cardcapture.model.TrumpDeck     : createDeck; makeCard :code; 414 / suitLクラブ s:4 / num: 14 numLab:エース
2026-08-08T01:24:37.758+09:00  INFO 24256 --- [CardCapture-back] [http-nio-8080-exec-2] jp.co.ea.cardcapture.model.TrumpDeck     : suit=4 / num=14 / card-c:414
2026-08-08T01:24:37.758+09:00  INFO 24256 --- [CardCapture-back] [http-nio-8080-exec-2] jp.co.ea.cardcapture.model.TrumpDeck     : createDeck; makeCard :code; 501 / suitLジョーカー s:5 / num: 1 numLab:1
2026-08-08T01:24:37.758+09:00  INFO 24256 --- [CardCapture-back] [http-nio-8080-exec-2] jp.co.ea.cardcapture.model.TrumpDeck     : createDeck; makeCard :code; 502 / suitLジョーカー s:5 / num: 2 numLab:2
2026-08-08T01:24:37.758+09:00  INFO 24256 --- [CardCapture-back] [http-nio-8080-exec-2] jp.co.ea.cardcapture.model.TrumpDeck     : createDeck; 終了
2026-08-08T01:24:37.772+09:00 ERROR 24256 --- [CardCapture-back] [http-nio-8080-exec-2] o.a.c.c.C.[.[.[/].[dispatcherServlet]    : Servlet.service() for servlet [dispatcherServlet] in context with path [] threw exception [Request processing failed: java.util.ConcurrentModificationException] with root cause

java.util.ConcurrentModificationException
	at java.base/java.util.ArrayList$Itr.checkForComodification(ArrayList.java:1095) ~[na:na]
	at java.base/java.util.ArrayList$Itr.next(ArrayList.java:1049) ~[na:na]
	at jp.co.ea.cardcapture.service.CardCuptureInitService.init(CardCuptureInitService.java:35) ~[main/:na]
	at jp.co.ea.cardcapture.controller.CardCaptureController.initGame(CardCaptureController.java:37) ~[main/:na]
	at java.base/jdk.internal.reflect.DirectMethodHandleAccessor.invoke(DirectMethodHandleAccessor.java:103) ~[na:na]
	at java.base/java.lang.reflect.Method.invoke(Method.java:580) ~[na:na]
	at org.springframework.web.method.support.InvocableHandlerMethod.doInvoke(InvocableHandlerMethod.java:252) ~[spring-web-7.0.8.jar:7.0.8]
	at org.springframework.web.method.support.InvocableHandlerMethod.invokeForRequest(InvocableHandlerMethod.java:184) ~[spring-web-7.0.8.jar:7.0.8]
	at org.springframework.web.servlet.mvc.method.annotation.ServletInvocableHandlerMethod.invokeAndHandle(ServletInvocableHandlerMethod.java:117) ~[spring-webmvc-7.0.8.jar:7.0.8]
	at org.springframework.web.servlet.mvc.method.annotation.RequestMappingHandlerAdapter.invokeHandlerMethod(RequestMappingHandlerAdapter.java:934) ~[spring-webmvc-7.0.8.jar:7.0.8]
	at org.springframework.web.servlet.mvc.method.annotation.RequestMappingHandlerAdapter.handleInternal(RequestMappingHandlerAdapter.java:853) ~[spring-webmvc-7.0.8.jar:7.0.8]
	at org.springframework.web.servlet.mvc.method.AbstractHandlerMethodAdapter.handle(AbstractHandlerMethodAdapter.java:86) ~[spring-webmvc-7.0.8.jar:7.0.8]
	at org.springframework.web.servlet.DispatcherServlet.doDispatch(DispatcherServlet.java:963) ~[spring-webmvc-7.0.8.jar:7.0.8]
	at org.springframework.web.servlet.DispatcherServlet.doService(DispatcherServlet.java:866) ~[spring-webmvc-7.0.8.jar:7.0.8]
	at org.springframework.web.servlet.FrameworkServlet.processRequest(FrameworkServlet.java:1000) ~[spring-webmvc-7.0.8.jar:7.0.8]
	at org.springframework.web.servlet.FrameworkServlet.doPost(FrameworkServlet.java:903) ~[spring-webmvc-7.0.8.jar:7.0.8]
	at jakarta.servlet.http.HttpServlet.service(HttpServlet.java:649) ~[tomcat-embed-core-11.0.22.jar:6.1]
	at org.springframework.web.servlet.FrameworkServlet.service(FrameworkServlet.java:874) ~[spring-webmvc-7.0.8.jar:7.0.8]
	at jakarta.servlet.http.HttpServlet.service(HttpServlet.java:710) ~[tomcat-embed-core-11.0.22.jar:6.1]
	at org.apache.catalina.core.ApplicationFilterChain.doFilter(ApplicationFilterChain.java:128) ~[tomcat-embed-core-11.0.22.jar:11.0.22]
	at org.apache.tomcat.websocket.server.WsFilter.doFilter(WsFilter.java:53) ~[tomcat-embed-websocket-11.0.22.jar:11.0.22]
	at org.apache.catalina.core.ApplicationFilterChain.doFilter(ApplicationFilterChain.java:107) ~[tomcat-embed-core-11.0.22.jar:11.0.22]
	at org.springframework.web.filter.RequestContextFilter.doFilterInternal(RequestContextFilter.java:100) ~[spring-web-7.0.8.jar:7.0.8]
	at org.springframework.web.filter.OncePerRequestFilter.doFilter(OncePerRequestFilter.java:116) ~[spring-web-7.0.8.jar:7.0.8]
	at org.apache.catalina.core.ApplicationFilterChain.doFilter(ApplicationFilterChain.java:107) ~[tomcat-embed-core-11.0.22.jar:11.0.22]
	at org.springframework.web.filter.FormContentFilter.doFilterInternal(FormContentFilter.java:93) ~[spring-web-7.0.8.jar:7.0.8]
	at org.springframework.web.filter.OncePerRequestFilter.doFilter(OncePerRequestFilter.java:116) ~[spring-web-7.0.8.jar:7.0.8]
	at org.apache.catalina.core.ApplicationFilterChain.doFilter(ApplicationFilterChain.java:107) ~[tomcat-embed-core-11.0.22.jar:11.0.22]
	at org.springframework.web.filter.CharacterEncodingFilter.doFilterInternal(CharacterEncodingFilter.java:199) ~[spring-web-7.0.8.jar:7.0.8]
	at org.springframework.web.filter.OncePerRequestFilter.doFilter(OncePerRequestFilter.java:116) ~[spring-web-7.0.8.jar:7.0.8]
	at org.apache.catalina.core.ApplicationFilterChain.doFilter(ApplicationFilterChain.java:107) ~[tomcat-embed-core-11.0.22.jar:11.0.22]
	at org.apache.catalina.core.StandardWrapperValve.invoke(StandardWrapperValve.java:165) ~[tomcat-embed-core-11.0.22.jar:11.0.22]
	at org.apache.catalina.core.StandardContextValve.invoke(StandardContextValve.java:77) ~[tomcat-embed-core-11.0.22.jar:11.0.22]
	at org.apache.catalina.authenticator.AuthenticatorBase.invoke(AuthenticatorBase.java:492) ~[tomcat-embed-core-11.0.22.jar:11.0.22]
	at org.apache.catalina.core.StandardHostValve.invoke(StandardHostValve.java:113) ~[tomcat-embed-core-11.0.22.jar:11.0.22]
	at org.apache.catalina.valves.ErrorReportValve.invoke(ErrorReportValve.java:83) ~[tomcat-embed-core-11.0.22.jar:11.0.22]
	at org.apache.catalina.core.StandardEngineValve.invoke(StandardEngineValve.java:72) ~[tomcat-embed-core-11.0.22.jar:11.0.22]
	at org.apache.catalina.connector.CoyoteAdapter.service(CoyoteAdapter.java:341) ~[tomcat-embed-core-11.0.22.jar:11.0.22]
	at org.apache.coyote.http11.Http11Processor.service(Http11Processor.java:397) ~[tomcat-embed-core-11.0.22.jar:11.0.22]
	at org.apache.coyote.AbstractProcessorLight.process(AbstractProcessorLight.java:63) ~[tomcat-embed-core-11.0.22.jar:11.0.22]
	at org.apache.coyote.AbstractProtocol$ConnectionHandler.process(AbstractProtocol.java:1272) ~[tomcat-embed-core-11.0.22.jar:11.0.22]
	at org.apache.tomcat.util.net.NioEndpoint$SocketProcessor.doRun(NioEndpoint.java:1801) ~[tomcat-embed-core-11.0.22.jar:11.0.22]
	at org.apache.tomcat.util.net.SocketProcessorBase.run(SocketProcessorBase.java:52) ~[tomcat-embed-core-11.0.22.jar:11.0.22]
	at org.apache.tomcat.util.threads.ThreadPoolExecutor.runWorker(ThreadPoolExecutor.java:946) ~[tomcat-embed-core-11.0.22.jar:11.0.22]
	at org.apache.tomcat.util.threads.ThreadPoolExecutor$Worker.run(ThreadPoolExecutor.java:480) ~[tomcat-embed-core-11.0.22.jar:11.0.22]
	at org.apache.tomcat.util.threads.TaskThread$WrappingRunnable.run(TaskThread.java:57) ~[tomcat-embed-core-11.0.22.jar:11.0.22]
	at java.base/java.lang.Thread.run(Thread.java:1583) ~[na:na]

2026-08-08T01:27:00.593+09:00  INFO 24256 --- [CardCapture-back] [File Watcher] rtingClassPathChangeChangedEventListener : Restarting due to 19 class path changes (0 additions, 0 deletions, 19 modifications)
2026-08-08T01:27:00.636+09:00  INFO 24256 --- [CardCapture-back] [Thread-21] o.s.boot.tomcat.GracefulShutdown         : Commencing graceful shutdown. Waiting for active requests to complete
2026-08-08T01:27:00.671+09:00  INFO 24256 --- [CardCapture-back] [tomcat-shutdown] o.s.boot.tomcat.GracefulShutdown         : Graceful shutdown complete
2026-08-08T01:27:01.156+09:00  INFO 24256 --- [CardCapture-back] [restartedMain] j.c.e.c.CardCaptureBackApplication       : Starting CardCaptureBackApplication using Java 21.0.9 with PID 24256 (C:\kino-work\SpringBoot\CardCapture-back\bin\main started by NPC-61 in C:\kino-work\SpringBoot\CardCapture-back)
2026-08-08T01:27:01.156+09:00  INFO 24256 --- [CardCapture-back] [restartedMain] j.c.e.c.CardCaptureBackApplication       : No active profile set, falling back to 1 default profile: "default"
2026-08-08T01:27:01.575+09:00  INFO 24256 --- [CardCapture-back] [restartedMain] o.s.boot.tomcat.TomcatWebServer          : Tomcat initialized with port 8080 (http)
2026-08-08T01:27:01.577+09:00  INFO 24256 --- [CardCapture-back] [restartedMain] o.apache.catalina.core.StandardService   : Starting service [Tomcat]
2026-08-08T01:27:01.577+09:00  INFO 24256 --- [CardCapture-back] [restartedMain] o.apache.catalina.core.StandardEngine    : Starting Servlet engine: [Apache Tomcat/11.0.22]
2026-08-08T01:27:01.602+09:00  INFO 24256 --- [CardCapture-back] [restartedMain] b.w.c.s.WebApplicationContextInitializer : Root WebApplicationContext: initialization completed in 444 ms
2026-08-08T01:27:01.644+09:00  INFO 24256 --- [CardCapture-back] [restartedMain] o.s.v.b.OptionalValidatorFactoryBean     : Failed to set up a Bean Validation provider: jakarta.validation.NoProviderFoundException: Unable to create a Configuration, because no Jakarta Validation provider could be found. Add a provider like Hibernate Validator (RI) to your classpath.
2026-08-08T01:27:01.756+09:00  INFO 24256 --- [CardCapture-back] [restartedMain] o.s.boot.tomcat.TomcatWebServer          : Tomcat started on port 8080 (http) with context path '/'
2026-08-08T01:27:01.762+09:00  INFO 24256 --- [CardCapture-back] [restartedMain] j.c.e.c.CardCaptureBackApplication       : Started CardCaptureBackApplication in 0.654 seconds (process running for 23342.681)
2026-08-08T01:27:01.764+09:00  INFO 24256 --- [CardCapture-back] [restartedMain] .ConditionEvaluationDeltaLoggingListener : Condition evaluation unchanged
2026-08-08T01:27:09.166+09:00  INFO 24256 --- [CardCapture-back] [http-nio-8080-exec-1] o.a.c.c.C.[Tomcat].[localhost].[/]       : Initializing Spring DispatcherServlet 'dispatcherServlet'
2026-08-08T01:27:09.166+09:00  INFO 24256 --- [CardCapture-back] [http-nio-8080-exec-1] o.s.web.servlet.DispatcherServlet        : Initializing Servlet 'dispatcherServlet'
2026-08-08T01:27:09.168+09:00  INFO 24256 --- [CardCapture-back] [http-nio-8080-exec-1] o.s.web.servlet.DispatcherServlet        : Completed initialization in 2 ms
2026-08-08T01:27:09.170+09:00  INFO 24256 --- [CardCapture-back] [http-nio-8080-exec-1] j.c.e.c.service.CardCuptureInitService   : CardCuptureInitService: init 開始
2026-08-08T01:27:09.171+09:00  INFO 24256 --- [CardCapture-back] [http-nio-8080-exec-1] jp.co.ea.cardcapture.model.TrumpDeck     : createDeck; 開始
2026-08-08T01:27:09.179+09:00  INFO 24256 --- [CardCapture-back] [http-nio-8080-exec-1] jp.co.ea.cardcapture.model.TrumpDeck     : createDeck; makeCard :code; 102 / suitLスペード s:1 / num: 2 numLab:2
2026-08-08T01:27:09.179+09:00  INFO 24256 --- [CardCapture-back] [http-nio-8080-exec-1] jp.co.ea.cardcapture.model.TrumpDeck     : suit=1 / num=2 / card-c:102
2026-08-08T01:27:09.179+09:00  INFO 24256 --- [CardCapture-back] [http-nio-8080-exec-1] jp.co.ea.cardcapture.model.TrumpDeck     : createDeck; makeCard :code; 103 / suitLスペード s:1 / num: 3 numLab:3
2026-08-08T01:27:09.179+09:00  INFO 24256 --- [CardCapture-back] [http-nio-8080-exec-1] jp.co.ea.cardcapture.model.TrumpDeck     : suit=1 / num=3 / card-c:103
2026-08-08T01:27:09.179+09:00  INFO 24256 --- [CardCapture-back] [http-nio-8080-exec-1] jp.co.ea.cardcapture.model.TrumpDeck     : createDeck; makeCard :code; 104 / suitLスペード s:1 / num: 4 numLab:4
2026-08-08T01:27:09.179+09:00  INFO 24256 --- [CardCapture-back] [http-nio-8080-exec-1] jp.co.ea.cardcapture.model.TrumpDeck     : suit=1 / num=4 / card-c:104
2026-08-08T01:27:09.179+09:00  INFO 24256 --- [CardCapture-back] [http-nio-8080-exec-1] jp.co.ea.cardcapture.model.TrumpDeck     : createDeck; makeCard :code; 105 / suitLスペード s:1 / num: 5 numLab:5
2026-08-08T01:27:09.179+09:00  INFO 24256 --- [CardCapture-back] [http-nio-8080-exec-1] jp.co.ea.cardcapture.model.TrumpDeck     : suit=1 / num=5 / card-c:105
2026-08-08T01:27:09.180+09:00  INFO 24256 --- [CardCapture-back] [http-nio-8080-exec-1] jp.co.ea.cardcapture.model.TrumpDeck     : createDeck; makeCard :code; 106 / suitLスペード s:1 / num: 6 numLab:6
2026-08-08T01:27:09.180+09:00  INFO 24256 --- [CardCapture-back] [http-nio-8080-exec-1] jp.co.ea.cardcapture.model.TrumpDeck     : suit=1 / num=6 / card-c:106
2026-08-08T01:27:09.180+09:00  INFO 24256 --- [CardCapture-back] [http-nio-8080-exec-1] jp.co.ea.cardcapture.model.TrumpDeck     : createDeck; makeCard :code; 107 / suitLスペード s:1 / num: 7 numLab:7
2026-08-08T01:27:09.180+09:00  INFO 24256 --- [CardCapture-back] [http-nio-8080-exec-1] jp.co.ea.cardcapture.model.TrumpDeck     : suit=1 / num=7 / card-c:107
2026-08-08T01:27:09.180+09:00  INFO 24256 --- [CardCapture-back] [http-nio-8080-exec-1] jp.co.ea.cardcapture.model.TrumpDeck     : createDeck; makeCard :code; 108 / suitLスペード s:1 / num: 8 numLab:8
2026-08-08T01:27:09.180+09:00  INFO 24256 --- [CardCapture-back] [http-nio-8080-exec-1] jp.co.ea.cardcapture.model.TrumpDeck     : suit=1 / num=8 / card-c:108
2026-08-08T01:27:09.180+09:00  INFO 24256 --- [CardCapture-back] [http-nio-8080-exec-1] jp.co.ea.cardcapture.model.TrumpDeck     : createDeck; makeCard :code; 109 / suitLスペード s:1 / num: 9 numLab:9
2026-08-08T01:27:09.180+09:00  INFO 24256 --- [CardCapture-back] [http-nio-8080-exec-1] jp.co.ea.cardcapture.model.TrumpDeck     : suit=1 / num=9 / card-c:109
2026-08-08T01:27:09.180+09:00  INFO 24256 --- [CardCapture-back] [http-nio-8080-exec-1] jp.co.ea.cardcapture.model.TrumpDeck     : createDeck; makeCard :code; 110 / suitLスペード s:1 / num: 10 numLab:10
2026-08-08T01:27:09.180+09:00  INFO 24256 --- [CardCapture-back] [http-nio-8080-exec-1] jp.co.ea.cardcapture.model.TrumpDeck     : suit=1 / num=10 / card-c:110
2026-08-08T01:27:09.180+09:00  INFO 24256 --- [CardCapture-back] [http-nio-8080-exec-1] jp.co.ea.cardcapture.model.TrumpDeck     : createDeck; makeCard :code; 111 / suitLスペード s:1 / num: 11 numLab:ジャック
2026-08-08T01:27:09.180+09:00  INFO 24256 --- [CardCapture-back] [http-nio-8080-exec-1] jp.co.ea.cardcapture.model.TrumpDeck     : suit=1 / num=11 / card-c:111
2026-08-08T01:27:09.180+09:00  INFO 24256 --- [CardCapture-back] [http-nio-8080-exec-1] jp.co.ea.cardcapture.model.TrumpDeck     : createDeck; makeCard :code; 112 / suitLスペード s:1 / num: 12 numLab:クイーン
2026-08-08T01:27:09.180+09:00  INFO 24256 --- [CardCapture-back] [http-nio-8080-exec-1] jp.co.ea.cardcapture.model.TrumpDeck     : suit=1 / num=12 / card-c:112
2026-08-08T01:27:09.180+09:00  INFO 24256 --- [CardCapture-back] [http-nio-8080-exec-1] jp.co.ea.cardcapture.model.TrumpDeck     : createDeck; makeCard :code; 113 / suitLスペード s:1 / num: 13 numLab:キング
2026-08-08T01:27:09.180+09:00  INFO 24256 --- [CardCapture-back] [http-nio-8080-exec-1] jp.co.ea.cardcapture.model.TrumpDeck     : suit=1 / num=13 / card-c:113
2026-08-08T01:27:09.180+09:00  INFO 24256 --- [CardCapture-back] [http-nio-8080-exec-1] jp.co.ea.cardcapture.model.TrumpDeck     : createDeck; makeCard :code; 114 / suitLスペード s:1 / num: 14 numLab:エース
2026-08-08T01:27:09.180+09:00  INFO 24256 --- [CardCapture-back] [http-nio-8080-exec-1] jp.co.ea.cardcapture.model.TrumpDeck     : suit=1 / num=14 / card-c:114
2026-08-08T01:27:09.180+09:00  INFO 24256 --- [CardCapture-back] [http-nio-8080-exec-1] jp.co.ea.cardcapture.model.TrumpDeck     : createDeck; makeCard :code; 202 / suitLハート s:2 / num: 2 numLab:2
2026-08-08T01:27:09.180+09:00  INFO 24256 --- [CardCapture-back] [http-nio-8080-exec-1] jp.co.ea.cardcapture.model.TrumpDeck     : suit=2 / num=2 / card-c:202
2026-08-08T01:27:09.180+09:00  INFO 24256 --- [CardCapture-back] [http-nio-8080-exec-1] jp.co.ea.cardcapture.model.TrumpDeck     : createDeck; makeCard :code; 203 / suitLハート s:2 / num: 3 numLab:3
2026-08-08T01:27:09.181+09:00  INFO 24256 --- [CardCapture-back] [http-nio-8080-exec-1] jp.co.ea.cardcapture.model.TrumpDeck     : suit=2 / num=3 / card-c:203
2026-08-08T01:27:09.181+09:00  INFO 24256 --- [CardCapture-back] [http-nio-8080-exec-1] jp.co.ea.cardcapture.model.TrumpDeck     : createDeck; makeCard :code; 204 / suitLハート s:2 / num: 4 numLab:4
2026-08-08T01:27:09.181+09:00  INFO 24256 --- [CardCapture-back] [http-nio-8080-exec-1] jp.co.ea.cardcapture.model.TrumpDeck     : suit=2 / num=4 / card-c:204
2026-08-08T01:27:09.182+09:00  INFO 24256 --- [CardCapture-back] [http-nio-8080-exec-1] jp.co.ea.cardcapture.model.TrumpDeck     : createDeck; makeCard :code; 205 / suitLハート s:2 / num: 5 numLab:5
2026-08-08T01:27:09.182+09:00  INFO 24256 --- [CardCapture-back] [http-nio-8080-exec-1] jp.co.ea.cardcapture.model.TrumpDeck     : suit=2 / num=5 / card-c:205
2026-08-08T01:27:09.183+09:00  INFO 24256 --- [CardCapture-back] [http-nio-8080-exec-1] jp.co.ea.cardcapture.model.TrumpDeck     : createDeck; makeCard :code; 206 / suitLハート s:2 / num: 6 numLab:6
2026-08-08T01:27:09.183+09:00  INFO 24256 --- [CardCapture-back] [http-nio-8080-exec-1] jp.co.ea.cardcapture.model.TrumpDeck     : suit=2 / num=6 / card-c:206
2026-08-08T01:27:09.183+09:00  INFO 24256 --- [CardCapture-back] [http-nio-8080-exec-1] jp.co.ea.cardcapture.model.TrumpDeck     : createDeck; makeCard :code; 207 / suitLハート s:2 / num: 7 numLab:7
2026-08-08T01:27:09.183+09:00  INFO 24256 --- [CardCapture-back] [http-nio-8080-exec-1] jp.co.ea.cardcapture.model.TrumpDeck     : suit=2 / num=7 / card-c:207
2026-08-08T01:27:09.183+09:00  INFO 24256 --- [CardCapture-back] [http-nio-8080-exec-1] jp.co.ea.cardcapture.model.TrumpDeck     : createDeck; makeCard :code; 208 / suitLハート s:2 / num: 8 numLab:8
2026-08-08T01:27:09.183+09:00  INFO 24256 --- [CardCapture-back] [http-nio-8080-exec-1] jp.co.ea.cardcapture.model.TrumpDeck     : suit=2 / num=8 / card-c:208
2026-08-08T01:27:09.183+09:00  INFO 24256 --- [CardCapture-back] [http-nio-8080-exec-1] jp.co.ea.cardcapture.model.TrumpDeck     : createDeck; makeCard :code; 209 / suitLハート s:2 / num: 9 numLab:9
2026-08-08T01:27:09.183+09:00  INFO 24256 --- [CardCapture-back] [http-nio-8080-exec-1] jp.co.ea.cardcapture.model.TrumpDeck     : suit=2 / num=9 / card-c:209
2026-08-08T01:27:09.184+09:00  INFO 24256 --- [CardCapture-back] [http-nio-8080-exec-1] jp.co.ea.cardcapture.model.TrumpDeck     : createDeck; makeCard :code; 210 / suitLハート s:2 / num: 10 numLab:10
2026-08-08T01:27:09.184+09:00  INFO 24256 --- [CardCapture-back] [http-nio-8080-exec-1] jp.co.ea.cardcapture.model.TrumpDeck     : suit=2 / num=10 / card-c:210
2026-08-08T01:27:09.184+09:00  INFO 24256 --- [CardCapture-back] [http-nio-8080-exec-1] jp.co.ea.cardcapture.model.TrumpDeck     : createDeck; makeCard :code; 211 / suitLハート s:2 / num: 11 numLab:ジャック
2026-08-08T01:27:09.184+09:00  INFO 24256 --- [CardCapture-back] [http-nio-8080-exec-1] jp.co.ea.cardcapture.model.TrumpDeck     : suit=2 / num=11 / card-c:211
2026-08-08T01:27:09.184+09:00  INFO 24256 --- [CardCapture-back] [http-nio-8080-exec-1] jp.co.ea.cardcapture.model.TrumpDeck     : createDeck; makeCard :code; 212 / suitLハート s:2 / num: 12 numLab:クイーン
2026-08-08T01:27:09.184+09:00  INFO 24256 --- [CardCapture-back] [http-nio-8080-exec-1] jp.co.ea.cardcapture.model.TrumpDeck     : suit=2 / num=12 / card-c:212
2026-08-08T01:27:09.184+09:00  INFO 24256 --- [CardCapture-back] [http-nio-8080-exec-1] jp.co.ea.cardcapture.model.TrumpDeck     : createDeck; makeCard :code; 213 / suitLハート s:2 / num: 13 numLab:キング
2026-08-08T01:27:09.184+09:00  INFO 24256 --- [CardCapture-back] [http-nio-8080-exec-1] jp.co.ea.cardcapture.model.TrumpDeck     : suit=2 / num=13 / card-c:213
2026-08-08T01:27:09.185+09:00  INFO 24256 --- [CardCapture-back] [http-nio-8080-exec-1] jp.co.ea.cardcapture.model.TrumpDeck     : createDeck; makeCard :code; 214 / suitLハート s:2 / num: 14 numLab:エース
2026-08-08T01:27:09.185+09:00  INFO 24256 --- [CardCapture-back] [http-nio-8080-exec-1] jp.co.ea.cardcapture.model.TrumpDeck     : suit=2 / num=14 / card-c:214
2026-08-08T01:27:09.186+09:00  INFO 24256 --- [CardCapture-back] [http-nio-8080-exec-1] jp.co.ea.cardcapture.model.TrumpDeck     : createDeck; makeCard :code; 302 / suitLダイヤ s:3 / num: 2 numLab:2
2026-08-08T01:27:10.820+09:00  INFO 24256 --- [CardCapture-back] [http-nio-8080-exec-1] jp.co.ea.cardcapture.model.TrumpDeck     : suit=3 / num=2 / card-c:302
2026-08-08T01:27:10.820+09:00  INFO 24256 --- [CardCapture-back] [http-nio-8080-exec-1] jp.co.ea.cardcapture.model.TrumpDeck     : createDeck; makeCard :code; 303 / suitLダイヤ s:3 / num: 3 numLab:3
2026-08-08T01:27:10.820+09:00  INFO 24256 --- [CardCapture-back] [http-nio-8080-exec-1] jp.co.ea.cardcapture.model.TrumpDeck     : suit=3 / num=3 / card-c:303
2026-08-08T01:27:10.821+09:00  INFO 24256 --- [CardCapture-back] [http-nio-8080-exec-1] jp.co.ea.cardcapture.model.TrumpDeck     : createDeck; makeCard :code; 304 / suitLダイヤ s:3 / num: 4 numLab:4
2026-08-08T01:27:10.821+09:00  INFO 24256 --- [CardCapture-back] [http-nio-8080-exec-1] jp.co.ea.cardcapture.model.TrumpDeck     : suit=3 / num=4 / card-c:304
2026-08-08T01:27:10.821+09:00  INFO 24256 --- [CardCapture-back] [http-nio-8080-exec-1] jp.co.ea.cardcapture.model.TrumpDeck     : createDeck; makeCard :code; 305 / suitLダイヤ s:3 / num: 5 numLab:5
2026-08-08T01:27:10.821+09:00  INFO 24256 --- [CardCapture-back] [http-nio-8080-exec-1] jp.co.ea.cardcapture.model.TrumpDeck     : suit=3 / num=5 / card-c:305
2026-08-08T01:27:10.821+09:00  INFO 24256 --- [CardCapture-back] [http-nio-8080-exec-1] jp.co.ea.cardcapture.model.TrumpDeck     : createDeck; makeCard :code; 306 / suitLダイヤ s:3 / num: 6 numLab:6
2026-08-08T01:27:10.821+09:00  INFO 24256 --- [CardCapture-back] [http-nio-8080-exec-1] jp.co.ea.cardcapture.model.TrumpDeck     : suit=3 / num=6 / card-c:306
2026-08-08T01:27:10.821+09:00  INFO 24256 --- [CardCapture-back] [http-nio-8080-exec-1] jp.co.ea.cardcapture.model.TrumpDeck     : createDeck; makeCard :code; 307 / suitLダイヤ s:3 / num: 7 numLab:7
2026-08-08T01:27:10.821+09:00  INFO 24256 --- [CardCapture-back] [http-nio-8080-exec-1] jp.co.ea.cardcapture.model.TrumpDeck     : suit=3 / num=7 / card-c:307
2026-08-08T01:27:10.821+09:00  INFO 24256 --- [CardCapture-back] [http-nio-8080-exec-1] jp.co.ea.cardcapture.model.TrumpDeck     : createDeck; makeCard :code; 308 / suitLダイヤ s:3 / num: 8 numLab:8
2026-08-08T01:27:10.821+09:00  INFO 24256 --- [CardCapture-back] [http-nio-8080-exec-1] jp.co.ea.cardcapture.model.TrumpDeck     : suit=3 / num=8 / card-c:308
2026-08-08T01:27:10.821+09:00  INFO 24256 --- [CardCapture-back] [http-nio-8080-exec-1] jp.co.ea.cardcapture.model.TrumpDeck     : createDeck; makeCard :code; 309 / suitLダイヤ s:3 / num: 9 numLab:9
2026-08-08T01:27:10.821+09:00  INFO 24256 --- [CardCapture-back] [http-nio-8080-exec-1] jp.co.ea.cardcapture.model.TrumpDeck     : suit=3 / num=9 / card-c:309
2026-08-08T01:27:10.821+09:00  INFO 24256 --- [CardCapture-back] [http-nio-8080-exec-1] jp.co.ea.cardcapture.model.TrumpDeck     : createDeck; makeCard :code; 310 / suitLダイヤ s:3 / num: 10 numLab:10
2026-08-08T01:27:10.821+09:00  INFO 24256 --- [CardCapture-back] [http-nio-8080-exec-1] jp.co.ea.cardcapture.model.TrumpDeck     : suit=3 / num=10 / card-c:310
2026-08-08T01:27:10.821+09:00  INFO 24256 --- [CardCapture-back] [http-nio-8080-exec-1] jp.co.ea.cardcapture.model.TrumpDeck     : createDeck; makeCard :code; 311 / suitLダイヤ s:3 / num: 11 numLab:ジャック
2026-08-08T01:27:10.822+09:00  INFO 24256 --- [CardCapture-back] [http-nio-8080-exec-1] jp.co.ea.cardcapture.model.TrumpDeck     : suit=3 / num=11 / card-c:311
2026-08-08T01:27:10.822+09:00  INFO 24256 --- [CardCapture-back] [http-nio-8080-exec-1] jp.co.ea.cardcapture.model.TrumpDeck     : createDeck; makeCard :code; 312 / suitLダイヤ s:3 / num: 12 numLab:クイーン
2026-08-08T01:27:10.822+09:00  INFO 24256 --- [CardCapture-back] [http-nio-8080-exec-1] jp.co.ea.cardcapture.model.TrumpDeck     : suit=3 / num=12 / card-c:312
2026-08-08T01:27:10.822+09:00  INFO 24256 --- [CardCapture-back] [http-nio-8080-exec-1] jp.co.ea.cardcapture.model.TrumpDeck     : createDeck; makeCard :code; 313 / suitLダイヤ s:3 / num: 13 numLab:キング
2026-08-08T01:27:10.822+09:00  INFO 24256 --- [CardCapture-back] [http-nio-8080-exec-1] jp.co.ea.cardcapture.model.TrumpDeck     : suit=3 / num=13 / card-c:313
2026-08-08T01:27:10.822+09:00  INFO 24256 --- [CardCapture-back] [http-nio-8080-exec-1] jp.co.ea.cardcapture.model.TrumpDeck     : createDeck; makeCard :code; 314 / suitLダイヤ s:3 / num: 14 numLab:エース
2026-08-08T01:27:10.822+09:00  INFO 24256 --- [CardCapture-back] [http-nio-8080-exec-1] jp.co.ea.cardcapture.model.TrumpDeck     : suit=3 / num=14 / card-c:314
2026-08-08T01:27:10.822+09:00  INFO 24256 --- [CardCapture-back] [http-nio-8080-exec-1] jp.co.ea.cardcapture.model.TrumpDeck     : createDeck; makeCard :code; 402 / suitLクラブ s:4 / num: 2 numLab:2
2026-08-08T01:27:10.822+09:00  INFO 24256 --- [CardCapture-back] [http-nio-8080-exec-1] jp.co.ea.cardcapture.model.TrumpDeck     : suit=4 / num=2 / card-c:402
2026-08-08T01:27:10.822+09:00  INFO 24256 --- [CardCapture-back] [http-nio-8080-exec-1] jp.co.ea.cardcapture.model.TrumpDeck     : createDeck; makeCard :code; 403 / suitLクラブ s:4 / num: 3 numLab:3
2026-08-08T01:27:10.822+09:00  INFO 24256 --- [CardCapture-back] [http-nio-8080-exec-1] jp.co.ea.cardcapture.model.TrumpDeck     : suit=4 / num=3 / card-c:403
2026-08-08T01:27:10.822+09:00  INFO 24256 --- [CardCapture-back] [http-nio-8080-exec-1] jp.co.ea.cardcapture.model.TrumpDeck     : createDeck; makeCard :code; 404 / suitLクラブ s:4 / num: 4 numLab:4
2026-08-08T01:27:10.822+09:00  INFO 24256 --- [CardCapture-back] [http-nio-8080-exec-1] jp.co.ea.cardcapture.model.TrumpDeck     : suit=4 / num=4 / card-c:404
2026-08-08T01:27:10.822+09:00  INFO 24256 --- [CardCapture-back] [http-nio-8080-exec-1] jp.co.ea.cardcapture.model.TrumpDeck     : createDeck; makeCard :code; 405 / suitLクラブ s:4 / num: 5 numLab:5
2026-08-08T01:27:10.822+09:00  INFO 24256 --- [CardCapture-back] [http-nio-8080-exec-1] jp.co.ea.cardcapture.model.TrumpDeck     : suit=4 / num=5 / card-c:405
2026-08-08T01:27:10.822+09:00  INFO 24256 --- [CardCapture-back] [http-nio-8080-exec-1] jp.co.ea.cardcapture.model.TrumpDeck     : createDeck; makeCard :code; 406 / suitLクラブ s:4 / num: 6 numLab:6
2026-08-08T01:27:10.822+09:00  INFO 24256 --- [CardCapture-back] [http-nio-8080-exec-1] jp.co.ea.cardcapture.model.TrumpDeck     : suit=4 / num=6 / card-c:406
2026-08-08T01:27:10.822+09:00  INFO 24256 --- [CardCapture-back] [http-nio-8080-exec-1] jp.co.ea.cardcapture.model.TrumpDeck     : createDeck; makeCard :code; 407 / suitLクラブ s:4 / num: 7 numLab:7
2026-08-08T01:27:10.822+09:00  INFO 24256 --- [CardCapture-back] [http-nio-8080-exec-1] jp.co.ea.cardcapture.model.TrumpDeck     : suit=4 / num=7 / card-c:407
2026-08-08T01:27:10.822+09:00  INFO 24256 --- [CardCapture-back] [http-nio-8080-exec-1] jp.co.ea.cardcapture.model.TrumpDeck     : createDeck; makeCard :code; 408 / suitLクラブ s:4 / num: 8 numLab:8
2026-08-08T01:27:10.822+09:00  INFO 24256 --- [CardCapture-back] [http-nio-8080-exec-1] jp.co.ea.cardcapture.model.TrumpDeck     : suit=4 / num=8 / card-c:408
2026-08-08T01:27:10.822+09:00  INFO 24256 --- [CardCapture-back] [http-nio-8080-exec-1] jp.co.ea.cardcapture.model.TrumpDeck     : createDeck; makeCard :code; 409 / suitLクラブ s:4 / num: 9 numLab:9
2026-08-08T01:27:10.822+09:00  INFO 24256 --- [CardCapture-back] [http-nio-8080-exec-1] jp.co.ea.cardcapture.model.TrumpDeck     : suit=4 / num=9 / card-c:409
2026-08-08T01:27:10.822+09:00  INFO 24256 --- [CardCapture-back] [http-nio-8080-exec-1] jp.co.ea.cardcapture.model.TrumpDeck     : createDeck; makeCard :code; 410 / suitLクラブ s:4 / num: 10 numLab:10
2026-08-08T01:27:10.822+09:00  INFO 24256 --- [CardCapture-back] [http-nio-8080-exec-1] jp.co.ea.cardcapture.model.TrumpDeck     : suit=4 / num=10 / card-c:410
2026-08-08T01:27:10.822+09:00  INFO 24256 --- [CardCapture-back] [http-nio-8080-exec-1] jp.co.ea.cardcapture.model.TrumpDeck     : createDeck; makeCard :code; 411 / suitLクラブ s:4 / num: 11 numLab:ジャック
2026-08-08T01:27:10.822+09:00  INFO 24256 --- [CardCapture-back] [http-nio-8080-exec-1] jp.co.ea.cardcapture.model.TrumpDeck     : suit=4 / num=11 / card-c:411
2026-08-08T01:27:10.822+09:00  INFO 24256 --- [CardCapture-back] [http-nio-8080-exec-1] jp.co.ea.cardcapture.model.TrumpDeck     : createDeck; makeCard :code; 412 / suitLクラブ s:4 / num: 12 numLab:クイーン
2026-08-08T01:27:10.822+09:00  INFO 24256 --- [CardCapture-back] [http-nio-8080-exec-1] jp.co.ea.cardcapture.model.TrumpDeck     : suit=4 / num=12 / card-c:412
2026-08-08T01:27:10.823+09:00  INFO 24256 --- [CardCapture-back] [http-nio-8080-exec-1] jp.co.ea.cardcapture.model.TrumpDeck     : createDeck; makeCard :code; 413 / suitLクラブ s:4 / num: 13 numLab:キング
2026-08-08T01:27:10.823+09:00  INFO 24256 --- [CardCapture-back] [http-nio-8080-exec-1] jp.co.ea.cardcapture.model.TrumpDeck     : suit=4 / num=13 / card-c:413
2026-08-08T01:27:10.823+09:00  INFO 24256 --- [CardCapture-back] [http-nio-8080-exec-1] jp.co.ea.cardcapture.model.TrumpDeck     : createDeck; makeCard :code; 414 / suitLクラブ s:4 / num: 14 numLab:エース
2026-08-08T01:27:10.823+09:00  INFO 24256 --- [CardCapture-back] [http-nio-8080-exec-1] jp.co.ea.cardcapture.model.TrumpDeck     : suit=4 / num=14 / card-c:414
2026-08-08T01:27:10.823+09:00  INFO 24256 --- [CardCapture-back] [http-nio-8080-exec-1] jp.co.ea.cardcapture.model.TrumpDeck     : createDeck; makeCard :code; 501 / suitLジョーカー s:5 / num: 1 numLab:1
2026-08-08T01:27:10.823+09:00  INFO 24256 --- [CardCapture-back] [http-nio-8080-exec-1] jp.co.ea.cardcapture.model.TrumpDeck     : createDeck; makeCard :code; 502 / suitLジョーカー s:5 / num: 2 numLab:2
2026-08-08T01:27:10.823+09:00  INFO 24256 --- [CardCapture-back] [http-nio-8080-exec-1] jp.co.ea.cardcapture.model.TrumpDeck     : createDeck; 終了
2026-08-08T01:27:10.825+09:00  INFO 24256 --- [CardCapture-back] [http-nio-8080-exec-1] j.c.e.c.service.CardCuptureInitService   : CardCuptureInitService; init 終了
2026-08-08T01:27:39.763+09:00  INFO 24256 --- [CardCapture-back] [RMI TCP Connection(89)-127.0.0.1] inMXBeanRegistrar$SpringApplicationAdmin : Application shutdown requested.
2026-08-08T01:27:39.764+09:00  INFO 24256 --- [CardCapture-back] [RMI TCP Connection(89)-127.0.0.1] o.s.boot.tomcat.GracefulShutdown         : Commencing graceful shutdown. Waiting for active requests to complete
2026-08-08T01:27:39.772+09:00  INFO 24256 --- [CardCapture-back] [tomcat-shutdown] o.s.boot.tomcat.GracefulShutdown         : Graceful shutdown complete
2026-08-08T06:45:11.058+09:00  INFO 14460 --- [CardCapture-back] [restartedMain] j.c.e.c.CardCaptureBackApplication       : Starting CardCaptureBackApplication using Java 21.0.9 with PID 14460 (C:\kino-work\SpringBoot\CardCapture-back\bin\main started by NPC-61 in C:\kino-work\SpringBoot\CardCapture-back)
2026-08-08T06:45:11.065+09:00  INFO 14460 --- [CardCapture-back] [restartedMain] j.c.e.c.CardCaptureBackApplication       : No active profile set, falling back to 1 default profile: "default"
2026-08-08T06:45:11.166+09:00  INFO 14460 --- [CardCapture-back] [restartedMain] .e.DevToolsPropertyDefaultsPostProcessor : Devtools property defaults active! Set 'spring.devtools.add-properties' to 'false' to disable
2026-08-08T06:45:11.166+09:00  INFO 14460 --- [CardCapture-back] [restartedMain] .e.DevToolsPropertyDefaultsPostProcessor : For additional web related logging consider setting the 'logging.level.web' property to 'DEBUG'
2026-08-08T06:45:12.897+09:00  INFO 14460 --- [CardCapture-back] [restartedMain] o.s.boot.tomcat.TomcatWebServer          : Tomcat initialized with port 8080 (http)
2026-08-08T06:45:12.925+09:00  INFO 14460 --- [CardCapture-back] [restartedMain] o.apache.catalina.core.StandardService   : Starting service [Tomcat]
2026-08-08T06:45:12.925+09:00  INFO 14460 --- [CardCapture-back] [restartedMain] o.apache.catalina.core.StandardEngine    : Starting Servlet engine: [Apache Tomcat/11.0.22]
2026-08-08T06:45:13.003+09:00  INFO 14460 --- [CardCapture-back] [restartedMain] b.w.c.s.WebApplicationContextInitializer : Root WebApplicationContext: initialization completed in 1836 ms
2026-08-08T06:45:13.266+09:00  INFO 14460 --- [CardCapture-back] [restartedMain] o.s.v.b.OptionalValidatorFactoryBean     : Failed to set up a Bean Validation provider: jakarta.validation.NoProviderFoundException: Unable to create a Configuration, because no Jakarta Validation provider could be found. Add a provider like Hibernate Validator (RI) to your classpath.
2026-08-08T06:45:13.783+09:00  INFO 14460 --- [CardCapture-back] [restartedMain] o.s.boot.tomcat.TomcatWebServer          : Tomcat started on port 8080 (http) with context path '/'
2026-08-08T06:45:13.792+09:00  INFO 14460 --- [CardCapture-back] [restartedMain] j.c.e.c.CardCaptureBackApplication       : Started CardCaptureBackApplication in 3.519 seconds (process running for 10.728)
2026-08-08T06:46:24.200+09:00  INFO 14460 --- [CardCapture-back] [http-nio-8080-exec-1] o.a.c.c.C.[Tomcat].[localhost].[/]       : Initializing Spring DispatcherServlet 'dispatcherServlet'
2026-08-08T06:46:24.201+09:00  INFO 14460 --- [CardCapture-back] [http-nio-8080-exec-1] o.s.web.servlet.DispatcherServlet        : Initializing Servlet 'dispatcherServlet'
2026-08-08T06:46:24.204+09:00  INFO 14460 --- [CardCapture-back] [http-nio-8080-exec-1] o.s.web.servlet.DispatcherServlet        : Completed initialization in 3 ms
2026-08-08T06:46:25.061+09:00  INFO 14460 --- [CardCapture-back] [http-nio-8080-exec-9] o.springdoc.api.AbstractOpenApiResource  : Init duration for springdoc-openapi is: 389 ms
2026-08-08T06:46:30.637+09:00  INFO 14460 --- [CardCapture-back] [http-nio-8080-exec-10] j.c.e.c.service.CardCuptureInitService   : CardCuptureInitService: init 開始
2026-08-08T06:46:30.640+09:00  INFO 14460 --- [CardCapture-back] [http-nio-8080-exec-10] jp.co.ea.cardcapture.model.TrumpDeck     : createDeck; 開始
2026-08-08T06:46:30.649+09:00  INFO 14460 --- [CardCapture-back] [http-nio-8080-exec-10] jp.co.ea.cardcapture.model.TrumpDeck     : createDeck; makeCard :code; 102 / suitLスペード s:1 / num: 2 numLab:2
2026-08-08T06:46:30.654+09:00  INFO 14460 --- [CardCapture-back] [http-nio-8080-exec-10] jp.co.ea.cardcapture.model.TrumpDeck     : suit=1 / num=2 / card-c:102
2026-08-08T06:46:30.655+09:00  INFO 14460 --- [CardCapture-back] [http-nio-8080-exec-10] jp.co.ea.cardcapture.model.TrumpDeck     : createDeck; makeCard :code; 103 / suitLスペード s:1 / num: 3 numLab:3
2026-08-08T06:46:30.655+09:00  INFO 14460 --- [CardCapture-back] [http-nio-8080-exec-10] jp.co.ea.cardcapture.model.TrumpDeck     : suit=1 / num=3 / card-c:103
2026-08-08T06:46:30.656+09:00  INFO 14460 --- [CardCapture-back] [http-nio-8080-exec-10] jp.co.ea.cardcapture.model.TrumpDeck     : createDeck; makeCard :code; 104 / suitLスペード s:1 / num: 4 numLab:4
2026-08-08T06:46:30.656+09:00  INFO 14460 --- [CardCapture-back] [http-nio-8080-exec-10] jp.co.ea.cardcapture.model.TrumpDeck     : suit=1 / num=4 / card-c:104
2026-08-08T06:46:30.656+09:00  INFO 14460 --- [CardCapture-back] [http-nio-8080-exec-10] jp.co.ea.cardcapture.model.TrumpDeck     : createDeck; makeCard :code; 105 / suitLスペード s:1 / num: 5 numLab:5
2026-08-08T06:46:30.656+09:00  INFO 14460 --- [CardCapture-back] [http-nio-8080-exec-10] jp.co.ea.cardcapture.model.TrumpDeck     : suit=1 / num=5 / card-c:105
2026-08-08T06:46:30.657+09:00  INFO 14460 --- [CardCapture-back] [http-nio-8080-exec-10] jp.co.ea.cardcapture.model.TrumpDeck     : createDeck; makeCard :code; 106 / suitLスペード s:1 / num: 6 numLab:6
2026-08-08T06:46:30.657+09:00  INFO 14460 --- [CardCapture-back] [http-nio-8080-exec-10] jp.co.ea.cardcapture.model.TrumpDeck     : suit=1 / num=6 / card-c:106
2026-08-08T06:46:30.657+09:00  INFO 14460 --- [CardCapture-back] [http-nio-8080-exec-10] jp.co.ea.cardcapture.model.TrumpDeck     : createDeck; makeCard :code; 107 / suitLスペード s:1 / num: 7 numLab:7
2026-08-08T06:46:30.657+09:00  INFO 14460 --- [CardCapture-back] [http-nio-8080-exec-10] jp.co.ea.cardcapture.model.TrumpDeck     : suit=1 / num=7 / card-c:107
2026-08-08T06:46:30.658+09:00  INFO 14460 --- [CardCapture-back] [http-nio-8080-exec-10] jp.co.ea.cardcapture.model.TrumpDeck     : createDeck; makeCard :code; 108 / suitLスペード s:1 / num: 8 numLab:8
2026-08-08T06:46:30.658+09:00  INFO 14460 --- [CardCapture-back] [http-nio-8080-exec-10] jp.co.ea.cardcapture.model.TrumpDeck     : suit=1 / num=8 / card-c:108
2026-08-08T06:46:30.658+09:00  INFO 14460 --- [CardCapture-back] [http-nio-8080-exec-10] jp.co.ea.cardcapture.model.TrumpDeck     : createDeck; makeCard :code; 109 / suitLスペード s:1 / num: 9 numLab:9
2026-08-08T06:46:30.658+09:00  INFO 14460 --- [CardCapture-back] [http-nio-8080-exec-10] jp.co.ea.cardcapture.model.TrumpDeck     : suit=1 / num=9 / card-c:109
2026-08-08T06:46:30.659+09:00  INFO 14460 --- [CardCapture-back] [http-nio-8080-exec-10] jp.co.ea.cardcapture.model.TrumpDeck     : createDeck; makeCard :code; 110 / suitLスペード s:1 / num: 10 numLab:10
2026-08-08T06:46:30.659+09:00  INFO 14460 --- [CardCapture-back] [http-nio-8080-exec-10] jp.co.ea.cardcapture.model.TrumpDeck     : suit=1 / num=10 / card-c:110
2026-08-08T06:46:30.659+09:00  INFO 14460 --- [CardCapture-back] [http-nio-8080-exec-10] jp.co.ea.cardcapture.model.TrumpDeck     : createDeck; makeCard :code; 111 / suitLスペード s:1 / num: 11 numLab:ジャック
2026-08-08T06:46:30.659+09:00  INFO 14460 --- [CardCapture-back] [http-nio-8080-exec-10] jp.co.ea.cardcapture.model.TrumpDeck     : suit=1 / num=11 / card-c:111
2026-08-08T06:46:30.659+09:00  INFO 14460 --- [CardCapture-back] [http-nio-8080-exec-10] jp.co.ea.cardcapture.model.TrumpDeck     : createDeck; makeCard :code; 112 / suitLスペード s:1 / num: 12 numLab:クイーン
2026-08-08T06:46:30.659+09:00  INFO 14460 --- [CardCapture-back] [http-nio-8080-exec-10] jp.co.ea.cardcapture.model.TrumpDeck     : suit=1 / num=12 / card-c:112
2026-08-08T06:46:30.660+09:00  INFO 14460 --- [CardCapture-back] [http-nio-8080-exec-10] jp.co.ea.cardcapture.model.TrumpDeck     : createDeck; makeCard :code; 113 / suitLスペード s:1 / num: 13 numLab:キング
2026-08-08T06:46:30.660+09:00  INFO 14460 --- [CardCapture-back] [http-nio-8080-exec-10] jp.co.ea.cardcapture.model.TrumpDeck     : suit=1 / num=13 / card-c:113
2026-08-08T06:46:30.660+09:00  INFO 14460 --- [CardCapture-back] [http-nio-8080-exec-10] jp.co.ea.cardcapture.model.TrumpDeck     : createDeck; makeCard :code; 114 / suitLスペード s:1 / num: 14 numLab:エース
2026-08-08T06:46:30.660+09:00  INFO 14460 --- [CardCapture-back] [http-nio-8080-exec-10] jp.co.ea.cardcapture.model.TrumpDeck     : suit=1 / num=14 / card-c:114
2026-08-08T06:46:30.661+09:00  INFO 14460 --- [CardCapture-back] [http-nio-8080-exec-10] jp.co.ea.cardcapture.model.TrumpDeck     : createDeck; makeCard :code; 202 / suitLハート s:2 / num: 2 numLab:2
2026-08-08T06:46:30.661+09:00  INFO 14460 --- [CardCapture-back] [http-nio-8080-exec-10] jp.co.ea.cardcapture.model.TrumpDeck     : suit=2 / num=2 / card-c:202
2026-08-08T06:46:30.661+09:00  INFO 14460 --- [CardCapture-back] [http-nio-8080-exec-10] jp.co.ea.cardcapture.model.TrumpDeck     : createDeck; makeCard :code; 203 / suitLハート s:2 / num: 3 numLab:3
2026-08-08T06:46:30.661+09:00  INFO 14460 --- [CardCapture-back] [http-nio-8080-exec-10] jp.co.ea.cardcapture.model.TrumpDeck     : suit=2 / num=3 / card-c:203
2026-08-08T06:46:30.662+09:00  INFO 14460 --- [CardCapture-back] [http-nio-8080-exec-10] jp.co.ea.cardcapture.model.TrumpDeck     : createDeck; makeCard :code; 204 / suitLハート s:2 / num: 4 numLab:4
2026-08-08T06:46:30.662+09:00  INFO 14460 --- [CardCapture-back] [http-nio-8080-exec-10] jp.co.ea.cardcapture.model.TrumpDeck     : suit=2 / num=4 / card-c:204
2026-08-08T06:46:30.662+09:00  INFO 14460 --- [CardCapture-back] [http-nio-8080-exec-10] jp.co.ea.cardcapture.model.TrumpDeck     : createDeck; makeCard :code; 205 / suitLハート s:2 / num: 5 numLab:5
2026-08-08T06:46:30.662+09:00  INFO 14460 --- [CardCapture-back] [http-nio-8080-exec-10] jp.co.ea.cardcapture.model.TrumpDeck     : suit=2 / num=5 / card-c:205
2026-08-08T06:46:30.663+09:00  INFO 14460 --- [CardCapture-back] [http-nio-8080-exec-10] jp.co.ea.cardcapture.model.TrumpDeck     : createDeck; makeCard :code; 206 / suitLハート s:2 / num: 6 numLab:6
2026-08-08T06:46:30.663+09:00  INFO 14460 --- [CardCapture-back] [http-nio-8080-exec-10] jp.co.ea.cardcapture.model.TrumpDeck     : suit=2 / num=6 / card-c:206
2026-08-08T06:46:30.663+09:00  INFO 14460 --- [CardCapture-back] [http-nio-8080-exec-10] jp.co.ea.cardcapture.model.TrumpDeck     : createDeck; makeCard :code; 207 / suitLハート s:2 / num: 7 numLab:7
2026-08-08T06:46:30.663+09:00  INFO 14460 --- [CardCapture-back] [http-nio-8080-exec-10] jp.co.ea.cardcapture.model.TrumpDeck     : suit=2 / num=7 / card-c:207
2026-08-08T06:46:30.663+09:00  INFO 14460 --- [CardCapture-back] [http-nio-8080-exec-10] jp.co.ea.cardcapture.model.TrumpDeck     : createDeck; makeCard :code; 208 / suitLハート s:2 / num: 8 numLab:8
2026-08-08T06:46:30.664+09:00  INFO 14460 --- [CardCapture-back] [http-nio-8080-exec-10] jp.co.ea.cardcapture.model.TrumpDeck     : suit=2 / num=8 / card-c:208
2026-08-08T06:46:30.664+09:00  INFO 14460 --- [CardCapture-back] [http-nio-8080-exec-10] jp.co.ea.cardcapture.model.TrumpDeck     : createDeck; makeCard :code; 209 / suitLハート s:2 / num: 9 numLab:9
2026-08-08T06:46:30.664+09:00  INFO 14460 --- [CardCapture-back] [http-nio-8080-exec-10] jp.co.ea.cardcapture.model.TrumpDeck     : suit=2 / num=9 / card-c:209
2026-08-08T06:46:30.664+09:00  INFO 14460 --- [CardCapture-back] [http-nio-8080-exec-10] jp.co.ea.cardcapture.model.TrumpDeck     : createDeck; makeCard :code; 210 / suitLハート s:2 / num: 10 numLab:10
2026-08-08T06:46:30.664+09:00  INFO 14460 --- [CardCapture-back] [http-nio-8080-exec-10] jp.co.ea.cardcapture.model.TrumpDeck     : suit=2 / num=10 / card-c:210
2026-08-08T06:46:30.665+09:00  INFO 14460 --- [CardCapture-back] [http-nio-8080-exec-10] jp.co.ea.cardcapture.model.TrumpDeck     : createDeck; makeCard :code; 211 / suitLハート s:2 / num: 11 numLab:ジャック
2026-08-08T06:46:30.665+09:00  INFO 14460 --- [CardCapture-back] [http-nio-8080-exec-10] jp.co.ea.cardcapture.model.TrumpDeck     : suit=2 / num=11 / card-c:211
2026-08-08T06:46:30.665+09:00  INFO 14460 --- [CardCapture-back] [http-nio-8080-exec-10] jp.co.ea.cardcapture.model.TrumpDeck     : createDeck; makeCard :code; 212 / suitLハート s:2 / num: 12 numLab:クイーン
2026-08-08T06:46:30.666+09:00  INFO 14460 --- [CardCapture-back] [http-nio-8080-exec-10] jp.co.ea.cardcapture.model.TrumpDeck     : suit=2 / num=12 / card-c:212
2026-08-08T06:46:30.666+09:00  INFO 14460 --- [CardCapture-back] [http-nio-8080-exec-10] jp.co.ea.cardcapture.model.TrumpDeck     : createDeck; makeCard :code; 213 / suitLハート s:2 / num: 13 numLab:キング
2026-08-08T06:46:30.667+09:00  INFO 14460 --- [CardCapture-back] [http-nio-8080-exec-10] jp.co.ea.cardcapture.model.TrumpDeck     : suit=2 / num=13 / card-c:213
2026-08-08T06:46:30.667+09:00  INFO 14460 --- [CardCapture-back] [http-nio-8080-exec-10] jp.co.ea.cardcapture.model.TrumpDeck     : createDeck; makeCard :code; 214 / suitLハート s:2 / num: 14 numLab:エース
2026-08-08T06:46:30.668+09:00  INFO 14460 --- [CardCapture-back] [http-nio-8080-exec-10] jp.co.ea.cardcapture.model.TrumpDeck     : suit=2 / num=14 / card-c:214
2026-08-08T06:46:30.669+09:00  INFO 14460 --- [CardCapture-back] [http-nio-8080-exec-10] jp.co.ea.cardcapture.model.TrumpDeck     : createDeck; makeCard :code; 302 / suitLダイヤ s:3 / num: 2 numLab:2
2026-08-08T06:46:30.670+09:00  INFO 14460 --- [CardCapture-back] [http-nio-8080-exec-10] jp.co.ea.cardcapture.model.TrumpDeck     : suit=3 / num=2 / card-c:302
2026-08-08T06:46:30.670+09:00  INFO 14460 --- [CardCapture-back] [http-nio-8080-exec-10] jp.co.ea.cardcapture.model.TrumpDeck     : createDeck; makeCard :code; 303 / suitLダイヤ s:3 / num: 3 numLab:3
2026-08-08T06:46:30.671+09:00  INFO 14460 --- [CardCapture-back] [http-nio-8080-exec-10] jp.co.ea.cardcapture.model.TrumpDeck     : suit=3 / num=3 / card-c:303
2026-08-08T06:46:30.671+09:00  INFO 14460 --- [CardCapture-back] [http-nio-8080-exec-10] jp.co.ea.cardcapture.model.TrumpDeck     : createDeck; makeCard :code; 304 / suitLダイヤ s:3 / num: 4 numLab:4
2026-08-08T06:46:30.671+09:00  INFO 14460 --- [CardCapture-back] [http-nio-8080-exec-10] jp.co.ea.cardcapture.model.TrumpDeck     : suit=3 / num=4 / card-c:304
2026-08-08T06:46:30.671+09:00  INFO 14460 --- [CardCapture-back] [http-nio-8080-exec-10] jp.co.ea.cardcapture.model.TrumpDeck     : createDeck; makeCard :code; 305 / suitLダイヤ s:3 / num: 5 numLab:5
2026-08-08T06:46:30.671+09:00  INFO 14460 --- [CardCapture-back] [http-nio-8080-exec-10] jp.co.ea.cardcapture.model.TrumpDeck     : suit=3 / num=5 / card-c:305
2026-08-08T06:46:30.671+09:00  INFO 14460 --- [CardCapture-back] [http-nio-8080-exec-10] jp.co.ea.cardcapture.model.TrumpDeck     : createDeck; makeCard :code; 306 / suitLダイヤ s:3 / num: 6 numLab:6
2026-08-08T06:46:30.671+09:00  INFO 14460 --- [CardCapture-back] [http-nio-8080-exec-10] jp.co.ea.cardcapture.model.TrumpDeck     : suit=3 / num=6 / card-c:306
2026-08-08T06:46:30.671+09:00  INFO 14460 --- [CardCapture-back] [http-nio-8080-exec-10] jp.co.ea.cardcapture.model.TrumpDeck     : createDeck; makeCard :code; 307 / suitLダイヤ s:3 / num: 7 numLab:7
2026-08-08T06:46:30.672+09:00  INFO 14460 --- [CardCapture-back] [http-nio-8080-exec-10] jp.co.ea.cardcapture.model.TrumpDeck     : suit=3 / num=7 / card-c:307
2026-08-08T06:46:30.672+09:00  INFO 14460 --- [CardCapture-back] [http-nio-8080-exec-10] jp.co.ea.cardcapture.model.TrumpDeck     : createDeck; makeCard :code; 308 / suitLダイヤ s:3 / num: 8 numLab:8
2026-08-08T06:46:30.672+09:00  INFO 14460 --- [CardCapture-back] [http-nio-8080-exec-10] jp.co.ea.cardcapture.model.TrumpDeck     : suit=3 / num=8 / card-c:308
2026-08-08T06:46:30.672+09:00  INFO 14460 --- [CardCapture-back] [http-nio-8080-exec-10] jp.co.ea.cardcapture.model.TrumpDeck     : createDeck; makeCard :code; 309 / suitLダイヤ s:3 / num: 9 numLab:9
2026-08-08T06:46:30.672+09:00  INFO 14460 --- [CardCapture-back] [http-nio-8080-exec-10] jp.co.ea.cardcapture.model.TrumpDeck     : suit=3 / num=9 / card-c:309
2026-08-08T06:46:30.672+09:00  INFO 14460 --- [CardCapture-back] [http-nio-8080-exec-10] jp.co.ea.cardcapture.model.TrumpDeck     : createDeck; makeCard :code; 310 / suitLダイヤ s:3 / num: 10 numLab:10
2026-08-08T06:46:30.672+09:00  INFO 14460 --- [CardCapture-back] [http-nio-8080-exec-10] jp.co.ea.cardcapture.model.TrumpDeck     : suit=3 / num=10 / card-c:310
2026-08-08T06:46:30.672+09:00  INFO 14460 --- [CardCapture-back] [http-nio-8080-exec-10] jp.co.ea.cardcapture.model.TrumpDeck     : createDeck; makeCard :code; 311 / suitLダイヤ s:3 / num: 11 numLab:ジャック
2026-08-08T06:46:30.672+09:00  INFO 14460 --- [CardCapture-back] [http-nio-8080-exec-10] jp.co.ea.cardcapture.model.TrumpDeck     : suit=3 / num=11 / card-c:311
2026-08-08T06:46:30.672+09:00  INFO 14460 --- [CardCapture-back] [http-nio-8080-exec-10] jp.co.ea.cardcapture.model.TrumpDeck     : createDeck; makeCard :code; 312 / suitLダイヤ s:3 / num: 12 numLab:クイーン
2026-08-08T06:46:30.673+09:00  INFO 14460 --- [CardCapture-back] [http-nio-8080-exec-10] jp.co.ea.cardcapture.model.TrumpDeck     : suit=3 / num=12 / card-c:312
2026-08-08T06:46:30.673+09:00  INFO 14460 --- [CardCapture-back] [http-nio-8080-exec-10] jp.co.ea.cardcapture.model.TrumpDeck     : createDeck; makeCard :code; 313 / suitLダイヤ s:3 / num: 13 numLab:キング
2026-08-08T06:46:30.673+09:00  INFO 14460 --- [CardCapture-back] [http-nio-8080-exec-10] jp.co.ea.cardcapture.model.TrumpDeck     : suit=3 / num=13 / card-c:313
2026-08-08T06:46:30.673+09:00  INFO 14460 --- [CardCapture-back] [http-nio-8080-exec-10] jp.co.ea.cardcapture.model.TrumpDeck     : createDeck; makeCard :code; 314 / suitLダイヤ s:3 / num: 14 numLab:エース
2026-08-08T06:46:30.673+09:00  INFO 14460 --- [CardCapture-back] [http-nio-8080-exec-10] jp.co.ea.cardcapture.model.TrumpDeck     : suit=3 / num=14 / card-c:314
2026-08-08T06:46:30.673+09:00  INFO 14460 --- [CardCapture-back] [http-nio-8080-exec-10] jp.co.ea.cardcapture.model.TrumpDeck     : createDeck; makeCard :code; 402 / suitLクラブ s:4 / num: 2 numLab:2
2026-08-08T06:46:30.674+09:00  INFO 14460 --- [CardCapture-back] [http-nio-8080-exec-10] jp.co.ea.cardcapture.model.TrumpDeck     : suit=4 / num=2 / card-c:402
2026-08-08T06:46:30.674+09:00  INFO 14460 --- [CardCapture-back] [http-nio-8080-exec-10] jp.co.ea.cardcapture.model.TrumpDeck     : createDeck; makeCard :code; 403 / suitLクラブ s:4 / num: 3 numLab:3
2026-08-08T06:46:30.674+09:00  INFO 14460 --- [CardCapture-back] [http-nio-8080-exec-10] jp.co.ea.cardcapture.model.TrumpDeck     : suit=4 / num=3 / card-c:403
2026-08-08T06:46:30.676+09:00  INFO 14460 --- [CardCapture-back] [http-nio-8080-exec-10] jp.co.ea.cardcapture.model.TrumpDeck     : createDeck; makeCard :code; 404 / suitLクラブ s:4 / num: 4 numLab:4
2026-08-08T06:46:30.676+09:00  INFO 14460 --- [CardCapture-back] [http-nio-8080-exec-10] jp.co.ea.cardcapture.model.TrumpDeck     : suit=4 / num=4 / card-c:404
2026-08-08T06:46:30.676+09:00  INFO 14460 --- [CardCapture-back] [http-nio-8080-exec-10] jp.co.ea.cardcapture.model.TrumpDeck     : createDeck; makeCard :code; 405 / suitLクラブ s:4 / num: 5 numLab:5
2026-08-08T06:46:30.676+09:00  INFO 14460 --- [CardCapture-back] [http-nio-8080-exec-10] jp.co.ea.cardcapture.model.TrumpDeck     : suit=4 / num=5 / card-c:405
2026-08-08T06:46:30.676+09:00  INFO 14460 --- [CardCapture-back] [http-nio-8080-exec-10] jp.co.ea.cardcapture.model.TrumpDeck     : createDeck; makeCard :code; 406 / suitLクラブ s:4 / num: 6 numLab:6
2026-08-08T06:46:30.676+09:00  INFO 14460 --- [CardCapture-back] [http-nio-8080-exec-10] jp.co.ea.cardcapture.model.TrumpDeck     : suit=4 / num=6 / card-c:406
2026-08-08T06:46:30.676+09:00  INFO 14460 --- [CardCapture-back] [http-nio-8080-exec-10] jp.co.ea.cardcapture.model.TrumpDeck     : createDeck; makeCard :code; 407 / suitLクラブ s:4 / num: 7 numLab:7
2026-08-08T06:46:30.677+09:00  INFO 14460 --- [CardCapture-back] [http-nio-8080-exec-10] jp.co.ea.cardcapture.model.TrumpDeck     : suit=4 / num=7 / card-c:407
2026-08-08T06:46:30.677+09:00  INFO 14460 --- [CardCapture-back] [http-nio-8080-exec-10] jp.co.ea.cardcapture.model.TrumpDeck     : createDeck; makeCard :code; 408 / suitLクラブ s:4 / num: 8 numLab:8
2026-08-08T06:46:30.677+09:00  INFO 14460 --- [CardCapture-back] [http-nio-8080-exec-10] jp.co.ea.cardcapture.model.TrumpDeck     : suit=4 / num=8 / card-c:408
2026-08-08T06:46:30.677+09:00  INFO 14460 --- [CardCapture-back] [http-nio-8080-exec-10] jp.co.ea.cardcapture.model.TrumpDeck     : createDeck; makeCard :code; 409 / suitLクラブ s:4 / num: 9 numLab:9
2026-08-08T06:46:30.677+09:00  INFO 14460 --- [CardCapture-back] [http-nio-8080-exec-10] jp.co.ea.cardcapture.model.TrumpDeck     : suit=4 / num=9 / card-c:409
2026-08-08T06:46:30.677+09:00  INFO 14460 --- [CardCapture-back] [http-nio-8080-exec-10] jp.co.ea.cardcapture.model.TrumpDeck     : createDeck; makeCard :code; 410 / suitLクラブ s:4 / num: 10 numLab:10
2026-08-08T06:46:30.677+09:00  INFO 14460 --- [CardCapture-back] [http-nio-8080-exec-10] jp.co.ea.cardcapture.model.TrumpDeck     : suit=4 / num=10 / card-c:410
2026-08-08T06:46:30.678+09:00  INFO 14460 --- [CardCapture-back] [http-nio-8080-exec-10] jp.co.ea.cardcapture.model.TrumpDeck     : createDeck; makeCard :code; 411 / suitLクラブ s:4 / num: 11 numLab:ジャック
2026-08-08T06:46:30.678+09:00  INFO 14460 --- [CardCapture-back] [http-nio-8080-exec-10] jp.co.ea.cardcapture.model.TrumpDeck     : suit=4 / num=11 / card-c:411
2026-08-08T06:46:30.678+09:00  INFO 14460 --- [CardCapture-back] [http-nio-8080-exec-10] jp.co.ea.cardcapture.model.TrumpDeck     : createDeck; makeCard :code; 412 / suitLクラブ s:4 / num: 12 numLab:クイーン
2026-08-08T06:46:30.678+09:00  INFO 14460 --- [CardCapture-back] [http-nio-8080-exec-10] jp.co.ea.cardcapture.model.TrumpDeck     : suit=4 / num=12 / card-c:412
2026-08-08T06:46:30.678+09:00  INFO 14460 --- [CardCapture-back] [http-nio-8080-exec-10] jp.co.ea.cardcapture.model.TrumpDeck     : createDeck; makeCard :code; 413 / suitLクラブ s:4 / num: 13 numLab:キング
2026-08-08T06:46:30.678+09:00  INFO 14460 --- [CardCapture-back] [http-nio-8080-exec-10] jp.co.ea.cardcapture.model.TrumpDeck     : suit=4 / num=13 / card-c:413
2026-08-08T06:46:30.678+09:00  INFO 14460 --- [CardCapture-back] [http-nio-8080-exec-10] jp.co.ea.cardcapture.model.TrumpDeck     : createDeck; makeCard :code; 414 / suitLクラブ s:4 / num: 14 numLab:エース
2026-08-08T06:46:30.678+09:00  INFO 14460 --- [CardCapture-back] [http-nio-8080-exec-10] jp.co.ea.cardcapture.model.TrumpDeck     : suit=4 / num=14 / card-c:414
2026-08-08T06:46:30.679+09:00  INFO 14460 --- [CardCapture-back] [http-nio-8080-exec-10] jp.co.ea.cardcapture.model.TrumpDeck     : createDeck; makeCard :code; 501 / suitLジョーカー s:5 / num: 1 numLab:1
2026-08-08T06:46:30.679+09:00  INFO 14460 --- [CardCapture-back] [http-nio-8080-exec-10] jp.co.ea.cardcapture.model.TrumpDeck     : createDeck; makeCard :code; 502 / suitLジョーカー s:5 / num: 2 numLab:2
2026-08-08T06:46:30.679+09:00  INFO 14460 --- [CardCapture-back] [http-nio-8080-exec-10] jp.co.ea.cardcapture.model.TrumpDeck     : createDeck; 終了
2026-08-08T06:46:30.680+09:00  INFO 14460 --- [CardCapture-back] [http-nio-8080-exec-10] j.c.e.c.service.CardCuptureInitService   : CardCuptureInitService; init 終了
2026-08-08T16:12:58.599+09:00  INFO 14460 --- [CardCapture-back] [http-nio-8080-exec-9] j.c.e.c.service.CardCuptureInitService   : CardCuptureInitService: init 開始
2026-08-08T16:12:58.605+09:00  INFO 14460 --- [CardCapture-back] [http-nio-8080-exec-9] jp.co.ea.cardcapture.model.TrumpDeck     : createDeck; 開始
2026-08-08T16:12:58.606+09:00  INFO 14460 --- [CardCapture-back] [http-nio-8080-exec-9] jp.co.ea.cardcapture.model.TrumpDeck     : createDeck; makeCard :code; 102 / suitLスペード s:1 / num: 2 numLab:2
2026-08-08T16:12:58.606+09:00  INFO 14460 --- [CardCapture-back] [http-nio-8080-exec-9] jp.co.ea.cardcapture.model.TrumpDeck     : suit=1 / num=2 / card-c:102
2026-08-08T16:12:58.606+09:00  INFO 14460 --- [CardCapture-back] [http-nio-8080-exec-9] jp.co.ea.cardcapture.model.TrumpDeck     : createDeck; makeCard :code; 103 / suitLスペード s:1 / num: 3 numLab:3
2026-08-08T16:12:58.606+09:00  INFO 14460 --- [CardCapture-back] [http-nio-8080-exec-9] jp.co.ea.cardcapture.model.TrumpDeck     : suit=1 / num=3 / card-c:103
2026-08-08T16:12:58.606+09:00  INFO 14460 --- [CardCapture-back] [http-nio-8080-exec-9] jp.co.ea.cardcapture.model.TrumpDeck     : createDeck; makeCard :code; 104 / suitLスペード s:1 / num: 4 numLab:4
2026-08-08T16:12:58.606+09:00  INFO 14460 --- [CardCapture-back] [http-nio-8080-exec-9] jp.co.ea.cardcapture.model.TrumpDeck     : suit=1 / num=4 / card-c:104
2026-08-08T16:12:58.606+09:00  INFO 14460 --- [CardCapture-back] [http-nio-8080-exec-9] jp.co.ea.cardcapture.model.TrumpDeck     : createDeck; makeCard :code; 105 / suitLスペード s:1 / num: 5 numLab:5
2026-08-08T16:12:58.608+09:00  INFO 14460 --- [CardCapture-back] [http-nio-8080-exec-9] jp.co.ea.cardcapture.model.TrumpDeck     : suit=1 / num=5 / card-c:105
2026-08-08T16:12:58.608+09:00  INFO 14460 --- [CardCapture-back] [http-nio-8080-exec-9] jp.co.ea.cardcapture.model.TrumpDeck     : createDeck; makeCard :code; 106 / suitLスペード s:1 / num: 6 numLab:6
2026-08-08T16:12:58.608+09:00  INFO 14460 --- [CardCapture-back] [http-nio-8080-exec-9] jp.co.ea.cardcapture.model.TrumpDeck     : suit=1 / num=6 / card-c:106
2026-08-08T16:12:58.608+09:00  INFO 14460 --- [CardCapture-back] [http-nio-8080-exec-9] jp.co.ea.cardcapture.model.TrumpDeck     : createDeck; makeCard :code; 107 / suitLスペード s:1 / num: 7 numLab:7
2026-08-08T16:12:58.608+09:00  INFO 14460 --- [CardCapture-back] [http-nio-8080-exec-9] jp.co.ea.cardcapture.model.TrumpDeck     : suit=1 / num=7 / card-c:107
2026-08-08T16:12:58.608+09:00  INFO 14460 --- [CardCapture-back] [http-nio-8080-exec-9] jp.co.ea.cardcapture.model.TrumpDeck     : createDeck; makeCard :code; 108 / suitLスペード s:1 / num: 8 numLab:8
2026-08-08T16:12:58.608+09:00  INFO 14460 --- [CardCapture-back] [http-nio-8080-exec-9] jp.co.ea.cardcapture.model.TrumpDeck     : suit=1 / num=8 / card-c:108
2026-08-08T16:12:58.608+09:00  INFO 14460 --- [CardCapture-back] [http-nio-8080-exec-9] jp.co.ea.cardcapture.model.TrumpDeck     : createDeck; makeCard :code; 109 / suitLスペード s:1 / num: 9 numLab:9
2026-08-08T16:12:58.609+09:00  INFO 14460 --- [CardCapture-back] [http-nio-8080-exec-9] jp.co.ea.cardcapture.model.TrumpDeck     : suit=1 / num=9 / card-c:109
2026-08-08T16:12:58.609+09:00  INFO 14460 --- [CardCapture-back] [http-nio-8080-exec-9] jp.co.ea.cardcapture.model.TrumpDeck     : createDeck; makeCard :code; 110 / suitLスペード s:1 / num: 10 numLab:10
2026-08-08T16:12:58.609+09:00  INFO 14460 --- [CardCapture-back] [http-nio-8080-exec-9] jp.co.ea.cardcapture.model.TrumpDeck     : suit=1 / num=10 / card-c:110
2026-08-08T16:12:58.609+09:00  INFO 14460 --- [CardCapture-back] [http-nio-8080-exec-9] jp.co.ea.cardcapture.model.TrumpDeck     : createDeck; makeCard :code; 111 / suitLスペード s:1 / num: 11 numLab:ジャック
2026-08-08T16:12:58.610+09:00  INFO 14460 --- [CardCapture-back] [http-nio-8080-exec-9] jp.co.ea.cardcapture.model.TrumpDeck     : suit=1 / num=11 / card-c:111
2026-08-08T16:12:58.610+09:00  INFO 14460 --- [CardCapture-back] [http-nio-8080-exec-9] jp.co.ea.cardcapture.model.TrumpDeck     : createDeck; makeCard :code; 112 / suitLスペード s:1 / num: 12 numLab:クイーン
2026-08-08T16:12:58.610+09:00  INFO 14460 --- [CardCapture-back] [http-nio-8080-exec-9] jp.co.ea.cardcapture.model.TrumpDeck     : suit=1 / num=12 / card-c:112
2026-08-08T16:12:58.610+09:00  INFO 14460 --- [CardCapture-back] [http-nio-8080-exec-9] jp.co.ea.cardcapture.model.TrumpDeck     : createDeck; makeCard :code; 113 / suitLスペード s:1 / num: 13 numLab:キング
2026-08-08T16:12:58.611+09:00  INFO 14460 --- [CardCapture-back] [http-nio-8080-exec-9] jp.co.ea.cardcapture.model.TrumpDeck     : suit=1 / num=13 / card-c:113
2026-08-08T16:12:58.611+09:00  INFO 14460 --- [CardCapture-back] [http-nio-8080-exec-9] jp.co.ea.cardcapture.model.TrumpDeck     : createDeck; makeCard :code; 114 / suitLスペード s:1 / num: 14 numLab:エース
2026-08-08T16:12:58.611+09:00  INFO 14460 --- [CardCapture-back] [http-nio-8080-exec-9] jp.co.ea.cardcapture.model.TrumpDeck     : suit=1 / num=14 / card-c:114
2026-08-08T16:12:58.611+09:00  INFO 14460 --- [CardCapture-back] [http-nio-8080-exec-9] jp.co.ea.cardcapture.model.TrumpDeck     : createDeck; makeCard :code; 202 / suitLハート s:2 / num: 2 numLab:2
2026-08-08T16:12:58.611+09:00  INFO 14460 --- [CardCapture-back] [http-nio-8080-exec-9] jp.co.ea.cardcapture.model.TrumpDeck     : suit=2 / num=2 / card-c:202
2026-08-08T16:12:58.611+09:00  INFO 14460 --- [CardCapture-back] [http-nio-8080-exec-9] jp.co.ea.cardcapture.model.TrumpDeck     : createDeck; makeCard :code; 203 / suitLハート s:2 / num: 3 numLab:3
2026-08-08T16:12:58.612+09:00  INFO 14460 --- [CardCapture-back] [http-nio-8080-exec-9] jp.co.ea.cardcapture.model.TrumpDeck     : suit=2 / num=3 / card-c:203
2026-08-08T16:12:58.612+09:00  INFO 14460 --- [CardCapture-back] [http-nio-8080-exec-9] jp.co.ea.cardcapture.model.TrumpDeck     : createDeck; makeCard :code; 204 / suitLハート s:2 / num: 4 numLab:4
2026-08-08T16:12:58.612+09:00  INFO 14460 --- [CardCapture-back] [http-nio-8080-exec-9] jp.co.ea.cardcapture.model.TrumpDeck     : suit=2 / num=4 / card-c:204
2026-08-08T16:12:58.613+09:00  INFO 14460 --- [CardCapture-back] [http-nio-8080-exec-9] jp.co.ea.cardcapture.model.TrumpDeck     : createDeck; makeCard :code; 205 / suitLハート s:2 / num: 5 numLab:5
2026-08-08T16:12:58.613+09:00  INFO 14460 --- [CardCapture-back] [http-nio-8080-exec-9] jp.co.ea.cardcapture.model.TrumpDeck     : suit=2 / num=5 / card-c:205
2026-08-08T16:12:58.613+09:00  INFO 14460 --- [CardCapture-back] [http-nio-8080-exec-9] jp.co.ea.cardcapture.model.TrumpDeck     : createDeck; makeCard :code; 206 / suitLハート s:2 / num: 6 numLab:6
2026-08-08T16:12:58.613+09:00  INFO 14460 --- [CardCapture-back] [http-nio-8080-exec-9] jp.co.ea.cardcapture.model.TrumpDeck     : suit=2 / num=6 / card-c:206
2026-08-08T16:12:58.613+09:00  INFO 14460 --- [CardCapture-back] [http-nio-8080-exec-9] jp.co.ea.cardcapture.model.TrumpDeck     : createDeck; makeCard :code; 207 / suitLハート s:2 / num: 7 numLab:7
2026-08-08T16:12:58.613+09:00  INFO 14460 --- [CardCapture-back] [http-nio-8080-exec-9] jp.co.ea.cardcapture.model.TrumpDeck     : suit=2 / num=7 / card-c:207
2026-08-08T16:12:58.614+09:00  INFO 14460 --- [CardCapture-back] [http-nio-8080-exec-9] jp.co.ea.cardcapture.model.TrumpDeck     : createDeck; makeCard :code; 208 / suitLハート s:2 / num: 8 numLab:8
2026-08-08T16:12:58.614+09:00  INFO 14460 --- [CardCapture-back] [http-nio-8080-exec-9] jp.co.ea.cardcapture.model.TrumpDeck     : suit=2 / num=8 / card-c:208
2026-08-08T16:12:58.614+09:00  INFO 14460 --- [CardCapture-back] [http-nio-8080-exec-9] jp.co.ea.cardcapture.model.TrumpDeck     : createDeck; makeCard :code; 209 / suitLハート s:2 / num: 9 numLab:9
2026-08-08T16:12:58.614+09:00  INFO 14460 --- [CardCapture-back] [http-nio-8080-exec-9] jp.co.ea.cardcapture.model.TrumpDeck     : suit=2 / num=9 / card-c:209
2026-08-08T16:12:58.614+09:00  INFO 14460 --- [CardCapture-back] [http-nio-8080-exec-9] jp.co.ea.cardcapture.model.TrumpDeck     : createDeck; makeCard :code; 210 / suitLハート s:2 / num: 10 numLab:10
2026-08-08T16:12:58.614+09:00  INFO 14460 --- [CardCapture-back] [http-nio-8080-exec-9] jp.co.ea.cardcapture.model.TrumpDeck     : suit=2 / num=10 / card-c:210
2026-08-08T16:12:58.615+09:00  INFO 14460 --- [CardCapture-back] [http-nio-8080-exec-9] jp.co.ea.cardcapture.model.TrumpDeck     : createDeck; makeCard :code; 211 / suitLハート s:2 / num: 11 numLab:ジャック
2026-08-08T16:12:58.615+09:00  INFO 14460 --- [CardCapture-back] [http-nio-8080-exec-9] jp.co.ea.cardcapture.model.TrumpDeck     : suit=2 / num=11 / card-c:211
2026-08-08T16:12:58.615+09:00  INFO 14460 --- [CardCapture-back] [http-nio-8080-exec-9] jp.co.ea.cardcapture.model.TrumpDeck     : createDeck; makeCard :code; 212 / suitLハート s:2 / num: 12 numLab:クイーン
2026-08-08T16:12:58.615+09:00  INFO 14460 --- [CardCapture-back] [http-nio-8080-exec-9] jp.co.ea.cardcapture.model.TrumpDeck     : suit=2 / num=12 / card-c:212
2026-08-08T16:12:58.616+09:00  INFO 14460 --- [CardCapture-back] [http-nio-8080-exec-9] jp.co.ea.cardcapture.model.TrumpDeck     : createDeck; makeCard :code; 213 / suitLハート s:2 / num: 13 numLab:キング
2026-08-08T16:12:58.616+09:00  INFO 14460 --- [CardCapture-back] [http-nio-8080-exec-9] jp.co.ea.cardcapture.model.TrumpDeck     : suit=2 / num=13 / card-c:213
2026-08-08T16:12:58.616+09:00  INFO 14460 --- [CardCapture-back] [http-nio-8080-exec-9] jp.co.ea.cardcapture.model.TrumpDeck     : createDeck; makeCard :code; 214 / suitLハート s:2 / num: 14 numLab:エース
2026-08-08T16:12:58.616+09:00  INFO 14460 --- [CardCapture-back] [http-nio-8080-exec-9] jp.co.ea.cardcapture.model.TrumpDeck     : suit=2 / num=14 / card-c:214
2026-08-08T16:12:58.616+09:00  INFO 14460 --- [CardCapture-back] [http-nio-8080-exec-9] jp.co.ea.cardcapture.model.TrumpDeck     : createDeck; makeCard :code; 302 / suitLダイヤ s:3 / num: 2 numLab:2
2026-08-08T16:12:58.616+09:00  INFO 14460 --- [CardCapture-back] [http-nio-8080-exec-9] jp.co.ea.cardcapture.model.TrumpDeck     : suit=3 / num=2 / card-c:302
2026-08-08T16:12:58.616+09:00  INFO 14460 --- [CardCapture-back] [http-nio-8080-exec-9] jp.co.ea.cardcapture.model.TrumpDeck     : createDeck; makeCard :code; 303 / suitLダイヤ s:3 / num: 3 numLab:3
2026-08-08T16:12:58.617+09:00  INFO 14460 --- [CardCapture-back] [http-nio-8080-exec-9] jp.co.ea.cardcapture.model.TrumpDeck     : suit=3 / num=3 / card-c:303
2026-08-08T16:12:58.617+09:00  INFO 14460 --- [CardCapture-back] [http-nio-8080-exec-9] jp.co.ea.cardcapture.model.TrumpDeck     : createDeck; makeCard :code; 304 / suitLダイヤ s:3 / num: 4 numLab:4
2026-08-08T16:12:58.618+09:00  INFO 14460 --- [CardCapture-back] [http-nio-8080-exec-9] jp.co.ea.cardcapture.model.TrumpDeck     : suit=3 / num=4 / card-c:304
2026-08-08T16:12:58.618+09:00  INFO 14460 --- [CardCapture-back] [http-nio-8080-exec-9] jp.co.ea.cardcapture.model.TrumpDeck     : createDeck; makeCard :code; 305 / suitLダイヤ s:3 / num: 5 numLab:5
2026-08-08T16:12:58.619+09:00  INFO 14460 --- [CardCapture-back] [http-nio-8080-exec-9] jp.co.ea.cardcapture.model.TrumpDeck     : suit=3 / num=5 / card-c:305
2026-08-08T16:12:58.620+09:00  INFO 14460 --- [CardCapture-back] [http-nio-8080-exec-9] jp.co.ea.cardcapture.model.TrumpDeck     : createDeck; makeCard :code; 306 / suitLダイヤ s:3 / num: 6 numLab:6
2026-08-08T16:12:58.621+09:00  INFO 14460 --- [CardCapture-back] [http-nio-8080-exec-9] jp.co.ea.cardcapture.model.TrumpDeck     : suit=3 / num=6 / card-c:306
2026-08-08T16:12:58.621+09:00  INFO 14460 --- [CardCapture-back] [http-nio-8080-exec-9] jp.co.ea.cardcapture.model.TrumpDeck     : createDeck; makeCard :code; 307 / suitLダイヤ s:3 / num: 7 numLab:7
2026-08-08T16:12:58.621+09:00  INFO 14460 --- [CardCapture-back] [http-nio-8080-exec-9] jp.co.ea.cardcapture.model.TrumpDeck     : suit=3 / num=7 / card-c:307
2026-08-08T16:12:58.621+09:00  INFO 14460 --- [CardCapture-back] [http-nio-8080-exec-9] jp.co.ea.cardcapture.model.TrumpDeck     : createDeck; makeCard :code; 308 / suitLダイヤ s:3 / num: 8 numLab:8
2026-08-08T16:12:58.622+09:00  INFO 14460 --- [CardCapture-back] [http-nio-8080-exec-9] jp.co.ea.cardcapture.model.TrumpDeck     : suit=3 / num=8 / card-c:308
2026-08-08T16:12:58.622+09:00  INFO 14460 --- [CardCapture-back] [http-nio-8080-exec-9] jp.co.ea.cardcapture.model.TrumpDeck     : createDeck; makeCard :code; 309 / suitLダイヤ s:3 / num: 9 numLab:9
2026-08-08T16:12:58.622+09:00  INFO 14460 --- [CardCapture-back] [http-nio-8080-exec-9] jp.co.ea.cardcapture.model.TrumpDeck     : suit=3 / num=9 / card-c:309
2026-08-08T16:12:58.623+09:00  INFO 14460 --- [CardCapture-back] [http-nio-8080-exec-9] jp.co.ea.cardcapture.model.TrumpDeck     : createDeck; makeCard :code; 310 / suitLダイヤ s:3 / num: 10 numLab:10
2026-08-08T16:12:58.623+09:00  INFO 14460 --- [CardCapture-back] [http-nio-8080-exec-9] jp.co.ea.cardcapture.model.TrumpDeck     : suit=3 / num=10 / card-c:310
2026-08-08T16:12:58.623+09:00  INFO 14460 --- [CardCapture-back] [http-nio-8080-exec-9] jp.co.ea.cardcapture.model.TrumpDeck     : createDeck; makeCard :code; 311 / suitLダイヤ s:3 / num: 11 numLab:ジャック
2026-08-08T16:12:58.623+09:00  INFO 14460 --- [CardCapture-back] [http-nio-8080-exec-9] jp.co.ea.cardcapture.model.TrumpDeck     : suit=3 / num=11 / card-c:311
2026-08-08T16:12:58.623+09:00  INFO 14460 --- [CardCapture-back] [http-nio-8080-exec-9] jp.co.ea.cardcapture.model.TrumpDeck     : createDeck; makeCard :code; 312 / suitLダイヤ s:3 / num: 12 numLab:クイーン
2026-08-08T16:12:58.623+09:00  INFO 14460 --- [CardCapture-back] [http-nio-8080-exec-9] jp.co.ea.cardcapture.model.TrumpDeck     : suit=3 / num=12 / card-c:312
2026-08-08T16:12:58.623+09:00  INFO 14460 --- [CardCapture-back] [http-nio-8080-exec-9] jp.co.ea.cardcapture.model.TrumpDeck     : createDeck; makeCard :code; 313 / suitLダイヤ s:3 / num: 13 numLab:キング
2026-08-08T16:12:58.625+09:00  INFO 14460 --- [CardCapture-back] [http-nio-8080-exec-9] jp.co.ea.cardcapture.model.TrumpDeck     : suit=3 / num=13 / card-c:313
2026-08-08T16:12:58.625+09:00  INFO 14460 --- [CardCapture-back] [http-nio-8080-exec-9] jp.co.ea.cardcapture.model.TrumpDeck     : createDeck; makeCard :code; 314 / suitLダイヤ s:3 / num: 14 numLab:エース
2026-08-08T16:12:58.625+09:00  INFO 14460 --- [CardCapture-back] [http-nio-8080-exec-9] jp.co.ea.cardcapture.model.TrumpDeck     : suit=3 / num=14 / card-c:314
2026-08-08T16:12:58.625+09:00  INFO 14460 --- [CardCapture-back] [http-nio-8080-exec-9] jp.co.ea.cardcapture.model.TrumpDeck     : createDeck; makeCard :code; 402 / suitLクラブ s:4 / num: 2 numLab:2
2026-08-08T16:12:58.626+09:00  INFO 14460 --- [CardCapture-back] [http-nio-8080-exec-9] jp.co.ea.cardcapture.model.TrumpDeck     : suit=4 / num=2 / card-c:402
2026-08-08T16:12:58.626+09:00  INFO 14460 --- [CardCapture-back] [http-nio-8080-exec-9] jp.co.ea.cardcapture.model.TrumpDeck     : createDeck; makeCard :code; 403 / suitLクラブ s:4 / num: 3 numLab:3
2026-08-08T16:12:58.627+09:00  INFO 14460 --- [CardCapture-back] [http-nio-8080-exec-9] jp.co.ea.cardcapture.model.TrumpDeck     : suit=4 / num=3 / card-c:403
2026-08-08T16:12:58.627+09:00  INFO 14460 --- [CardCapture-back] [http-nio-8080-exec-9] jp.co.ea.cardcapture.model.TrumpDeck     : createDeck; makeCard :code; 404 / suitLクラブ s:4 / num: 4 numLab:4
2026-08-08T16:12:58.627+09:00  INFO 14460 --- [CardCapture-back] [http-nio-8080-exec-9] jp.co.ea.cardcapture.model.TrumpDeck     : suit=4 / num=4 / card-c:404
2026-08-08T16:12:58.627+09:00  INFO 14460 --- [CardCapture-back] [http-nio-8080-exec-9] jp.co.ea.cardcapture.model.TrumpDeck     : createDeck; makeCard :code; 405 / suitLクラブ s:4 / num: 5 numLab:5
2026-08-08T16:12:58.628+09:00  INFO 14460 --- [CardCapture-back] [http-nio-8080-exec-9] jp.co.ea.cardcapture.model.TrumpDeck     : suit=4 / num=5 / card-c:405
2026-08-08T16:12:58.628+09:00  INFO 14460 --- [CardCapture-back] [http-nio-8080-exec-9] jp.co.ea.cardcapture.model.TrumpDeck     : createDeck; makeCard :code; 406 / suitLクラブ s:4 / num: 6 numLab:6
2026-08-08T16:12:58.628+09:00  INFO 14460 --- [CardCapture-back] [http-nio-8080-exec-9] jp.co.ea.cardcapture.model.TrumpDeck     : suit=4 / num=6 / card-c:406
2026-08-08T16:12:58.628+09:00  INFO 14460 --- [CardCapture-back] [http-nio-8080-exec-9] jp.co.ea.cardcapture.model.TrumpDeck     : createDeck; makeCard :code; 407 / suitLクラブ s:4 / num: 7 numLab:7
2026-08-08T16:12:58.629+09:00  INFO 14460 --- [CardCapture-back] [http-nio-8080-exec-9] jp.co.ea.cardcapture.model.TrumpDeck     : suit=4 / num=7 / card-c:407
2026-08-08T16:12:58.629+09:00  INFO 14460 --- [CardCapture-back] [http-nio-8080-exec-9] jp.co.ea.cardcapture.model.TrumpDeck     : createDeck; makeCard :code; 408 / suitLクラブ s:4 / num: 8 numLab:8
2026-08-08T16:12:58.629+09:00  INFO 14460 --- [CardCapture-back] [http-nio-8080-exec-9] jp.co.ea.cardcapture.model.TrumpDeck     : suit=4 / num=8 / card-c:408
2026-08-08T16:12:58.629+09:00  INFO 14460 --- [CardCapture-back] [http-nio-8080-exec-9] jp.co.ea.cardcapture.model.TrumpDeck     : createDeck; makeCard :code; 409 / suitLクラブ s:4 / num: 9 numLab:9
2026-08-08T16:12:58.629+09:00  INFO 14460 --- [CardCapture-back] [http-nio-8080-exec-9] jp.co.ea.cardcapture.model.TrumpDeck     : suit=4 / num=9 / card-c:409
2026-08-08T16:12:58.629+09:00  INFO 14460 --- [CardCapture-back] [http-nio-8080-exec-9] jp.co.ea.cardcapture.model.TrumpDeck     : createDeck; makeCard :code; 410 / suitLクラブ s:4 / num: 10 numLab:10
2026-08-08T16:12:58.629+09:00  INFO 14460 --- [CardCapture-back] [http-nio-8080-exec-9] jp.co.ea.cardcapture.model.TrumpDeck     : suit=4 / num=10 / card-c:410
2026-08-08T16:12:58.630+09:00  INFO 14460 --- [CardCapture-back] [http-nio-8080-exec-9] jp.co.ea.cardcapture.model.TrumpDeck     : createDeck; makeCard :code; 411 / suitLクラブ s:4 / num: 11 numLab:ジャック
2026-08-08T16:12:58.630+09:00  INFO 14460 --- [CardCapture-back] [http-nio-8080-exec-9] jp.co.ea.cardcapture.model.TrumpDeck     : suit=4 / num=11 / card-c:411
2026-08-08T16:12:58.630+09:00  INFO 14460 --- [CardCapture-back] [http-nio-8080-exec-9] jp.co.ea.cardcapture.model.TrumpDeck     : createDeck; makeCard :code; 412 / suitLクラブ s:4 / num: 12 numLab:クイーン
2026-08-08T16:12:58.630+09:00  INFO 14460 --- [CardCapture-back] [http-nio-8080-exec-9] jp.co.ea.cardcapture.model.TrumpDeck     : suit=4 / num=12 / card-c:412
2026-08-08T16:12:58.630+09:00  INFO 14460 --- [CardCapture-back] [http-nio-8080-exec-9] jp.co.ea.cardcapture.model.TrumpDeck     : createDeck; makeCard :code; 413 / suitLクラブ s:4 / num: 13 numLab:キング
2026-08-08T16:12:58.630+09:00  INFO 14460 --- [CardCapture-back] [http-nio-8080-exec-9] jp.co.ea.cardcapture.model.TrumpDeck     : suit=4 / num=13 / card-c:413
2026-08-08T16:12:58.630+09:00  INFO 14460 --- [CardCapture-back] [http-nio-8080-exec-9] jp.co.ea.cardcapture.model.TrumpDeck     : createDeck; makeCard :code; 414 / suitLクラブ s:4 / num: 14 numLab:エース
2026-08-08T16:12:58.631+09:00  INFO 14460 --- [CardCapture-back] [http-nio-8080-exec-9] jp.co.ea.cardcapture.model.TrumpDeck     : suit=4 / num=14 / card-c:414
2026-08-08T16:12:58.631+09:00  INFO 14460 --- [CardCapture-back] [http-nio-8080-exec-9] jp.co.ea.cardcapture.model.TrumpDeck     : createDeck; makeCard :code; 501 / suitLジョーカー s:5 / num: 1 numLab:1
2026-08-08T16:12:58.631+09:00  INFO 14460 --- [CardCapture-back] [http-nio-8080-exec-9] jp.co.ea.cardcapture.model.TrumpDeck     : createDeck; makeCard :code; 502 / suitLジョーカー s:5 / num: 2 numLab:2
2026-08-08T16:12:58.631+09:00  INFO 14460 --- [CardCapture-back] [http-nio-8080-exec-9] jp.co.ea.cardcapture.model.TrumpDeck     : createDeck; 終了
2026-08-08T16:12:58.631+09:00  INFO 14460 --- [CardCapture-back] [http-nio-8080-exec-9] j.c.e.c.service.CardCuptureInitService   : CardCuptureInitService; init 終了
