2026-08-09T16:01:38.285+09:00  INFO 14460 --- [CardCapture-back] [File Watcher] rtingClassPathChangeChangedEventListener : Restarting due to 1 class path change (1 addition, 0 deletions, 0 modifications)
2026-08-09T16:01:38.623+09:00  INFO 14460 --- [CardCapture-back] [Thread-1] o.s.boot.tomcat.GracefulShutdown         : Commencing graceful shutdown. Waiting for active requests to complete
2026-08-09T16:01:38.768+09:00  INFO 14460 --- [CardCapture-back] [tomcat-shutdown] o.s.boot.tomcat.GracefulShutdown         : Graceful shutdown complete
2026-08-09T16:01:39.609+09:00  INFO 14460 --- [CardCapture-back] [restartedMain] j.c.e.c.CardCaptureBackApplication       : Starting CardCaptureBackApplication using Java 21.0.9 with PID 14460 (C:\kino-work\SpringBoot\CardCapture-back\bin\main started by NPC-61 in C:\kino-work\SpringBoot\CardCapture-back)
2026-08-09T16:01:39.610+09:00  INFO 14460 --- [CardCapture-back] [restartedMain] j.c.e.c.CardCaptureBackApplication       : No active profile set, falling back to 1 default profile: "default"
2026-08-09T16:01:41.175+09:00  INFO 14460 --- [CardCapture-back] [restartedMain] o.s.boot.tomcat.TomcatWebServer          : Tomcat initialized with port 8080 (http)
2026-08-09T16:01:41.181+09:00  INFO 14460 --- [CardCapture-back] [restartedMain] o.apache.catalina.core.StandardService   : Starting service [Tomcat]
2026-08-09T16:01:41.183+09:00  INFO 14460 --- [CardCapture-back] [restartedMain] o.apache.catalina.core.StandardEngine    : Starting Servlet engine: [Apache Tomcat/11.0.22]
2026-08-09T16:01:41.247+09:00  INFO 14460 --- [CardCapture-back] [restartedMain] b.w.c.s.WebApplicationContextInitializer : Root WebApplicationContext: initialization completed in 1503 ms
2026-08-09T16:01:41.490+09:00  INFO 14460 --- [CardCapture-back] [restartedMain] o.s.v.b.OptionalValidatorFactoryBean     : Failed to set up a Bean Validation provider: jakarta.validation.NoProviderFoundException: Unable to create a Configuration, because no Jakarta Validation provider could be found. Add a provider like Hibernate Validator (RI) to your classpath.
2026-08-09T16:01:41.801+09:00  INFO 14460 --- [CardCapture-back] [restartedMain] o.s.boot.tomcat.TomcatWebServer          : Tomcat started on port 8080 (http) with context path '/'
2026-08-09T16:01:41.812+09:00  INFO 14460 --- [CardCapture-back] [restartedMain] j.c.e.c.CardCaptureBackApplication       : Started CardCaptureBackApplication in 2.363 seconds (process running for 119819.854)
2026-08-09T16:01:41.817+09:00  INFO 14460 --- [CardCapture-back] [restartedMain] .ConditionEvaluationDeltaLoggingListener : Condition evaluation unchanged
2026-08-09T16:01:51.940+09:00  INFO 14460 --- [CardCapture-back] [http-nio-8080-exec-1] o.a.c.c.C.[Tomcat].[localhost].[/]       : Initializing Spring DispatcherServlet 'dispatcherServlet'
2026-08-09T16:01:51.941+09:00  INFO 14460 --- [CardCapture-back] [http-nio-8080-exec-1] o.s.web.servlet.DispatcherServlet        : Initializing Servlet 'dispatcherServlet'
2026-08-09T16:01:51.944+09:00  INFO 14460 --- [CardCapture-back] [http-nio-8080-exec-1] o.s.web.servlet.DispatcherServlet        : Completed initialization in 2 ms
2026-08-09T16:01:52.533+09:00  INFO 14460 --- [CardCapture-back] [http-nio-8080-exec-2] o.springdoc.api.AbstractOpenApiResource  : Init duration for springdoc-openapi is: 340 ms
2026-08-09T16:01:56.447+09:00  INFO 14460 --- [CardCapture-back] [http-nio-8080-exec-3] j.c.e.c.service.CardCuptureInitService   : CardCuptureInitService: init 開始
2026-08-09T16:01:56.454+09:00  INFO 14460 --- [CardCapture-back] [http-nio-8080-exec-3] jp.co.ea.cardcapture.model.TrumpDeck     : createDeck; 開始
2026-08-09T16:01:56.474+09:00  INFO 14460 --- [CardCapture-back] [http-nio-8080-exec-3] jp.co.ea.cardcapture.model.TrumpDeck     : createDeck; makeCard :code; 102 / suitLスペード s:1 / num: 2 numLab:2
2026-08-09T16:01:56.479+09:00  INFO 14460 --- [CardCapture-back] [http-nio-8080-exec-3] jp.co.ea.cardcapture.model.TrumpDeck     : suit=1 / num=2 / card-c:102
2026-08-09T16:01:56.480+09:00  INFO 14460 --- [CardCapture-back] [http-nio-8080-exec-3] jp.co.ea.cardcapture.model.TrumpDeck     : createDeck; makeCard :code; 103 / suitLスペード s:1 / num: 3 numLab:3
2026-08-09T16:01:56.483+09:00  INFO 14460 --- [CardCapture-back] [http-nio-8080-exec-3] jp.co.ea.cardcapture.model.TrumpDeck     : suit=1 / num=3 / card-c:103
2026-08-09T16:01:56.485+09:00  INFO 14460 --- [CardCapture-back] [http-nio-8080-exec-3] jp.co.ea.cardcapture.model.TrumpDeck     : createDeck; makeCard :code; 104 / suitLスペード s:1 / num: 4 numLab:4
2026-08-09T16:01:56.486+09:00  INFO 14460 --- [CardCapture-back] [http-nio-8080-exec-3] jp.co.ea.cardcapture.model.TrumpDeck     : suit=1 / num=4 / card-c:104
2026-08-09T16:01:56.487+09:00  INFO 14460 --- [CardCapture-back] [http-nio-8080-exec-3] jp.co.ea.cardcapture.model.TrumpDeck     : createDeck; makeCard :code; 105 / suitLスペード s:1 / num: 5 numLab:5
2026-08-09T16:01:56.487+09:00  INFO 14460 --- [CardCapture-back] [http-nio-8080-exec-3] jp.co.ea.cardcapture.model.TrumpDeck     : suit=1 / num=5 / card-c:105
2026-08-09T16:01:56.487+09:00  INFO 14460 --- [CardCapture-back] [http-nio-8080-exec-3] jp.co.ea.cardcapture.model.TrumpDeck     : createDeck; makeCard :code; 106 / suitLスペード s:1 / num: 6 numLab:6
2026-08-09T16:01:56.488+09:00  INFO 14460 --- [CardCapture-back] [http-nio-8080-exec-3] jp.co.ea.cardcapture.model.TrumpDeck     : suit=1 / num=6 / card-c:106
2026-08-09T16:01:56.488+09:00  INFO 14460 --- [CardCapture-back] [http-nio-8080-exec-3] jp.co.ea.cardcapture.model.TrumpDeck     : createDeck; makeCard :code; 107 / suitLスペード s:1 / num: 7 numLab:7
2026-08-09T16:01:56.488+09:00  INFO 14460 --- [CardCapture-back] [http-nio-8080-exec-3] jp.co.ea.cardcapture.model.TrumpDeck     : suit=1 / num=7 / card-c:107
2026-08-09T16:01:56.489+09:00  INFO 14460 --- [CardCapture-back] [http-nio-8080-exec-3] jp.co.ea.cardcapture.model.TrumpDeck     : createDeck; makeCard :code; 108 / suitLスペード s:1 / num: 8 numLab:8
2026-08-09T16:01:56.490+09:00  INFO 14460 --- [CardCapture-back] [http-nio-8080-exec-3] jp.co.ea.cardcapture.model.TrumpDeck     : suit=1 / num=8 / card-c:108
2026-08-09T16:01:56.490+09:00  INFO 14460 --- [CardCapture-back] [http-nio-8080-exec-3] jp.co.ea.cardcapture.model.TrumpDeck     : createDeck; makeCard :code; 109 / suitLスペード s:1 / num: 9 numLab:9
2026-08-09T16:01:56.490+09:00  INFO 14460 --- [CardCapture-back] [http-nio-8080-exec-3] jp.co.ea.cardcapture.model.TrumpDeck     : suit=1 / num=9 / card-c:109
2026-08-09T16:01:56.491+09:00  INFO 14460 --- [CardCapture-back] [http-nio-8080-exec-3] jp.co.ea.cardcapture.model.TrumpDeck     : createDeck; makeCard :code; 110 / suitLスペード s:1 / num: 10 numLab:10
2026-08-09T16:01:56.491+09:00  INFO 14460 --- [CardCapture-back] [http-nio-8080-exec-3] jp.co.ea.cardcapture.model.TrumpDeck     : suit=1 / num=10 / card-c:110
2026-08-09T16:01:56.491+09:00  INFO 14460 --- [CardCapture-back] [http-nio-8080-exec-3] jp.co.ea.cardcapture.model.TrumpDeck     : createDeck; makeCard :code; 111 / suitLスペード s:1 / num: 11 numLab:ジャック
2026-08-09T16:01:56.492+09:00  INFO 14460 --- [CardCapture-back] [http-nio-8080-exec-3] jp.co.ea.cardcapture.model.TrumpDeck     : suit=1 / num=11 / card-c:111
2026-08-09T16:01:56.492+09:00  INFO 14460 --- [CardCapture-back] [http-nio-8080-exec-3] jp.co.ea.cardcapture.model.TrumpDeck     : createDeck; makeCard :code; 112 / suitLスペード s:1 / num: 12 numLab:クイーン
2026-08-09T16:01:56.492+09:00  INFO 14460 --- [CardCapture-back] [http-nio-8080-exec-3] jp.co.ea.cardcapture.model.TrumpDeck     : suit=1 / num=12 / card-c:112
2026-08-09T16:01:56.493+09:00  INFO 14460 --- [CardCapture-back] [http-nio-8080-exec-3] jp.co.ea.cardcapture.model.TrumpDeck     : createDeck; makeCard :code; 113 / suitLスペード s:1 / num: 13 numLab:キング
2026-08-09T16:01:56.494+09:00  INFO 14460 --- [CardCapture-back] [http-nio-8080-exec-3] jp.co.ea.cardcapture.model.TrumpDeck     : suit=1 / num=13 / card-c:113
2026-08-09T16:01:56.494+09:00  INFO 14460 --- [CardCapture-back] [http-nio-8080-exec-3] jp.co.ea.cardcapture.model.TrumpDeck     : createDeck; makeCard :code; 114 / suitLスペード s:1 / num: 14 numLab:エース
2026-08-09T16:01:56.495+09:00  INFO 14460 --- [CardCapture-back] [http-nio-8080-exec-3] jp.co.ea.cardcapture.model.TrumpDeck     : suit=1 / num=14 / card-c:114
2026-08-09T16:01:56.495+09:00  INFO 14460 --- [CardCapture-back] [http-nio-8080-exec-3] jp.co.ea.cardcapture.model.TrumpDeck     : createDeck; makeCard :code; 202 / suitLハート s:2 / num: 2 numLab:2
2026-08-09T16:01:56.495+09:00  INFO 14460 --- [CardCapture-back] [http-nio-8080-exec-3] jp.co.ea.cardcapture.model.TrumpDeck     : suit=2 / num=2 / card-c:202
2026-08-09T16:01:56.496+09:00  INFO 14460 --- [CardCapture-back] [http-nio-8080-exec-3] jp.co.ea.cardcapture.model.TrumpDeck     : createDeck; makeCard :code; 203 / suitLハート s:2 / num: 3 numLab:3
2026-08-09T16:01:56.498+09:00  INFO 14460 --- [CardCapture-back] [http-nio-8080-exec-3] jp.co.ea.cardcapture.model.TrumpDeck     : suit=2 / num=3 / card-c:203
2026-08-09T16:01:56.499+09:00  INFO 14460 --- [CardCapture-back] [http-nio-8080-exec-3] jp.co.ea.cardcapture.model.TrumpDeck     : createDeck; makeCard :code; 204 / suitLハート s:2 / num: 4 numLab:4
2026-08-09T16:01:56.499+09:00  INFO 14460 --- [CardCapture-back] [http-nio-8080-exec-3] jp.co.ea.cardcapture.model.TrumpDeck     : suit=2 / num=4 / card-c:204
2026-08-09T16:01:56.500+09:00  INFO 14460 --- [CardCapture-back] [http-nio-8080-exec-3] jp.co.ea.cardcapture.model.TrumpDeck     : createDeck; makeCard :code; 205 / suitLハート s:2 / num: 5 numLab:5
2026-08-09T16:01:56.500+09:00  INFO 14460 --- [CardCapture-back] [http-nio-8080-exec-3] jp.co.ea.cardcapture.model.TrumpDeck     : suit=2 / num=5 / card-c:205
2026-08-09T16:01:56.500+09:00  INFO 14460 --- [CardCapture-back] [http-nio-8080-exec-3] jp.co.ea.cardcapture.model.TrumpDeck     : createDeck; makeCard :code; 206 / suitLハート s:2 / num: 6 numLab:6
2026-08-09T16:01:56.501+09:00  INFO 14460 --- [CardCapture-back] [http-nio-8080-exec-3] jp.co.ea.cardcapture.model.TrumpDeck     : suit=2 / num=6 / card-c:206
2026-08-09T16:01:56.501+09:00  INFO 14460 --- [CardCapture-back] [http-nio-8080-exec-3] jp.co.ea.cardcapture.model.TrumpDeck     : createDeck; makeCard :code; 207 / suitLハート s:2 / num: 7 numLab:7
2026-08-09T16:01:56.502+09:00  INFO 14460 --- [CardCapture-back] [http-nio-8080-exec-3] jp.co.ea.cardcapture.model.TrumpDeck     : suit=2 / num=7 / card-c:207
2026-08-09T16:01:56.502+09:00  INFO 14460 --- [CardCapture-back] [http-nio-8080-exec-3] jp.co.ea.cardcapture.model.TrumpDeck     : createDeck; makeCard :code; 208 / suitLハート s:2 / num: 8 numLab:8
2026-08-09T16:01:56.502+09:00  INFO 14460 --- [CardCapture-back] [http-nio-8080-exec-3] jp.co.ea.cardcapture.model.TrumpDeck     : suit=2 / num=8 / card-c:208
2026-08-09T16:01:56.503+09:00  INFO 14460 --- [CardCapture-back] [http-nio-8080-exec-3] jp.co.ea.cardcapture.model.TrumpDeck     : createDeck; makeCard :code; 209 / suitLハート s:2 / num: 9 numLab:9
2026-08-09T16:01:56.503+09:00  INFO 14460 --- [CardCapture-back] [http-nio-8080-exec-3] jp.co.ea.cardcapture.model.TrumpDeck     : suit=2 / num=9 / card-c:209
2026-08-09T16:01:56.503+09:00  INFO 14460 --- [CardCapture-back] [http-nio-8080-exec-3] jp.co.ea.cardcapture.model.TrumpDeck     : createDeck; makeCard :code; 210 / suitLハート s:2 / num: 10 numLab:10
2026-08-09T16:01:56.503+09:00  INFO 14460 --- [CardCapture-back] [http-nio-8080-exec-3] jp.co.ea.cardcapture.model.TrumpDeck     : suit=2 / num=10 / card-c:210
2026-08-09T16:01:56.503+09:00  INFO 14460 --- [CardCapture-back] [http-nio-8080-exec-3] jp.co.ea.cardcapture.model.TrumpDeck     : createDeck; makeCard :code; 211 / suitLハート s:2 / num: 11 numLab:ジャック
2026-08-09T16:01:56.503+09:00  INFO 14460 --- [CardCapture-back] [http-nio-8080-exec-3] jp.co.ea.cardcapture.model.TrumpDeck     : suit=2 / num=11 / card-c:211
2026-08-09T16:01:56.503+09:00  INFO 14460 --- [CardCapture-back] [http-nio-8080-exec-3] jp.co.ea.cardcapture.model.TrumpDeck     : createDeck; makeCard :code; 212 / suitLハート s:2 / num: 12 numLab:クイーン
2026-08-09T16:01:56.504+09:00  INFO 14460 --- [CardCapture-back] [http-nio-8080-exec-3] jp.co.ea.cardcapture.model.TrumpDeck     : suit=2 / num=12 / card-c:212
2026-08-09T16:01:56.504+09:00  INFO 14460 --- [CardCapture-back] [http-nio-8080-exec-3] jp.co.ea.cardcapture.model.TrumpDeck     : createDeck; makeCard :code; 213 / suitLハート s:2 / num: 13 numLab:キング
2026-08-09T16:01:56.504+09:00  INFO 14460 --- [CardCapture-back] [http-nio-8080-exec-3] jp.co.ea.cardcapture.model.TrumpDeck     : suit=2 / num=13 / card-c:213
2026-08-09T16:01:56.504+09:00  INFO 14460 --- [CardCapture-back] [http-nio-8080-exec-3] jp.co.ea.cardcapture.model.TrumpDeck     : createDeck; makeCard :code; 214 / suitLハート s:2 / num: 14 numLab:エース
2026-08-09T16:01:56.504+09:00  INFO 14460 --- [CardCapture-back] [http-nio-8080-exec-3] jp.co.ea.cardcapture.model.TrumpDeck     : suit=2 / num=14 / card-c:214
2026-08-09T16:01:56.505+09:00  INFO 14460 --- [CardCapture-back] [http-nio-8080-exec-3] jp.co.ea.cardcapture.model.TrumpDeck     : createDeck; makeCard :code; 302 / suitLダイヤ s:3 / num: 2 numLab:2
2026-08-09T16:01:56.505+09:00  INFO 14460 --- [CardCapture-back] [http-nio-8080-exec-3] jp.co.ea.cardcapture.model.TrumpDeck     : suit=3 / num=2 / card-c:302
2026-08-09T16:01:56.505+09:00  INFO 14460 --- [CardCapture-back] [http-nio-8080-exec-3] jp.co.ea.cardcapture.model.TrumpDeck     : createDeck; makeCard :code; 303 / suitLダイヤ s:3 / num: 3 numLab:3
2026-08-09T16:01:56.505+09:00  INFO 14460 --- [CardCapture-back] [http-nio-8080-exec-3] jp.co.ea.cardcapture.model.TrumpDeck     : suit=3 / num=3 / card-c:303
2026-08-09T16:01:56.505+09:00  INFO 14460 --- [CardCapture-back] [http-nio-8080-exec-3] jp.co.ea.cardcapture.model.TrumpDeck     : createDeck; makeCard :code; 304 / suitLダイヤ s:3 / num: 4 numLab:4
2026-08-09T16:01:56.505+09:00  INFO 14460 --- [CardCapture-back] [http-nio-8080-exec-3] jp.co.ea.cardcapture.model.TrumpDeck     : suit=3 / num=4 / card-c:304
2026-08-09T16:01:56.505+09:00  INFO 14460 --- [CardCapture-back] [http-nio-8080-exec-3] jp.co.ea.cardcapture.model.TrumpDeck     : createDeck; makeCard :code; 305 / suitLダイヤ s:3 / num: 5 numLab:5
2026-08-09T16:01:56.505+09:00  INFO 14460 --- [CardCapture-back] [http-nio-8080-exec-3] jp.co.ea.cardcapture.model.TrumpDeck     : suit=3 / num=5 / card-c:305
2026-08-09T16:01:56.505+09:00  INFO 14460 --- [CardCapture-back] [http-nio-8080-exec-3] jp.co.ea.cardcapture.model.TrumpDeck     : createDeck; makeCard :code; 306 / suitLダイヤ s:3 / num: 6 numLab:6
2026-08-09T16:01:56.506+09:00  INFO 14460 --- [CardCapture-back] [http-nio-8080-exec-3] jp.co.ea.cardcapture.model.TrumpDeck     : suit=3 / num=6 / card-c:306
2026-08-09T16:01:56.506+09:00  INFO 14460 --- [CardCapture-back] [http-nio-8080-exec-3] jp.co.ea.cardcapture.model.TrumpDeck     : createDeck; makeCard :code; 307 / suitLダイヤ s:3 / num: 7 numLab:7
2026-08-09T16:01:56.506+09:00  INFO 14460 --- [CardCapture-back] [http-nio-8080-exec-3] jp.co.ea.cardcapture.model.TrumpDeck     : suit=3 / num=7 / card-c:307
2026-08-09T16:01:56.506+09:00  INFO 14460 --- [CardCapture-back] [http-nio-8080-exec-3] jp.co.ea.cardcapture.model.TrumpDeck     : createDeck; makeCard :code; 308 / suitLダイヤ s:3 / num: 8 numLab:8
2026-08-09T16:01:56.506+09:00  INFO 14460 --- [CardCapture-back] [http-nio-8080-exec-3] jp.co.ea.cardcapture.model.TrumpDeck     : suit=3 / num=8 / card-c:308
2026-08-09T16:01:56.506+09:00  INFO 14460 --- [CardCapture-back] [http-nio-8080-exec-3] jp.co.ea.cardcapture.model.TrumpDeck     : createDeck; makeCard :code; 309 / suitLダイヤ s:3 / num: 9 numLab:9
2026-08-09T16:01:56.506+09:00  INFO 14460 --- [CardCapture-back] [http-nio-8080-exec-3] jp.co.ea.cardcapture.model.TrumpDeck     : suit=3 / num=9 / card-c:309
2026-08-09T16:01:56.506+09:00  INFO 14460 --- [CardCapture-back] [http-nio-8080-exec-3] jp.co.ea.cardcapture.model.TrumpDeck     : createDeck; makeCard :code; 310 / suitLダイヤ s:3 / num: 10 numLab:10
2026-08-09T16:01:56.507+09:00  INFO 14460 --- [CardCapture-back] [http-nio-8080-exec-3] jp.co.ea.cardcapture.model.TrumpDeck     : suit=3 / num=10 / card-c:310
2026-08-09T16:01:56.507+09:00  INFO 14460 --- [CardCapture-back] [http-nio-8080-exec-3] jp.co.ea.cardcapture.model.TrumpDeck     : createDeck; makeCard :code; 311 / suitLダイヤ s:3 / num: 11 numLab:ジャック
2026-08-09T16:01:56.507+09:00  INFO 14460 --- [CardCapture-back] [http-nio-8080-exec-3] jp.co.ea.cardcapture.model.TrumpDeck     : suit=3 / num=11 / card-c:311
2026-08-09T16:01:56.507+09:00  INFO 14460 --- [CardCapture-back] [http-nio-8080-exec-3] jp.co.ea.cardcapture.model.TrumpDeck     : createDeck; makeCard :code; 312 / suitLダイヤ s:3 / num: 12 numLab:クイーン
2026-08-09T16:01:56.507+09:00  INFO 14460 --- [CardCapture-back] [http-nio-8080-exec-3] jp.co.ea.cardcapture.model.TrumpDeck     : suit=3 / num=12 / card-c:312
2026-08-09T16:01:56.507+09:00  INFO 14460 --- [CardCapture-back] [http-nio-8080-exec-3] jp.co.ea.cardcapture.model.TrumpDeck     : createDeck; makeCard :code; 313 / suitLダイヤ s:3 / num: 13 numLab:キング
2026-08-09T16:01:56.507+09:00  INFO 14460 --- [CardCapture-back] [http-nio-8080-exec-3] jp.co.ea.cardcapture.model.TrumpDeck     : suit=3 / num=13 / card-c:313
2026-08-09T16:01:56.508+09:00  INFO 14460 --- [CardCapture-back] [http-nio-8080-exec-3] jp.co.ea.cardcapture.model.TrumpDeck     : createDeck; makeCard :code; 314 / suitLダイヤ s:3 / num: 14 numLab:エース
2026-08-09T16:01:56.508+09:00  INFO 14460 --- [CardCapture-back] [http-nio-8080-exec-3] jp.co.ea.cardcapture.model.TrumpDeck     : suit=3 / num=14 / card-c:314
2026-08-09T16:01:56.508+09:00  INFO 14460 --- [CardCapture-back] [http-nio-8080-exec-3] jp.co.ea.cardcapture.model.TrumpDeck     : createDeck; makeCard :code; 402 / suitLクラブ s:4 / num: 2 numLab:2
2026-08-09T16:01:56.508+09:00  INFO 14460 --- [CardCapture-back] [http-nio-8080-exec-3] jp.co.ea.cardcapture.model.TrumpDeck     : suit=4 / num=2 / card-c:402
2026-08-09T16:01:56.508+09:00  INFO 14460 --- [CardCapture-back] [http-nio-8080-exec-3] jp.co.ea.cardcapture.model.TrumpDeck     : createDeck; makeCard :code; 403 / suitLクラブ s:4 / num: 3 numLab:3
2026-08-09T16:01:56.508+09:00  INFO 14460 --- [CardCapture-back] [http-nio-8080-exec-3] jp.co.ea.cardcapture.model.TrumpDeck     : suit=4 / num=3 / card-c:403
2026-08-09T16:01:56.508+09:00  INFO 14460 --- [CardCapture-back] [http-nio-8080-exec-3] jp.co.ea.cardcapture.model.TrumpDeck     : createDeck; makeCard :code; 404 / suitLクラブ s:4 / num: 4 numLab:4
2026-08-09T16:01:56.508+09:00  INFO 14460 --- [CardCapture-back] [http-nio-8080-exec-3] jp.co.ea.cardcapture.model.TrumpDeck     : suit=4 / num=4 / card-c:404
2026-08-09T16:01:56.508+09:00  INFO 14460 --- [CardCapture-back] [http-nio-8080-exec-3] jp.co.ea.cardcapture.model.TrumpDeck     : createDeck; makeCard :code; 405 / suitLクラブ s:4 / num: 5 numLab:5
2026-08-09T16:01:56.509+09:00  INFO 14460 --- [CardCapture-back] [http-nio-8080-exec-3] jp.co.ea.cardcapture.model.TrumpDeck     : suit=4 / num=5 / card-c:405
2026-08-09T16:01:56.509+09:00  INFO 14460 --- [CardCapture-back] [http-nio-8080-exec-3] jp.co.ea.cardcapture.model.TrumpDeck     : createDeck; makeCard :code; 406 / suitLクラブ s:4 / num: 6 numLab:6
2026-08-09T16:01:56.509+09:00  INFO 14460 --- [CardCapture-back] [http-nio-8080-exec-3] jp.co.ea.cardcapture.model.TrumpDeck     : suit=4 / num=6 / card-c:406
2026-08-09T16:01:56.509+09:00  INFO 14460 --- [CardCapture-back] [http-nio-8080-exec-3] jp.co.ea.cardcapture.model.TrumpDeck     : createDeck; makeCard :code; 407 / suitLクラブ s:4 / num: 7 numLab:7
2026-08-09T16:01:56.509+09:00  INFO 14460 --- [CardCapture-back] [http-nio-8080-exec-3] jp.co.ea.cardcapture.model.TrumpDeck     : suit=4 / num=7 / card-c:407
2026-08-09T16:01:56.509+09:00  INFO 14460 --- [CardCapture-back] [http-nio-8080-exec-3] jp.co.ea.cardcapture.model.TrumpDeck     : createDeck; makeCard :code; 408 / suitLクラブ s:4 / num: 8 numLab:8
2026-08-09T16:01:56.510+09:00  INFO 14460 --- [CardCapture-back] [http-nio-8080-exec-3] jp.co.ea.cardcapture.model.TrumpDeck     : suit=4 / num=8 / card-c:408
2026-08-09T16:01:56.510+09:00  INFO 14460 --- [CardCapture-back] [http-nio-8080-exec-3] jp.co.ea.cardcapture.model.TrumpDeck     : createDeck; makeCard :code; 409 / suitLクラブ s:4 / num: 9 numLab:9
2026-08-09T16:01:56.510+09:00  INFO 14460 --- [CardCapture-back] [http-nio-8080-exec-3] jp.co.ea.cardcapture.model.TrumpDeck     : suit=4 / num=9 / card-c:409
2026-08-09T16:01:56.511+09:00  INFO 14460 --- [CardCapture-back] [http-nio-8080-exec-3] jp.co.ea.cardcapture.model.TrumpDeck     : createDeck; makeCard :code; 410 / suitLクラブ s:4 / num: 10 numLab:10
2026-08-09T16:01:56.511+09:00  INFO 14460 --- [CardCapture-back] [http-nio-8080-exec-3] jp.co.ea.cardcapture.model.TrumpDeck     : suit=4 / num=10 / card-c:410
2026-08-09T16:01:56.511+09:00  INFO 14460 --- [CardCapture-back] [http-nio-8080-exec-3] jp.co.ea.cardcapture.model.TrumpDeck     : createDeck; makeCard :code; 411 / suitLクラブ s:4 / num: 11 numLab:ジャック
2026-08-09T16:01:56.511+09:00  INFO 14460 --- [CardCapture-back] [http-nio-8080-exec-3] jp.co.ea.cardcapture.model.TrumpDeck     : suit=4 / num=11 / card-c:411
2026-08-09T16:01:56.511+09:00  INFO 14460 --- [CardCapture-back] [http-nio-8080-exec-3] jp.co.ea.cardcapture.model.TrumpDeck     : createDeck; makeCard :code; 412 / suitLクラブ s:4 / num: 12 numLab:クイーン
2026-08-09T16:01:56.511+09:00  INFO 14460 --- [CardCapture-back] [http-nio-8080-exec-3] jp.co.ea.cardcapture.model.TrumpDeck     : suit=4 / num=12 / card-c:412
2026-08-09T16:01:56.511+09:00  INFO 14460 --- [CardCapture-back] [http-nio-8080-exec-3] jp.co.ea.cardcapture.model.TrumpDeck     : createDeck; makeCard :code; 413 / suitLクラブ s:4 / num: 13 numLab:キング
2026-08-09T16:01:56.511+09:00  INFO 14460 --- [CardCapture-back] [http-nio-8080-exec-3] jp.co.ea.cardcapture.model.TrumpDeck     : suit=4 / num=13 / card-c:413
2026-08-09T16:01:56.512+09:00  INFO 14460 --- [CardCapture-back] [http-nio-8080-exec-3] jp.co.ea.cardcapture.model.TrumpDeck     : createDeck; makeCard :code; 414 / suitLクラブ s:4 / num: 14 numLab:エース
2026-08-09T16:01:56.512+09:00  INFO 14460 --- [CardCapture-back] [http-nio-8080-exec-3] jp.co.ea.cardcapture.model.TrumpDeck     : suit=4 / num=14 / card-c:414
2026-08-09T16:01:56.515+09:00  INFO 14460 --- [CardCapture-back] [http-nio-8080-exec-3] jp.co.ea.cardcapture.model.TrumpDeck     : createDeck; makeCard :code; 501 / suitLジョーカー s:5 / num: 1 numLab:1
2026-08-09T16:01:56.519+09:00  INFO 14460 --- [CardCapture-back] [http-nio-8080-exec-3] jp.co.ea.cardcapture.model.TrumpDeck     : createDeck; makeCard :code; 502 / suitLジョーカー s:5 / num: 2 numLab:2
2026-08-09T16:01:56.520+09:00  INFO 14460 --- [CardCapture-back] [http-nio-8080-exec-3] jp.co.ea.cardcapture.model.TrumpDeck     : createDeck; 終了
2026-08-09T16:01:56.523+09:00  INFO 14460 --- [CardCapture-back] [http-nio-8080-exec-3] j.c.e.c.service.CardCuptureInitService   : CardCuptureInitService; init 終了
2026-08-09T16:03:45.192+09:00  INFO 14460 --- [CardCapture-back] [File Watcher] rtingClassPathChangeChangedEventListener : Restarting due to 23 class path changes (3 additions, 3 deletions, 17 modifications)
2026-08-09T16:03:45.194+09:00  INFO 14460 --- [CardCapture-back] [Thread-5] o.s.boot.tomcat.GracefulShutdown         : Commencing graceful shutdown. Waiting for active requests to complete
2026-08-09T16:03:45.204+09:00  INFO 14460 --- [CardCapture-back] [tomcat-shutdown] o.s.boot.tomcat.GracefulShutdown         : Graceful shutdown complete
2026-08-09T16:03:45.342+09:00  INFO 14460 --- [CardCapture-back] [restartedMain] j.c.e.c.CardCaptureBackApplication       : Starting CardCaptureBackApplication using Java 21.0.9 with PID 14460 (C:\kino-work\SpringBoot\CardCapture-back\bin\main started by NPC-61 in C:\kino-work\SpringBoot\CardCapture-back)
2026-08-09T16:03:45.342+09:00  INFO 14460 --- [CardCapture-back] [restartedMain] j.c.e.c.CardCaptureBackApplication       : No active profile set, falling back to 1 default profile: "default"
2026-08-09T16:03:45.818+09:00  INFO 14460 --- [CardCapture-back] [restartedMain] o.s.boot.tomcat.TomcatWebServer          : Tomcat initialized with port 8080 (http)
2026-08-09T16:03:45.819+09:00  INFO 14460 --- [CardCapture-back] [restartedMain] o.apache.catalina.core.StandardService   : Starting service [Tomcat]
2026-08-09T16:03:45.820+09:00  INFO 14460 --- [CardCapture-back] [restartedMain] o.apache.catalina.core.StandardEngine    : Starting Servlet engine: [Apache Tomcat/11.0.22]
2026-08-09T16:03:45.865+09:00  INFO 14460 --- [CardCapture-back] [restartedMain] b.w.c.s.WebApplicationContextInitializer : Root WebApplicationContext: initialization completed in 519 ms
2026-08-09T16:03:45.960+09:00  INFO 14460 --- [CardCapture-back] [restartedMain] j.c.e.c.service.GlobalStateService       : createDeck; 開始
2026-08-09T16:03:45.967+09:00  INFO 14460 --- [CardCapture-back] [restartedMain] j.c.e.c.service.GlobalStateService       : createDeck; makeCard :code; 102 / suitLスペード s:1 / num: 2 numLab:2
2026-08-09T16:03:45.968+09:00  INFO 14460 --- [CardCapture-back] [restartedMain] j.c.e.c.service.GlobalStateService       : suit=1 / num=2 / card-c:102
2026-08-09T16:03:45.968+09:00  INFO 14460 --- [CardCapture-back] [restartedMain] j.c.e.c.service.GlobalStateService       : createDeck; makeCard :code; 103 / suitLスペード s:1 / num: 3 numLab:3
2026-08-09T16:03:45.968+09:00  INFO 14460 --- [CardCapture-back] [restartedMain] j.c.e.c.service.GlobalStateService       : suit=1 / num=3 / card-c:103
2026-08-09T16:03:45.968+09:00  INFO 14460 --- [CardCapture-back] [restartedMain] j.c.e.c.service.GlobalStateService       : createDeck; makeCard :code; 104 / suitLスペード s:1 / num: 4 numLab:4
2026-08-09T16:03:45.968+09:00  INFO 14460 --- [CardCapture-back] [restartedMain] j.c.e.c.service.GlobalStateService       : suit=1 / num=4 / card-c:104
2026-08-09T16:03:45.969+09:00  INFO 14460 --- [CardCapture-back] [restartedMain] j.c.e.c.service.GlobalStateService       : createDeck; makeCard :code; 105 / suitLスペード s:1 / num: 5 numLab:5
2026-08-09T16:03:45.969+09:00  INFO 14460 --- [CardCapture-back] [restartedMain] j.c.e.c.service.GlobalStateService       : suit=1 / num=5 / card-c:105
2026-08-09T16:03:45.969+09:00  INFO 14460 --- [CardCapture-back] [restartedMain] j.c.e.c.service.GlobalStateService       : createDeck; makeCard :code; 106 / suitLスペード s:1 / num: 6 numLab:6
2026-08-09T16:03:45.969+09:00  INFO 14460 --- [CardCapture-back] [restartedMain] j.c.e.c.service.GlobalStateService       : suit=1 / num=6 / card-c:106
2026-08-09T16:03:45.969+09:00  INFO 14460 --- [CardCapture-back] [restartedMain] j.c.e.c.service.GlobalStateService       : createDeck; makeCard :code; 107 / suitLスペード s:1 / num: 7 numLab:7
2026-08-09T16:03:45.969+09:00  INFO 14460 --- [CardCapture-back] [restartedMain] j.c.e.c.service.GlobalStateService       : suit=1 / num=7 / card-c:107
2026-08-09T16:03:45.970+09:00  INFO 14460 --- [CardCapture-back] [restartedMain] j.c.e.c.service.GlobalStateService       : createDeck; makeCard :code; 108 / suitLスペード s:1 / num: 8 numLab:8
2026-08-09T16:03:45.970+09:00  INFO 14460 --- [CardCapture-back] [restartedMain] j.c.e.c.service.GlobalStateService       : suit=1 / num=8 / card-c:108
2026-08-09T16:03:45.970+09:00  INFO 14460 --- [CardCapture-back] [restartedMain] j.c.e.c.service.GlobalStateService       : createDeck; makeCard :code; 109 / suitLスペード s:1 / num: 9 numLab:9
2026-08-09T16:03:45.971+09:00  INFO 14460 --- [CardCapture-back] [restartedMain] j.c.e.c.service.GlobalStateService       : suit=1 / num=9 / card-c:109
2026-08-09T16:03:45.971+09:00  INFO 14460 --- [CardCapture-back] [restartedMain] j.c.e.c.service.GlobalStateService       : createDeck; makeCard :code; 110 / suitLスペード s:1 / num: 10 numLab:10
2026-08-09T16:03:45.971+09:00  INFO 14460 --- [CardCapture-back] [restartedMain] j.c.e.c.service.GlobalStateService       : suit=1 / num=10 / card-c:110
2026-08-09T16:03:45.971+09:00  INFO 14460 --- [CardCapture-back] [restartedMain] j.c.e.c.service.GlobalStateService       : createDeck; makeCard :code; 111 / suitLスペード s:1 / num: 11 numLab:ジャック
2026-08-09T16:03:45.972+09:00  INFO 14460 --- [CardCapture-back] [restartedMain] j.c.e.c.service.GlobalStateService       : suit=1 / num=11 / card-c:111
2026-08-09T16:03:45.972+09:00  INFO 14460 --- [CardCapture-back] [restartedMain] j.c.e.c.service.GlobalStateService       : createDeck; makeCard :code; 112 / suitLスペード s:1 / num: 12 numLab:クイーン
2026-08-09T16:03:45.973+09:00  INFO 14460 --- [CardCapture-back] [restartedMain] j.c.e.c.service.GlobalStateService       : suit=1 / num=12 / card-c:112
2026-08-09T16:03:45.973+09:00  INFO 14460 --- [CardCapture-back] [restartedMain] j.c.e.c.service.GlobalStateService       : createDeck; makeCard :code; 113 / suitLスペード s:1 / num: 13 numLab:キング
2026-08-09T16:03:45.974+09:00  INFO 14460 --- [CardCapture-back] [restartedMain] j.c.e.c.service.GlobalStateService       : suit=1 / num=13 / card-c:113
2026-08-09T16:03:45.974+09:00  INFO 14460 --- [CardCapture-back] [restartedMain] j.c.e.c.service.GlobalStateService       : createDeck; makeCard :code; 114 / suitLスペード s:1 / num: 14 numLab:エース
2026-08-09T16:03:45.974+09:00  INFO 14460 --- [CardCapture-back] [restartedMain] j.c.e.c.service.GlobalStateService       : suit=1 / num=14 / card-c:114
2026-08-09T16:03:45.974+09:00  INFO 14460 --- [CardCapture-back] [restartedMain] j.c.e.c.service.GlobalStateService       : createDeck; makeCard :code; 202 / suitLハート s:2 / num: 2 numLab:2
2026-08-09T16:03:45.974+09:00  INFO 14460 --- [CardCapture-back] [restartedMain] j.c.e.c.service.GlobalStateService       : suit=2 / num=2 / card-c:202
2026-08-09T16:03:45.974+09:00  INFO 14460 --- [CardCapture-back] [restartedMain] j.c.e.c.service.GlobalStateService       : createDeck; makeCard :code; 203 / suitLハート s:2 / num: 3 numLab:3
2026-08-09T16:03:45.974+09:00  INFO 14460 --- [CardCapture-back] [restartedMain] j.c.e.c.service.GlobalStateService       : suit=2 / num=3 / card-c:203
2026-08-09T16:03:45.974+09:00  INFO 14460 --- [CardCapture-back] [restartedMain] j.c.e.c.service.GlobalStateService       : createDeck; makeCard :code; 204 / suitLハート s:2 / num: 4 numLab:4
2026-08-09T16:03:45.974+09:00  INFO 14460 --- [CardCapture-back] [restartedMain] j.c.e.c.service.GlobalStateService       : suit=2 / num=4 / card-c:204
2026-08-09T16:03:45.974+09:00  INFO 14460 --- [CardCapture-back] [restartedMain] j.c.e.c.service.GlobalStateService       : createDeck; makeCard :code; 205 / suitLハート s:2 / num: 5 numLab:5
2026-08-09T16:03:45.974+09:00  INFO 14460 --- [CardCapture-back] [restartedMain] j.c.e.c.service.GlobalStateService       : suit=2 / num=5 / card-c:205
2026-08-09T16:03:45.974+09:00  INFO 14460 --- [CardCapture-back] [restartedMain] j.c.e.c.service.GlobalStateService       : createDeck; makeCard :code; 206 / suitLハート s:2 / num: 6 numLab:6
2026-08-09T16:03:45.974+09:00  INFO 14460 --- [CardCapture-back] [restartedMain] j.c.e.c.service.GlobalStateService       : suit=2 / num=6 / card-c:206
2026-08-09T16:03:45.975+09:00  INFO 14460 --- [CardCapture-back] [restartedMain] j.c.e.c.service.GlobalStateService       : createDeck; makeCard :code; 207 / suitLハート s:2 / num: 7 numLab:7
2026-08-09T16:03:45.975+09:00  INFO 14460 --- [CardCapture-back] [restartedMain] j.c.e.c.service.GlobalStateService       : suit=2 / num=7 / card-c:207
2026-08-09T16:03:45.975+09:00  INFO 14460 --- [CardCapture-back] [restartedMain] j.c.e.c.service.GlobalStateService       : createDeck; makeCard :code; 208 / suitLハート s:2 / num: 8 numLab:8
2026-08-09T16:03:45.975+09:00  INFO 14460 --- [CardCapture-back] [restartedMain] j.c.e.c.service.GlobalStateService       : suit=2 / num=8 / card-c:208
2026-08-09T16:03:45.975+09:00  INFO 14460 --- [CardCapture-back] [restartedMain] j.c.e.c.service.GlobalStateService       : createDeck; makeCard :code; 209 / suitLハート s:2 / num: 9 numLab:9
2026-08-09T16:03:45.975+09:00  INFO 14460 --- [CardCapture-back] [restartedMain] j.c.e.c.service.GlobalStateService       : suit=2 / num=9 / card-c:209
2026-08-09T16:03:45.975+09:00  INFO 14460 --- [CardCapture-back] [restartedMain] j.c.e.c.service.GlobalStateService       : createDeck; makeCard :code; 210 / suitLハート s:2 / num: 10 numLab:10
2026-08-09T16:03:45.975+09:00  INFO 14460 --- [CardCapture-back] [restartedMain] j.c.e.c.service.GlobalStateService       : suit=2 / num=10 / card-c:210
2026-08-09T16:03:45.975+09:00  INFO 14460 --- [CardCapture-back] [restartedMain] j.c.e.c.service.GlobalStateService       : createDeck; makeCard :code; 211 / suitLハート s:2 / num: 11 numLab:ジャック
2026-08-09T16:03:45.975+09:00  INFO 14460 --- [CardCapture-back] [restartedMain] j.c.e.c.service.GlobalStateService       : suit=2 / num=11 / card-c:211
2026-08-09T16:03:45.975+09:00  INFO 14460 --- [CardCapture-back] [restartedMain] j.c.e.c.service.GlobalStateService       : createDeck; makeCard :code; 212 / suitLハート s:2 / num: 12 numLab:クイーン
2026-08-09T16:03:45.975+09:00  INFO 14460 --- [CardCapture-back] [restartedMain] j.c.e.c.service.GlobalStateService       : suit=2 / num=12 / card-c:212
2026-08-09T16:03:45.976+09:00  INFO 14460 --- [CardCapture-back] [restartedMain] j.c.e.c.service.GlobalStateService       : createDeck; makeCard :code; 213 / suitLハート s:2 / num: 13 numLab:キング
2026-08-09T16:03:45.976+09:00  INFO 14460 --- [CardCapture-back] [restartedMain] j.c.e.c.service.GlobalStateService       : suit=2 / num=13 / card-c:213
2026-08-09T16:03:45.976+09:00  INFO 14460 --- [CardCapture-back] [restartedMain] j.c.e.c.service.GlobalStateService       : createDeck; makeCard :code; 214 / suitLハート s:2 / num: 14 numLab:エース
2026-08-09T16:03:45.976+09:00  INFO 14460 --- [CardCapture-back] [restartedMain] j.c.e.c.service.GlobalStateService       : suit=2 / num=14 / card-c:214
2026-08-09T16:03:45.976+09:00  INFO 14460 --- [CardCapture-back] [restartedMain] j.c.e.c.service.GlobalStateService       : createDeck; makeCard :code; 302 / suitLダイヤ s:3 / num: 2 numLab:2
2026-08-09T16:03:45.976+09:00  INFO 14460 --- [CardCapture-back] [restartedMain] j.c.e.c.service.GlobalStateService       : suit=3 / num=2 / card-c:302
2026-08-09T16:03:45.976+09:00  INFO 14460 --- [CardCapture-back] [restartedMain] j.c.e.c.service.GlobalStateService       : createDeck; makeCard :code; 303 / suitLダイヤ s:3 / num: 3 numLab:3
2026-08-09T16:03:45.976+09:00  INFO 14460 --- [CardCapture-back] [restartedMain] j.c.e.c.service.GlobalStateService       : suit=3 / num=3 / card-c:303
2026-08-09T16:03:45.977+09:00  INFO 14460 --- [CardCapture-back] [restartedMain] j.c.e.c.service.GlobalStateService       : createDeck; makeCard :code; 304 / suitLダイヤ s:3 / num: 4 numLab:4
2026-08-09T16:03:45.977+09:00  INFO 14460 --- [CardCapture-back] [restartedMain] j.c.e.c.service.GlobalStateService       : suit=3 / num=4 / card-c:304
2026-08-09T16:03:45.977+09:00  INFO 14460 --- [CardCapture-back] [restartedMain] j.c.e.c.service.GlobalStateService       : createDeck; makeCard :code; 305 / suitLダイヤ s:3 / num: 5 numLab:5
2026-08-09T16:03:45.977+09:00  INFO 14460 --- [CardCapture-back] [restartedMain] j.c.e.c.service.GlobalStateService       : suit=3 / num=5 / card-c:305
2026-08-09T16:03:45.977+09:00  INFO 14460 --- [CardCapture-back] [restartedMain] j.c.e.c.service.GlobalStateService       : createDeck; makeCard :code; 306 / suitLダイヤ s:3 / num: 6 numLab:6
2026-08-09T16:03:45.977+09:00  INFO 14460 --- [CardCapture-back] [restartedMain] j.c.e.c.service.GlobalStateService       : suit=3 / num=6 / card-c:306
2026-08-09T16:03:45.977+09:00  INFO 14460 --- [CardCapture-back] [restartedMain] j.c.e.c.service.GlobalStateService       : createDeck; makeCard :code; 307 / suitLダイヤ s:3 / num: 7 numLab:7
2026-08-09T16:03:45.977+09:00  INFO 14460 --- [CardCapture-back] [restartedMain] j.c.e.c.service.GlobalStateService       : suit=3 / num=7 / card-c:307
2026-08-09T16:03:45.977+09:00  INFO 14460 --- [CardCapture-back] [restartedMain] j.c.e.c.service.GlobalStateService       : createDeck; makeCard :code; 308 / suitLダイヤ s:3 / num: 8 numLab:8
2026-08-09T16:03:45.977+09:00  INFO 14460 --- [CardCapture-back] [restartedMain] j.c.e.c.service.GlobalStateService       : suit=3 / num=8 / card-c:308
2026-08-09T16:03:45.978+09:00  INFO 14460 --- [CardCapture-back] [restartedMain] j.c.e.c.service.GlobalStateService       : createDeck; makeCard :code; 309 / suitLダイヤ s:3 / num: 9 numLab:9
2026-08-09T16:03:45.978+09:00  INFO 14460 --- [CardCapture-back] [restartedMain] j.c.e.c.service.GlobalStateService       : suit=3 / num=9 / card-c:309
2026-08-09T16:03:45.978+09:00  INFO 14460 --- [CardCapture-back] [restartedMain] j.c.e.c.service.GlobalStateService       : createDeck; makeCard :code; 310 / suitLダイヤ s:3 / num: 10 numLab:10
2026-08-09T16:03:45.978+09:00  INFO 14460 --- [CardCapture-back] [restartedMain] j.c.e.c.service.GlobalStateService       : suit=3 / num=10 / card-c:310
2026-08-09T16:03:45.978+09:00  INFO 14460 --- [CardCapture-back] [restartedMain] j.c.e.c.service.GlobalStateService       : createDeck; makeCard :code; 311 / suitLダイヤ s:3 / num: 11 numLab:ジャック
2026-08-09T16:03:45.978+09:00  INFO 14460 --- [CardCapture-back] [restartedMain] j.c.e.c.service.GlobalStateService       : suit=3 / num=11 / card-c:311
2026-08-09T16:03:45.978+09:00  INFO 14460 --- [CardCapture-back] [restartedMain] j.c.e.c.service.GlobalStateService       : createDeck; makeCard :code; 312 / suitLダイヤ s:3 / num: 12 numLab:クイーン
2026-08-09T16:03:45.978+09:00  INFO 14460 --- [CardCapture-back] [restartedMain] j.c.e.c.service.GlobalStateService       : suit=3 / num=12 / card-c:312
2026-08-09T16:03:45.978+09:00  INFO 14460 --- [CardCapture-back] [restartedMain] j.c.e.c.service.GlobalStateService       : createDeck; makeCard :code; 313 / suitLダイヤ s:3 / num: 13 numLab:キング
2026-08-09T16:03:45.978+09:00  INFO 14460 --- [CardCapture-back] [restartedMain] j.c.e.c.service.GlobalStateService       : suit=3 / num=13 / card-c:313
2026-08-09T16:03:45.978+09:00  INFO 14460 --- [CardCapture-back] [restartedMain] j.c.e.c.service.GlobalStateService       : createDeck; makeCard :code; 314 / suitLダイヤ s:3 / num: 14 numLab:エース
2026-08-09T16:03:45.979+09:00  INFO 14460 --- [CardCapture-back] [restartedMain] j.c.e.c.service.GlobalStateService       : suit=3 / num=14 / card-c:314
2026-08-09T16:03:45.979+09:00  INFO 14460 --- [CardCapture-back] [restartedMain] j.c.e.c.service.GlobalStateService       : createDeck; makeCard :code; 402 / suitLクラブ s:4 / num: 2 numLab:2
2026-08-09T16:03:45.979+09:00  INFO 14460 --- [CardCapture-back] [restartedMain] j.c.e.c.service.GlobalStateService       : suit=4 / num=2 / card-c:402
2026-08-09T16:03:45.979+09:00  INFO 14460 --- [CardCapture-back] [restartedMain] j.c.e.c.service.GlobalStateService       : createDeck; makeCard :code; 403 / suitLクラブ s:4 / num: 3 numLab:3
2026-08-09T16:03:45.979+09:00  INFO 14460 --- [CardCapture-back] [restartedMain] j.c.e.c.service.GlobalStateService       : suit=4 / num=3 / card-c:403
2026-08-09T16:03:45.979+09:00  INFO 14460 --- [CardCapture-back] [restartedMain] j.c.e.c.service.GlobalStateService       : createDeck; makeCard :code; 404 / suitLクラブ s:4 / num: 4 numLab:4
2026-08-09T16:03:45.979+09:00  INFO 14460 --- [CardCapture-back] [restartedMain] j.c.e.c.service.GlobalStateService       : suit=4 / num=4 / card-c:404
2026-08-09T16:03:45.979+09:00  INFO 14460 --- [CardCapture-back] [restartedMain] j.c.e.c.service.GlobalStateService       : createDeck; makeCard :code; 405 / suitLクラブ s:4 / num: 5 numLab:5
2026-08-09T16:03:45.979+09:00  INFO 14460 --- [CardCapture-back] [restartedMain] j.c.e.c.service.GlobalStateService       : suit=4 / num=5 / card-c:405
2026-08-09T16:03:45.979+09:00  INFO 14460 --- [CardCapture-back] [restartedMain] j.c.e.c.service.GlobalStateService       : createDeck; makeCard :code; 406 / suitLクラブ s:4 / num: 6 numLab:6
2026-08-09T16:03:45.979+09:00  INFO 14460 --- [CardCapture-back] [restartedMain] j.c.e.c.service.GlobalStateService       : suit=4 / num=6 / card-c:406
2026-08-09T16:03:45.979+09:00  INFO 14460 --- [CardCapture-back] [restartedMain] j.c.e.c.service.GlobalStateService       : createDeck; makeCard :code; 407 / suitLクラブ s:4 / num: 7 numLab:7
2026-08-09T16:03:45.979+09:00  INFO 14460 --- [CardCapture-back] [restartedMain] j.c.e.c.service.GlobalStateService       : suit=4 / num=7 / card-c:407
2026-08-09T16:03:45.979+09:00  INFO 14460 --- [CardCapture-back] [restartedMain] j.c.e.c.service.GlobalStateService       : createDeck; makeCard :code; 408 / suitLクラブ s:4 / num: 8 numLab:8
2026-08-09T16:03:45.979+09:00  INFO 14460 --- [CardCapture-back] [restartedMain] j.c.e.c.service.GlobalStateService       : suit=4 / num=8 / card-c:408
2026-08-09T16:03:45.979+09:00  INFO 14460 --- [CardCapture-back] [restartedMain] j.c.e.c.service.GlobalStateService       : createDeck; makeCard :code; 409 / suitLクラブ s:4 / num: 9 numLab:9
2026-08-09T16:03:45.979+09:00  INFO 14460 --- [CardCapture-back] [restartedMain] j.c.e.c.service.GlobalStateService       : suit=4 / num=9 / card-c:409
2026-08-09T16:03:45.979+09:00  INFO 14460 --- [CardCapture-back] [restartedMain] j.c.e.c.service.GlobalStateService       : createDeck; makeCard :code; 410 / suitLクラブ s:4 / num: 10 numLab:10
2026-08-09T16:03:45.980+09:00  INFO 14460 --- [CardCapture-back] [restartedMain] j.c.e.c.service.GlobalStateService       : suit=4 / num=10 / card-c:410
2026-08-09T16:03:45.980+09:00  INFO 14460 --- [CardCapture-back] [restartedMain] j.c.e.c.service.GlobalStateService       : createDeck; makeCard :code; 411 / suitLクラブ s:4 / num: 11 numLab:ジャック
2026-08-09T16:03:45.980+09:00  INFO 14460 --- [CardCapture-back] [restartedMain] j.c.e.c.service.GlobalStateService       : suit=4 / num=11 / card-c:411
2026-08-09T16:03:45.980+09:00  INFO 14460 --- [CardCapture-back] [restartedMain] j.c.e.c.service.GlobalStateService       : createDeck; makeCard :code; 412 / suitLクラブ s:4 / num: 12 numLab:クイーン
2026-08-09T16:03:45.980+09:00  INFO 14460 --- [CardCapture-back] [restartedMain] j.c.e.c.service.GlobalStateService       : suit=4 / num=12 / card-c:412
2026-08-09T16:03:45.980+09:00  INFO 14460 --- [CardCapture-back] [restartedMain] j.c.e.c.service.GlobalStateService       : createDeck; makeCard :code; 413 / suitLクラブ s:4 / num: 13 numLab:キング
2026-08-09T16:03:45.980+09:00  INFO 14460 --- [CardCapture-back] [restartedMain] j.c.e.c.service.GlobalStateService       : suit=4 / num=13 / card-c:413
2026-08-09T16:03:45.980+09:00  INFO 14460 --- [CardCapture-back] [restartedMain] j.c.e.c.service.GlobalStateService       : createDeck; makeCard :code; 414 / suitLクラブ s:4 / num: 14 numLab:エース
2026-08-09T16:03:45.980+09:00  INFO 14460 --- [CardCapture-back] [restartedMain] j.c.e.c.service.GlobalStateService       : suit=4 / num=14 / card-c:414
2026-08-09T16:03:45.980+09:00  INFO 14460 --- [CardCapture-back] [restartedMain] j.c.e.c.service.GlobalStateService       : createDeck; makeCard :code; 501 / suitLジョーカー s:5 / num: 1 numLab:1
2026-08-09T16:03:45.980+09:00  INFO 14460 --- [CardCapture-back] [restartedMain] j.c.e.c.service.GlobalStateService       : createDeck; makeCard :code; 502 / suitLジョーカー s:5 / num: 2 numLab:2
2026-08-09T16:03:45.981+09:00  INFO 14460 --- [CardCapture-back] [restartedMain] j.c.e.c.service.GlobalStateService       : createDeck; 終了
2026-08-09T16:03:45.990+09:00  WARN 14460 --- [CardCapture-back] [restartedMain] ConfigServletWebServerApplicationContext : Exception encountered during context initialization - cancelling refresh attempt: org.springframework.beans.factory.UnsatisfiedDependencyException: Error creating bean with name 'gameDeck' defined in file [C:\kino-work\SpringBoot\CardCapture-back\bin\main\jp\co\ea\cardcapture\model\GameDeck.class]: Unsatisfied dependency expressed through constructor parameter 0: No qualifying bean of type 'java.lang.String' available: expected at least 1 bean which qualifies as autowire candidate. Dependency annotations: {}
2026-08-09T16:03:45.991+09:00  INFO 14460 --- [CardCapture-back] [restartedMain] o.apache.catalina.core.StandardService   : Stopping service [Tomcat]
2026-08-09T16:03:46.005+09:00  INFO 14460 --- [CardCapture-back] [restartedMain] .s.b.a.l.ConditionEvaluationReportLogger : 

Error starting ApplicationContext. To display the condition evaluation report re-run your application with 'debug' enabled.
2026-08-09T16:03:46.054+09:00 ERROR 14460 --- [CardCapture-back] [restartedMain] o.s.b.d.LoggingFailureAnalysisReporter   : 

***************************
APPLICATION FAILED TO START
***************************

Description:

Parameter 0 of constructor in jp.co.ea.cardcapture.model.GameDeck required a bean of type 'java.lang.String' that could not be found.


Action:

Consider defining a bean of type 'java.lang.String' in your configuration.

2026-08-09T16:08:01.318+09:00  INFO 14460 --- [CardCapture-back] [restartedMain] j.c.e.c.CardCaptureBackApplication       : Starting CardCaptureBackApplication using Java 21.0.9 with PID 14460 (C:\kino-work\SpringBoot\CardCapture-back\bin\main started by NPC-61 in C:\kino-work\SpringBoot\CardCapture-back)
2026-08-09T16:08:01.325+09:00  INFO 14460 --- [CardCapture-back] [restartedMain] j.c.e.c.CardCaptureBackApplication       : No active profile set, falling back to 1 default profile: "default"
2026-08-09T16:08:02.257+09:00  INFO 14460 --- [CardCapture-back] [restartedMain] o.s.boot.tomcat.TomcatWebServer          : Tomcat initialized with port 8080 (http)
2026-08-09T16:08:02.267+09:00  INFO 14460 --- [CardCapture-back] [restartedMain] o.apache.catalina.core.StandardService   : Starting service [Tomcat]
2026-08-09T16:08:02.268+09:00  INFO 14460 --- [CardCapture-back] [restartedMain] o.apache.catalina.core.StandardEngine    : Starting Servlet engine: [Apache Tomcat/11.0.22]
2026-08-09T16:08:02.303+09:00  INFO 14460 --- [CardCapture-back] [restartedMain] b.w.c.s.WebApplicationContextInitializer : Root WebApplicationContext: initialization completed in 950 ms
2026-08-09T16:08:02.372+09:00  INFO 14460 --- [CardCapture-back] [restartedMain] j.c.e.c.service.GlobalStateService       : createDeck; 開始
2026-08-09T16:08:02.383+09:00  INFO 14460 --- [CardCapture-back] [restartedMain] j.c.e.c.service.GlobalStateService       : createDeck; makeCard :code; 102 / suitLスペード s:1 / num: 2 numLab:2
2026-08-09T16:08:02.386+09:00  INFO 14460 --- [CardCapture-back] [restartedMain] j.c.e.c.service.GlobalStateService       : suit=1 / num=2 / card-c:102
2026-08-09T16:08:02.386+09:00  INFO 14460 --- [CardCapture-back] [restartedMain] j.c.e.c.service.GlobalStateService       : createDeck; makeCard :code; 103 / suitLスペード s:1 / num: 3 numLab:3
2026-08-09T16:08:02.386+09:00  INFO 14460 --- [CardCapture-back] [restartedMain] j.c.e.c.service.GlobalStateService       : suit=1 / num=3 / card-c:103
2026-08-09T16:08:02.386+09:00  INFO 14460 --- [CardCapture-back] [restartedMain] j.c.e.c.service.GlobalStateService       : createDeck; makeCard :code; 104 / suitLスペード s:1 / num: 4 numLab:4
2026-08-09T16:08:02.386+09:00  INFO 14460 --- [CardCapture-back] [restartedMain] j.c.e.c.service.GlobalStateService       : suit=1 / num=4 / card-c:104
2026-08-09T16:08:02.386+09:00  INFO 14460 --- [CardCapture-back] [restartedMain] j.c.e.c.service.GlobalStateService       : createDeck; makeCard :code; 105 / suitLスペード s:1 / num: 5 numLab:5
2026-08-09T16:08:02.386+09:00  INFO 14460 --- [CardCapture-back] [restartedMain] j.c.e.c.service.GlobalStateService       : suit=1 / num=5 / card-c:105
2026-08-09T16:08:02.386+09:00  INFO 14460 --- [CardCapture-back] [restartedMain] j.c.e.c.service.GlobalStateService       : createDeck; makeCard :code; 106 / suitLスペード s:1 / num: 6 numLab:6
2026-08-09T16:08:02.386+09:00  INFO 14460 --- [CardCapture-back] [restartedMain] j.c.e.c.service.GlobalStateService       : suit=1 / num=6 / card-c:106
2026-08-09T16:08:02.386+09:00  INFO 14460 --- [CardCapture-back] [restartedMain] j.c.e.c.service.GlobalStateService       : createDeck; makeCard :code; 107 / suitLスペード s:1 / num: 7 numLab:7
2026-08-09T16:08:02.387+09:00  INFO 14460 --- [CardCapture-back] [restartedMain] j.c.e.c.service.GlobalStateService       : suit=1 / num=7 / card-c:107
2026-08-09T16:08:02.387+09:00  INFO 14460 --- [CardCapture-back] [restartedMain] j.c.e.c.service.GlobalStateService       : createDeck; makeCard :code; 108 / suitLスペード s:1 / num: 8 numLab:8
2026-08-09T16:08:02.387+09:00  INFO 14460 --- [CardCapture-back] [restartedMain] j.c.e.c.service.GlobalStateService       : suit=1 / num=8 / card-c:108
2026-08-09T16:08:02.387+09:00  INFO 14460 --- [CardCapture-back] [restartedMain] j.c.e.c.service.GlobalStateService       : createDeck; makeCard :code; 109 / suitLスペード s:1 / num: 9 numLab:9
2026-08-09T16:08:02.387+09:00  INFO 14460 --- [CardCapture-back] [restartedMain] j.c.e.c.service.GlobalStateService       : suit=1 / num=9 / card-c:109
2026-08-09T16:08:02.387+09:00  INFO 14460 --- [CardCapture-back] [restartedMain] j.c.e.c.service.GlobalStateService       : createDeck; makeCard :code; 110 / suitLスペード s:1 / num: 10 numLab:10
2026-08-09T16:08:02.387+09:00  INFO 14460 --- [CardCapture-back] [restartedMain] j.c.e.c.service.GlobalStateService       : suit=1 / num=10 / card-c:110
2026-08-09T16:08:02.387+09:00  INFO 14460 --- [CardCapture-back] [restartedMain] j.c.e.c.service.GlobalStateService       : createDeck; makeCard :code; 111 / suitLスペード s:1 / num: 11 numLab:ジャック
2026-08-09T16:08:02.387+09:00  INFO 14460 --- [CardCapture-back] [restartedMain] j.c.e.c.service.GlobalStateService       : suit=1 / num=11 / card-c:111
2026-08-09T16:08:02.387+09:00  INFO 14460 --- [CardCapture-back] [restartedMain] j.c.e.c.service.GlobalStateService       : createDeck; makeCard :code; 112 / suitLスペード s:1 / num: 12 numLab:クイーン
2026-08-09T16:08:02.387+09:00  INFO 14460 --- [CardCapture-back] [restartedMain] j.c.e.c.service.GlobalStateService       : suit=1 / num=12 / card-c:112
2026-08-09T16:08:02.387+09:00  INFO 14460 --- [CardCapture-back] [restartedMain] j.c.e.c.service.GlobalStateService       : createDeck; makeCard :code; 113 / suitLスペード s:1 / num: 13 numLab:キング
2026-08-09T16:08:02.387+09:00  INFO 14460 --- [CardCapture-back] [restartedMain] j.c.e.c.service.GlobalStateService       : suit=1 / num=13 / card-c:113
2026-08-09T16:08:02.387+09:00  INFO 14460 --- [CardCapture-back] [restartedMain] j.c.e.c.service.GlobalStateService       : createDeck; makeCard :code; 114 / suitLスペード s:1 / num: 14 numLab:エース
2026-08-09T16:08:02.387+09:00  INFO 14460 --- [CardCapture-back] [restartedMain] j.c.e.c.service.GlobalStateService       : suit=1 / num=14 / card-c:114
2026-08-09T16:08:02.387+09:00  INFO 14460 --- [CardCapture-back] [restartedMain] j.c.e.c.service.GlobalStateService       : createDeck; makeCard :code; 202 / suitLハート s:2 / num: 2 numLab:2
2026-08-09T16:08:02.388+09:00  INFO 14460 --- [CardCapture-back] [restartedMain] j.c.e.c.service.GlobalStateService       : suit=2 / num=2 / card-c:202
2026-08-09T16:08:02.388+09:00  INFO 14460 --- [CardCapture-back] [restartedMain] j.c.e.c.service.GlobalStateService       : createDeck; makeCard :code; 203 / suitLハート s:2 / num: 3 numLab:3
2026-08-09T16:08:02.388+09:00  INFO 14460 --- [CardCapture-back] [restartedMain] j.c.e.c.service.GlobalStateService       : suit=2 / num=3 / card-c:203
2026-08-09T16:08:02.388+09:00  INFO 14460 --- [CardCapture-back] [restartedMain] j.c.e.c.service.GlobalStateService       : createDeck; makeCard :code; 204 / suitLハート s:2 / num: 4 numLab:4
2026-08-09T16:08:02.388+09:00  INFO 14460 --- [CardCapture-back] [restartedMain] j.c.e.c.service.GlobalStateService       : suit=2 / num=4 / card-c:204
2026-08-09T16:08:02.388+09:00  INFO 14460 --- [CardCapture-back] [restartedMain] j.c.e.c.service.GlobalStateService       : createDeck; makeCard :code; 205 / suitLハート s:2 / num: 5 numLab:5
2026-08-09T16:08:02.388+09:00  INFO 14460 --- [CardCapture-back] [restartedMain] j.c.e.c.service.GlobalStateService       : suit=2 / num=5 / card-c:205
2026-08-09T16:08:02.388+09:00  INFO 14460 --- [CardCapture-back] [restartedMain] j.c.e.c.service.GlobalStateService       : createDeck; makeCard :code; 206 / suitLハート s:2 / num: 6 numLab:6
2026-08-09T16:08:02.388+09:00  INFO 14460 --- [CardCapture-back] [restartedMain] j.c.e.c.service.GlobalStateService       : suit=2 / num=6 / card-c:206
2026-08-09T16:08:02.388+09:00  INFO 14460 --- [CardCapture-back] [restartedMain] j.c.e.c.service.GlobalStateService       : createDeck; makeCard :code; 207 / suitLハート s:2 / num: 7 numLab:7
2026-08-09T16:08:02.388+09:00  INFO 14460 --- [CardCapture-back] [restartedMain] j.c.e.c.service.GlobalStateService       : suit=2 / num=7 / card-c:207
2026-08-09T16:08:02.388+09:00  INFO 14460 --- [CardCapture-back] [restartedMain] j.c.e.c.service.GlobalStateService       : createDeck; makeCard :code; 208 / suitLハート s:2 / num: 8 numLab:8
2026-08-09T16:08:02.388+09:00  INFO 14460 --- [CardCapture-back] [restartedMain] j.c.e.c.service.GlobalStateService       : suit=2 / num=8 / card-c:208
2026-08-09T16:08:02.388+09:00  INFO 14460 --- [CardCapture-back] [restartedMain] j.c.e.c.service.GlobalStateService       : createDeck; makeCard :code; 209 / suitLハート s:2 / num: 9 numLab:9
2026-08-09T16:08:02.388+09:00  INFO 14460 --- [CardCapture-back] [restartedMain] j.c.e.c.service.GlobalStateService       : suit=2 / num=9 / card-c:209
2026-08-09T16:08:02.388+09:00  INFO 14460 --- [CardCapture-back] [restartedMain] j.c.e.c.service.GlobalStateService       : createDeck; makeCard :code; 210 / suitLハート s:2 / num: 10 numLab:10
2026-08-09T16:08:02.388+09:00  INFO 14460 --- [CardCapture-back] [restartedMain] j.c.e.c.service.GlobalStateService       : suit=2 / num=10 / card-c:210
2026-08-09T16:08:02.388+09:00  INFO 14460 --- [CardCapture-back] [restartedMain] j.c.e.c.service.GlobalStateService       : createDeck; makeCard :code; 211 / suitLハート s:2 / num: 11 numLab:ジャック
2026-08-09T16:08:02.388+09:00  INFO 14460 --- [CardCapture-back] [restartedMain] j.c.e.c.service.GlobalStateService       : suit=2 / num=11 / card-c:211
2026-08-09T16:08:02.389+09:00  INFO 14460 --- [CardCapture-back] [restartedMain] j.c.e.c.service.GlobalStateService       : createDeck; makeCard :code; 212 / suitLハート s:2 / num: 12 numLab:クイーン
2026-08-09T16:08:02.389+09:00  INFO 14460 --- [CardCapture-back] [restartedMain] j.c.e.c.service.GlobalStateService       : suit=2 / num=12 / card-c:212
2026-08-09T16:08:02.389+09:00  INFO 14460 --- [CardCapture-back] [restartedMain] j.c.e.c.service.GlobalStateService       : createDeck; makeCard :code; 213 / suitLハート s:2 / num: 13 numLab:キング
2026-08-09T16:08:02.389+09:00  INFO 14460 --- [CardCapture-back] [restartedMain] j.c.e.c.service.GlobalStateService       : suit=2 / num=13 / card-c:213
2026-08-09T16:08:02.389+09:00  INFO 14460 --- [CardCapture-back] [restartedMain] j.c.e.c.service.GlobalStateService       : createDeck; makeCard :code; 214 / suitLハート s:2 / num: 14 numLab:エース
2026-08-09T16:08:02.389+09:00  INFO 14460 --- [CardCapture-back] [restartedMain] j.c.e.c.service.GlobalStateService       : suit=2 / num=14 / card-c:214
2026-08-09T16:08:02.389+09:00  INFO 14460 --- [CardCapture-back] [restartedMain] j.c.e.c.service.GlobalStateService       : createDeck; makeCard :code; 302 / suitLダイヤ s:3 / num: 2 numLab:2
2026-08-09T16:08:02.389+09:00  INFO 14460 --- [CardCapture-back] [restartedMain] j.c.e.c.service.GlobalStateService       : suit=3 / num=2 / card-c:302
2026-08-09T16:08:02.389+09:00  INFO 14460 --- [CardCapture-back] [restartedMain] j.c.e.c.service.GlobalStateService       : createDeck; makeCard :code; 303 / suitLダイヤ s:3 / num: 3 numLab:3
2026-08-09T16:08:02.389+09:00  INFO 14460 --- [CardCapture-back] [restartedMain] j.c.e.c.service.GlobalStateService       : suit=3 / num=3 / card-c:303
2026-08-09T16:08:02.389+09:00  INFO 14460 --- [CardCapture-back] [restartedMain] j.c.e.c.service.GlobalStateService       : createDeck; makeCard :code; 304 / suitLダイヤ s:3 / num: 4 numLab:4
2026-08-09T16:08:02.389+09:00  INFO 14460 --- [CardCapture-back] [restartedMain] j.c.e.c.service.GlobalStateService       : suit=3 / num=4 / card-c:304
2026-08-09T16:08:02.389+09:00  INFO 14460 --- [CardCapture-back] [restartedMain] j.c.e.c.service.GlobalStateService       : createDeck; makeCard :code; 305 / suitLダイヤ s:3 / num: 5 numLab:5
2026-08-09T16:08:02.389+09:00  INFO 14460 --- [CardCapture-back] [restartedMain] j.c.e.c.service.GlobalStateService       : suit=3 / num=5 / card-c:305
2026-08-09T16:08:02.389+09:00  INFO 14460 --- [CardCapture-back] [restartedMain] j.c.e.c.service.GlobalStateService       : createDeck; makeCard :code; 306 / suitLダイヤ s:3 / num: 6 numLab:6
2026-08-09T16:08:02.389+09:00  INFO 14460 --- [CardCapture-back] [restartedMain] j.c.e.c.service.GlobalStateService       : suit=3 / num=6 / card-c:306
2026-08-09T16:08:02.389+09:00  INFO 14460 --- [CardCapture-back] [restartedMain] j.c.e.c.service.GlobalStateService       : createDeck; makeCard :code; 307 / suitLダイヤ s:3 / num: 7 numLab:7
2026-08-09T16:08:02.389+09:00  INFO 14460 --- [CardCapture-back] [restartedMain] j.c.e.c.service.GlobalStateService       : suit=3 / num=7 / card-c:307
2026-08-09T16:08:02.389+09:00  INFO 14460 --- [CardCapture-back] [restartedMain] j.c.e.c.service.GlobalStateService       : createDeck; makeCard :code; 308 / suitLダイヤ s:3 / num: 8 numLab:8
2026-08-09T16:08:02.389+09:00  INFO 14460 --- [CardCapture-back] [restartedMain] j.c.e.c.service.GlobalStateService       : suit=3 / num=8 / card-c:308
2026-08-09T16:08:02.389+09:00  INFO 14460 --- [CardCapture-back] [restartedMain] j.c.e.c.service.GlobalStateService       : createDeck; makeCard :code; 309 / suitLダイヤ s:3 / num: 9 numLab:9
2026-08-09T16:08:02.389+09:00  INFO 14460 --- [CardCapture-back] [restartedMain] j.c.e.c.service.GlobalStateService       : suit=3 / num=9 / card-c:309
2026-08-09T16:08:02.389+09:00  INFO 14460 --- [CardCapture-back] [restartedMain] j.c.e.c.service.GlobalStateService       : createDeck; makeCard :code; 310 / suitLダイヤ s:3 / num: 10 numLab:10
2026-08-09T16:08:02.390+09:00  INFO 14460 --- [CardCapture-back] [restartedMain] j.c.e.c.service.GlobalStateService       : suit=3 / num=10 / card-c:310
2026-08-09T16:08:02.390+09:00  INFO 14460 --- [CardCapture-back] [restartedMain] j.c.e.c.service.GlobalStateService       : createDeck; makeCard :code; 311 / suitLダイヤ s:3 / num: 11 numLab:ジャック
2026-08-09T16:08:02.390+09:00  INFO 14460 --- [CardCapture-back] [restartedMain] j.c.e.c.service.GlobalStateService       : suit=3 / num=11 / card-c:311
2026-08-09T16:08:02.390+09:00  INFO 14460 --- [CardCapture-back] [restartedMain] j.c.e.c.service.GlobalStateService       : createDeck; makeCard :code; 312 / suitLダイヤ s:3 / num: 12 numLab:クイーン
2026-08-09T16:08:02.390+09:00  INFO 14460 --- [CardCapture-back] [restartedMain] j.c.e.c.service.GlobalStateService       : suit=3 / num=12 / card-c:312
2026-08-09T16:08:02.390+09:00  INFO 14460 --- [CardCapture-back] [restartedMain] j.c.e.c.service.GlobalStateService       : createDeck; makeCard :code; 313 / suitLダイヤ s:3 / num: 13 numLab:キング
2026-08-09T16:08:02.390+09:00  INFO 14460 --- [CardCapture-back] [restartedMain] j.c.e.c.service.GlobalStateService       : suit=3 / num=13 / card-c:313
2026-08-09T16:08:02.390+09:00  INFO 14460 --- [CardCapture-back] [restartedMain] j.c.e.c.service.GlobalStateService       : createDeck; makeCard :code; 314 / suitLダイヤ s:3 / num: 14 numLab:エース
2026-08-09T16:08:02.390+09:00  INFO 14460 --- [CardCapture-back] [restartedMain] j.c.e.c.service.GlobalStateService       : suit=3 / num=14 / card-c:314
2026-08-09T16:08:02.390+09:00  INFO 14460 --- [CardCapture-back] [restartedMain] j.c.e.c.service.GlobalStateService       : createDeck; makeCard :code; 402 / suitLクラブ s:4 / num: 2 numLab:2
2026-08-09T16:08:02.390+09:00  INFO 14460 --- [CardCapture-back] [restartedMain] j.c.e.c.service.GlobalStateService       : suit=4 / num=2 / card-c:402
2026-08-09T16:08:02.391+09:00  INFO 14460 --- [CardCapture-back] [restartedMain] j.c.e.c.service.GlobalStateService       : createDeck; makeCard :code; 403 / suitLクラブ s:4 / num: 3 numLab:3
2026-08-09T16:08:02.391+09:00  INFO 14460 --- [CardCapture-back] [restartedMain] j.c.e.c.service.GlobalStateService       : suit=4 / num=3 / card-c:403
2026-08-09T16:08:02.391+09:00  INFO 14460 --- [CardCapture-back] [restartedMain] j.c.e.c.service.GlobalStateService       : createDeck; makeCard :code; 404 / suitLクラブ s:4 / num: 4 numLab:4
2026-08-09T16:08:02.391+09:00  INFO 14460 --- [CardCapture-back] [restartedMain] j.c.e.c.service.GlobalStateService       : suit=4 / num=4 / card-c:404
2026-08-09T16:08:02.391+09:00  INFO 14460 --- [CardCapture-back] [restartedMain] j.c.e.c.service.GlobalStateService       : createDeck; makeCard :code; 405 / suitLクラブ s:4 / num: 5 numLab:5
2026-08-09T16:08:02.391+09:00  INFO 14460 --- [CardCapture-back] [restartedMain] j.c.e.c.service.GlobalStateService       : suit=4 / num=5 / card-c:405
2026-08-09T16:08:02.391+09:00  INFO 14460 --- [CardCapture-back] [restartedMain] j.c.e.c.service.GlobalStateService       : createDeck; makeCard :code; 406 / suitLクラブ s:4 / num: 6 numLab:6
2026-08-09T16:08:02.392+09:00  INFO 14460 --- [CardCapture-back] [restartedMain] j.c.e.c.service.GlobalStateService       : suit=4 / num=6 / card-c:406
2026-08-09T16:08:02.392+09:00  INFO 14460 --- [CardCapture-back] [restartedMain] j.c.e.c.service.GlobalStateService       : createDeck; makeCard :code; 407 / suitLクラブ s:4 / num: 7 numLab:7
2026-08-09T16:08:02.392+09:00  INFO 14460 --- [CardCapture-back] [restartedMain] j.c.e.c.service.GlobalStateService       : suit=4 / num=7 / card-c:407
2026-08-09T16:08:02.392+09:00  INFO 14460 --- [CardCapture-back] [restartedMain] j.c.e.c.service.GlobalStateService       : createDeck; makeCard :code; 408 / suitLクラブ s:4 / num: 8 numLab:8
2026-08-09T16:08:02.392+09:00  INFO 14460 --- [CardCapture-back] [restartedMain] j.c.e.c.service.GlobalStateService       : suit=4 / num=8 / card-c:408
2026-08-09T16:08:02.392+09:00  INFO 14460 --- [CardCapture-back] [restartedMain] j.c.e.c.service.GlobalStateService       : createDeck; makeCard :code; 409 / suitLクラブ s:4 / num: 9 numLab:9
2026-08-09T16:08:02.392+09:00  INFO 14460 --- [CardCapture-back] [restartedMain] j.c.e.c.service.GlobalStateService       : suit=4 / num=9 / card-c:409
2026-08-09T16:08:02.392+09:00  INFO 14460 --- [CardCapture-back] [restartedMain] j.c.e.c.service.GlobalStateService       : createDeck; makeCard :code; 410 / suitLクラブ s:4 / num: 10 numLab:10
2026-08-09T16:08:02.392+09:00  INFO 14460 --- [CardCapture-back] [restartedMain] j.c.e.c.service.GlobalStateService       : suit=4 / num=10 / card-c:410
2026-08-09T16:08:02.392+09:00  INFO 14460 --- [CardCapture-back] [restartedMain] j.c.e.c.service.GlobalStateService       : createDeck; makeCard :code; 411 / suitLクラブ s:4 / num: 11 numLab:ジャック
2026-08-09T16:08:02.392+09:00  INFO 14460 --- [CardCapture-back] [restartedMain] j.c.e.c.service.GlobalStateService       : suit=4 / num=11 / card-c:411
2026-08-09T16:08:02.393+09:00  INFO 14460 --- [CardCapture-back] [restartedMain] j.c.e.c.service.GlobalStateService       : createDeck; makeCard :code; 412 / suitLクラブ s:4 / num: 12 numLab:クイーン
2026-08-09T16:08:02.393+09:00  INFO 14460 --- [CardCapture-back] [restartedMain] j.c.e.c.service.GlobalStateService       : suit=4 / num=12 / card-c:412
2026-08-09T16:08:02.393+09:00  INFO 14460 --- [CardCapture-back] [restartedMain] j.c.e.c.service.GlobalStateService       : createDeck; makeCard :code; 413 / suitLクラブ s:4 / num: 13 numLab:キング
2026-08-09T16:08:02.393+09:00  INFO 14460 --- [CardCapture-back] [restartedMain] j.c.e.c.service.GlobalStateService       : suit=4 / num=13 / card-c:413
2026-08-09T16:08:02.393+09:00  INFO 14460 --- [CardCapture-back] [restartedMain] j.c.e.c.service.GlobalStateService       : createDeck; makeCard :code; 414 / suitLクラブ s:4 / num: 14 numLab:エース
2026-08-09T16:08:02.393+09:00  INFO 14460 --- [CardCapture-back] [restartedMain] j.c.e.c.service.GlobalStateService       : suit=4 / num=14 / card-c:414
2026-08-09T16:08:02.393+09:00  INFO 14460 --- [CardCapture-back] [restartedMain] j.c.e.c.service.GlobalStateService       : createDeck; makeCard :code; 501 / suitLジョーカー s:5 / num: 1 numLab:1
2026-08-09T16:08:02.393+09:00  INFO 14460 --- [CardCapture-back] [restartedMain] j.c.e.c.service.GlobalStateService       : createDeck; makeCard :code; 502 / suitLジョーカー s:5 / num: 2 numLab:2
2026-08-09T16:08:02.393+09:00  INFO 14460 --- [CardCapture-back] [restartedMain] j.c.e.c.service.GlobalStateService       : createDeck; 終了
2026-08-09T16:08:02.480+09:00  INFO 14460 --- [CardCapture-back] [restartedMain] o.s.v.b.OptionalValidatorFactoryBean     : Failed to set up a Bean Validation provider: jakarta.validation.NoProviderFoundException: Unable to create a Configuration, because no Jakarta Validation provider could be found. Add a provider like Hibernate Validator (RI) to your classpath.
2026-08-09T16:08:02.661+09:00  INFO 14460 --- [CardCapture-back] [restartedMain] o.s.boot.tomcat.TomcatWebServer          : Tomcat started on port 8080 (http) with context path '/'
2026-08-09T16:08:02.667+09:00  INFO 14460 --- [CardCapture-back] [restartedMain] j.c.e.c.CardCaptureBackApplication       : Started CardCaptureBackApplication in 1.685 seconds (process running for 120200.708)
2026-08-09T16:08:02.671+09:00  INFO 14460 --- [CardCapture-back] [restartedMain] .ConditionEvaluationDeltaLoggingListener : Condition evaluation unchanged
2026-08-09T16:08:17.831+09:00  INFO 14460 --- [CardCapture-back] [http-nio-8080-exec-1] o.a.c.c.C.[Tomcat-1].[localhost].[/]     : Initializing Spring DispatcherServlet 'dispatcherServlet'
2026-08-09T16:08:17.832+09:00  INFO 14460 --- [CardCapture-back] [http-nio-8080-exec-1] o.s.web.servlet.DispatcherServlet        : Initializing Servlet 'dispatcherServlet'
2026-08-09T16:08:17.836+09:00  INFO 14460 --- [CardCapture-back] [http-nio-8080-exec-1] o.s.web.servlet.DispatcherServlet        : Completed initialization in 3 ms
2026-08-09T16:08:17.864+09:00 ERROR 14460 --- [CardCapture-back] [http-nio-8080-exec-1] o.a.c.c.C.[.[.[/].[dispatcherServlet]    : Servlet.service() for servlet [dispatcherServlet] in context with path [] threw exception [Handler dispatch failed: java.lang.Error: Unresolved compilation problem: 
	このメソッドは型 InitGameRes の結果を戻す必要があります
] with root cause

java.lang.Error: Unresolved compilation problem: 
	このメソッドは型 InitGameRes の結果を戻す必要があります

	at jp.co.ea.cardcapture.service.CardCuptureInitService.init(CardCuptureInitService.java:24) ~[main/:na]
	at jp.co.ea.cardcapture.controller.CardCaptureController.initGame(CardCaptureController.java:44) ~[main/:na]
	at java.base/jdk.internal.reflect.DirectMethodHandleAccessor.invoke(DirectMethodHandleAccessor.java:103) ~[na:na]
	at java.base/java.lang.reflect.Method.invoke(Method.java:580) ~[na:na]
	at org.springframework.web.method.support.InvocableHandlerMethod.doInvoke(InvocableHandlerMethod.java:252) ~[spring-web-7.0.8.jar:7.0.8]
	at org.springframework.web.method.support.InvocableHandlerMethod.invokeForRequest(InvocableHandlerMethod.java:184) ~[spring-web-7.0.8.jar:7.0.8]
	at org.springframework.web.servlet.mvc.method.annotation.ServletInvocableHandlerMethod.invokeAndHandle(ServletInvocableHandlerMethod.java:117) ~[spring-webmvc-7.0.8.jar:7.0.8]
	at org.springframework.web.servlet.mvc.method.annotation.RequestMappingHandlerAdapter.invokeHandlerMethod(RequestMappingHandlerAdapter.java:934) ~[spring-webmvc-7.0.8.jar:7.0.8]
	at org.springframework.web.servlet.mvc.method.annotation.RequestMappingHandlerAdapter.handleInternal(RequestMappingHandlerAdapter.java:853) ~[spring-webmvc-7.0.8.jar:7.0.8]
	at org.springframework.web.servlet.mvc.method.AbstractHandlerMethodAdapter.handle(AbstractHandlerMethodAdapter.java:86) ~[spring-webmvc-7.0.8.jar:7.0.8]
	at org.springframework.web.servlet.DispatcherServlet.doDispatch(DispatcherServlet.java:963) ~[spring-webmvc-7.0.8.jar:7.0.8]
	at org.springframework.web.servlet.DispatcherServlet.doService(DispatcherServlet.java:866) ~[spring-webmvc-7.0.8.jar:7.0.8]
	at org.springframework.web.servlet.FrameworkServlet.processRequest(FrameworkServlet.java:1000) ~[spring-webmvc-7.0.8.jar:7.0.8]
	at org.springframework.web.servlet.FrameworkServlet.doPost(FrameworkServlet.java:903) ~[spring-webmvc-7.0.8.jar:7.0.8]
	at jakarta.servlet.http.HttpServlet.service(HttpServlet.java:649) ~[tomcat-embed-core-11.0.22.jar:6.1]
	at org.springframework.web.servlet.FrameworkServlet.service(FrameworkServlet.java:874) ~[spring-webmvc-7.0.8.jar:7.0.8]
	at jakarta.servlet.http.HttpServlet.service(HttpServlet.java:710) ~[tomcat-embed-core-11.0.22.jar:6.1]
	at org.apache.catalina.core.ApplicationFilterChain.doFilter(ApplicationFilterChain.java:128) ~[tomcat-embed-core-11.0.22.jar:11.0.22]
	at org.apache.tomcat.websocket.server.WsFilter.doFilter(WsFilter.java:53) ~[tomcat-embed-websocket-11.0.22.jar:11.0.22]
	at org.apache.catalina.core.ApplicationFilterChain.doFilter(ApplicationFilterChain.java:107) ~[tomcat-embed-core-11.0.22.jar:11.0.22]
	at org.springframework.web.filter.RequestContextFilter.doFilterInternal(RequestContextFilter.java:100) ~[spring-web-7.0.8.jar:7.0.8]
	at org.springframework.web.filter.OncePerRequestFilter.doFilter(OncePerRequestFilter.java:116) ~[spring-web-7.0.8.jar:7.0.8]
	at org.apache.catalina.core.ApplicationFilterChain.doFilter(ApplicationFilterChain.java:107) ~[tomcat-embed-core-11.0.22.jar:11.0.22]
	at org.springframework.web.filter.FormContentFilter.doFilterInternal(FormContentFilter.java:93) ~[spring-web-7.0.8.jar:7.0.8]
	at org.springframework.web.filter.OncePerRequestFilter.doFilter(OncePerRequestFilter.java:116) ~[spring-web-7.0.8.jar:7.0.8]
	at org.apache.catalina.core.ApplicationFilterChain.doFilter(ApplicationFilterChain.java:107) ~[tomcat-embed-core-11.0.22.jar:11.0.22]
	at org.springframework.web.filter.CharacterEncodingFilter.doFilterInternal(CharacterEncodingFilter.java:199) ~[spring-web-7.0.8.jar:7.0.8]
	at org.springframework.web.filter.OncePerRequestFilter.doFilter(OncePerRequestFilter.java:116) ~[spring-web-7.0.8.jar:7.0.8]
	at org.apache.catalina.core.ApplicationFilterChain.doFilter(ApplicationFilterChain.java:107) ~[tomcat-embed-core-11.0.22.jar:11.0.22]
	at org.apache.catalina.core.StandardWrapperValve.invoke(StandardWrapperValve.java:165) ~[tomcat-embed-core-11.0.22.jar:11.0.22]
	at org.apache.catalina.core.StandardContextValve.invoke(StandardContextValve.java:77) ~[tomcat-embed-core-11.0.22.jar:11.0.22]
	at org.apache.catalina.authenticator.AuthenticatorBase.invoke(AuthenticatorBase.java:492) ~[tomcat-embed-core-11.0.22.jar:11.0.22]
	at org.apache.catalina.core.StandardHostValve.invoke(StandardHostValve.java:113) ~[tomcat-embed-core-11.0.22.jar:11.0.22]
	at org.apache.catalina.valves.ErrorReportValve.invoke(ErrorReportValve.java:83) ~[tomcat-embed-core-11.0.22.jar:11.0.22]
	at org.apache.catalina.core.StandardEngineValve.invoke(StandardEngineValve.java:72) ~[tomcat-embed-core-11.0.22.jar:11.0.22]
	at org.apache.catalina.connector.CoyoteAdapter.service(CoyoteAdapter.java:341) ~[tomcat-embed-core-11.0.22.jar:11.0.22]
	at org.apache.coyote.http11.Http11Processor.service(Http11Processor.java:397) ~[tomcat-embed-core-11.0.22.jar:11.0.22]
	at org.apache.coyote.AbstractProcessorLight.process(AbstractProcessorLight.java:63) ~[tomcat-embed-core-11.0.22.jar:11.0.22]
	at org.apache.coyote.AbstractProtocol$ConnectionHandler.process(AbstractProtocol.java:1272) ~[tomcat-embed-core-11.0.22.jar:11.0.22]
	at org.apache.tomcat.util.net.NioEndpoint$SocketProcessor.doRun(NioEndpoint.java:1801) ~[tomcat-embed-core-11.0.22.jar:11.0.22]
	at org.apache.tomcat.util.net.SocketProcessorBase.run(SocketProcessorBase.java:52) ~[tomcat-embed-core-11.0.22.jar:11.0.22]
	at org.apache.tomcat.util.threads.ThreadPoolExecutor.runWorker(ThreadPoolExecutor.java:946) ~[tomcat-embed-core-11.0.22.jar:11.0.22]
	at org.apache.tomcat.util.threads.ThreadPoolExecutor$Worker.run(ThreadPoolExecutor.java:480) ~[tomcat-embed-core-11.0.22.jar:11.0.22]
	at org.apache.tomcat.util.threads.TaskThread$WrappingRunnable.run(TaskThread.java:57) ~[tomcat-embed-core-11.0.22.jar:11.0.22]
	at java.base/java.lang.Thread.run(Thread.java:1583) ~[na:na]

2026-08-09T16:11:12.036+09:00  INFO 14460 --- [CardCapture-back] [File Watcher] rtingClassPathChangeChangedEventListener : Restarting due to 20 class path changes (0 additions, 0 deletions, 20 modifications)
2026-08-09T16:11:12.040+09:00  INFO 14460 --- [CardCapture-back] [Thread-9] o.s.boot.tomcat.GracefulShutdown         : Commencing graceful shutdown. Waiting for active requests to complete
2026-08-09T16:11:12.056+09:00  INFO 14460 --- [CardCapture-back] [tomcat-shutdown] o.s.boot.tomcat.GracefulShutdown         : Graceful shutdown complete
2026-08-09T16:11:12.289+09:00  INFO 14460 --- [CardCapture-back] [restartedMain] j.c.e.c.CardCaptureBackApplication       : Starting CardCaptureBackApplication using Java 21.0.9 with PID 14460 (C:\kino-work\SpringBoot\CardCapture-back\bin\main started by NPC-61 in C:\kino-work\SpringBoot\CardCapture-back)
2026-08-09T16:11:12.290+09:00  INFO 14460 --- [CardCapture-back] [restartedMain] j.c.e.c.CardCaptureBackApplication       : No active profile set, falling back to 1 default profile: "default"
2026-08-09T16:11:12.748+09:00  INFO 14460 --- [CardCapture-back] [restartedMain] o.s.boot.tomcat.TomcatWebServer          : Tomcat initialized with port 8080 (http)
2026-08-09T16:11:12.751+09:00  INFO 14460 --- [CardCapture-back] [restartedMain] o.apache.catalina.core.StandardService   : Starting service [Tomcat]
2026-08-09T16:11:12.751+09:00  INFO 14460 --- [CardCapture-back] [restartedMain] o.apache.catalina.core.StandardEngine    : Starting Servlet engine: [Apache Tomcat/11.0.22]
2026-08-09T16:11:12.774+09:00  INFO 14460 --- [CardCapture-back] [restartedMain] b.w.c.s.WebApplicationContextInitializer : Root WebApplicationContext: initialization completed in 478 ms
2026-08-09T16:11:12.811+09:00  INFO 14460 --- [CardCapture-back] [restartedMain] j.c.e.c.service.GlobalStateService       : createDeck; 開始
2026-08-09T16:11:12.820+09:00  INFO 14460 --- [CardCapture-back] [restartedMain] j.c.e.c.service.GlobalStateService       : createDeck; makeCard :code; 102 / suitLスペード s:1 / num: 2 numLab:2
2026-08-09T16:11:12.821+09:00  INFO 14460 --- [CardCapture-back] [restartedMain] j.c.e.c.service.GlobalStateService       : suit=1 / num=2 / card-c:102
2026-08-09T16:11:12.822+09:00  INFO 14460 --- [CardCapture-back] [restartedMain] j.c.e.c.service.GlobalStateService       : createDeck; makeCard :code; 103 / suitLスペード s:1 / num: 3 numLab:3
2026-08-09T16:11:12.822+09:00  INFO 14460 --- [CardCapture-back] [restartedMain] j.c.e.c.service.GlobalStateService       : suit=1 / num=3 / card-c:103
2026-08-09T16:11:12.822+09:00  INFO 14460 --- [CardCapture-back] [restartedMain] j.c.e.c.service.GlobalStateService       : createDeck; makeCard :code; 104 / suitLスペード s:1 / num: 4 numLab:4
2026-08-09T16:11:12.822+09:00  INFO 14460 --- [CardCapture-back] [restartedMain] j.c.e.c.service.GlobalStateService       : suit=1 / num=4 / card-c:104
2026-08-09T16:11:12.822+09:00  INFO 14460 --- [CardCapture-back] [restartedMain] j.c.e.c.service.GlobalStateService       : createDeck; makeCard :code; 105 / suitLスペード s:1 / num: 5 numLab:5
2026-08-09T16:11:12.822+09:00  INFO 14460 --- [CardCapture-back] [restartedMain] j.c.e.c.service.GlobalStateService       : suit=1 / num=5 / card-c:105
2026-08-09T16:11:12.822+09:00  INFO 14460 --- [CardCapture-back] [restartedMain] j.c.e.c.service.GlobalStateService       : createDeck; makeCard :code; 106 / suitLスペード s:1 / num: 6 numLab:6
2026-08-09T16:11:12.822+09:00  INFO 14460 --- [CardCapture-back] [restartedMain] j.c.e.c.service.GlobalStateService       : suit=1 / num=6 / card-c:106
2026-08-09T16:11:12.822+09:00  INFO 14460 --- [CardCapture-back] [restartedMain] j.c.e.c.service.GlobalStateService       : createDeck; makeCard :code; 107 / suitLスペード s:1 / num: 7 numLab:7
2026-08-09T16:11:12.822+09:00  INFO 14460 --- [CardCapture-back] [restartedMain] j.c.e.c.service.GlobalStateService       : suit=1 / num=7 / card-c:107
2026-08-09T16:11:12.822+09:00  INFO 14460 --- [CardCapture-back] [restartedMain] j.c.e.c.service.GlobalStateService       : createDeck; makeCard :code; 108 / suitLスペード s:1 / num: 8 numLab:8
2026-08-09T16:11:12.822+09:00  INFO 14460 --- [CardCapture-back] [restartedMain] j.c.e.c.service.GlobalStateService       : suit=1 / num=8 / card-c:108
2026-08-09T16:11:12.822+09:00  INFO 14460 --- [CardCapture-back] [restartedMain] j.c.e.c.service.GlobalStateService       : createDeck; makeCard :code; 109 / suitLスペード s:1 / num: 9 numLab:9
2026-08-09T16:11:12.822+09:00  INFO 14460 --- [CardCapture-back] [restartedMain] j.c.e.c.service.GlobalStateService       : suit=1 / num=9 / card-c:109
2026-08-09T16:11:12.822+09:00  INFO 14460 --- [CardCapture-back] [restartedMain] j.c.e.c.service.GlobalStateService       : createDeck; makeCard :code; 110 / suitLスペード s:1 / num: 10 numLab:10
2026-08-09T16:11:12.822+09:00  INFO 14460 --- [CardCapture-back] [restartedMain] j.c.e.c.service.GlobalStateService       : suit=1 / num=10 / card-c:110
2026-08-09T16:11:12.822+09:00  INFO 14460 --- [CardCapture-back] [restartedMain] j.c.e.c.service.GlobalStateService       : createDeck; makeCard :code; 111 / suitLスペード s:1 / num: 11 numLab:ジャック
2026-08-09T16:11:12.822+09:00  INFO 14460 --- [CardCapture-back] [restartedMain] j.c.e.c.service.GlobalStateService       : suit=1 / num=11 / card-c:111
2026-08-09T16:11:12.822+09:00  INFO 14460 --- [CardCapture-back] [restartedMain] j.c.e.c.service.GlobalStateService       : createDeck; makeCard :code; 112 / suitLスペード s:1 / num: 12 numLab:クイーン
2026-08-09T16:11:12.822+09:00  INFO 14460 --- [CardCapture-back] [restartedMain] j.c.e.c.service.GlobalStateService       : suit=1 / num=12 / card-c:112
2026-08-09T16:11:12.822+09:00  INFO 14460 --- [CardCapture-back] [restartedMain] j.c.e.c.service.GlobalStateService       : createDeck; makeCard :code; 113 / suitLスペード s:1 / num: 13 numLab:キング
2026-08-09T16:11:12.822+09:00  INFO 14460 --- [CardCapture-back] [restartedMain] j.c.e.c.service.GlobalStateService       : suit=1 / num=13 / card-c:113
2026-08-09T16:11:12.822+09:00  INFO 14460 --- [CardCapture-back] [restartedMain] j.c.e.c.service.GlobalStateService       : createDeck; makeCard :code; 114 / suitLスペード s:1 / num: 14 numLab:エース
2026-08-09T16:11:12.822+09:00  INFO 14460 --- [CardCapture-back] [restartedMain] j.c.e.c.service.GlobalStateService       : suit=1 / num=14 / card-c:114
2026-08-09T16:11:12.823+09:00  INFO 14460 --- [CardCapture-back] [restartedMain] j.c.e.c.service.GlobalStateService       : createDeck; makeCard :code; 202 / suitLハート s:2 / num: 2 numLab:2
2026-08-09T16:11:12.823+09:00  INFO 14460 --- [CardCapture-back] [restartedMain] j.c.e.c.service.GlobalStateService       : suit=2 / num=2 / card-c:202
2026-08-09T16:11:12.823+09:00  INFO 14460 --- [CardCapture-back] [restartedMain] j.c.e.c.service.GlobalStateService       : createDeck; makeCard :code; 203 / suitLハート s:2 / num: 3 numLab:3
2026-08-09T16:11:12.823+09:00  INFO 14460 --- [CardCapture-back] [restartedMain] j.c.e.c.service.GlobalStateService       : suit=2 / num=3 / card-c:203
2026-08-09T16:11:12.823+09:00  INFO 14460 --- [CardCapture-back] [restartedMain] j.c.e.c.service.GlobalStateService       : createDeck; makeCard :code; 204 / suitLハート s:2 / num: 4 numLab:4
2026-08-09T16:11:12.823+09:00  INFO 14460 --- [CardCapture-back] [restartedMain] j.c.e.c.service.GlobalStateService       : suit=2 / num=4 / card-c:204
2026-08-09T16:11:12.823+09:00  INFO 14460 --- [CardCapture-back] [restartedMain] j.c.e.c.service.GlobalStateService       : createDeck; makeCard :code; 205 / suitLハート s:2 / num: 5 numLab:5
2026-08-09T16:11:12.823+09:00  INFO 14460 --- [CardCapture-back] [restartedMain] j.c.e.c.service.GlobalStateService       : suit=2 / num=5 / card-c:205
2026-08-09T16:11:12.823+09:00  INFO 14460 --- [CardCapture-back] [restartedMain] j.c.e.c.service.GlobalStateService       : createDeck; makeCard :code; 206 / suitLハート s:2 / num: 6 numLab:6
2026-08-09T16:11:12.823+09:00  INFO 14460 --- [CardCapture-back] [restartedMain] j.c.e.c.service.GlobalStateService       : suit=2 / num=6 / card-c:206
2026-08-09T16:11:12.823+09:00  INFO 14460 --- [CardCapture-back] [restartedMain] j.c.e.c.service.GlobalStateService       : createDeck; makeCard :code; 207 / suitLハート s:2 / num: 7 numLab:7
2026-08-09T16:11:12.823+09:00  INFO 14460 --- [CardCapture-back] [restartedMain] j.c.e.c.service.GlobalStateService       : suit=2 / num=7 / card-c:207
2026-08-09T16:11:12.823+09:00  INFO 14460 --- [CardCapture-back] [restartedMain] j.c.e.c.service.GlobalStateService       : createDeck; makeCard :code; 208 / suitLハート s:2 / num: 8 numLab:8
2026-08-09T16:11:12.823+09:00  INFO 14460 --- [CardCapture-back] [restartedMain] j.c.e.c.service.GlobalStateService       : suit=2 / num=8 / card-c:208
2026-08-09T16:11:12.823+09:00  INFO 14460 --- [CardCapture-back] [restartedMain] j.c.e.c.service.GlobalStateService       : createDeck; makeCard :code; 209 / suitLハート s:2 / num: 9 numLab:9
2026-08-09T16:11:12.823+09:00  INFO 14460 --- [CardCapture-back] [restartedMain] j.c.e.c.service.GlobalStateService       : suit=2 / num=9 / card-c:209
2026-08-09T16:11:12.823+09:00  INFO 14460 --- [CardCapture-back] [restartedMain] j.c.e.c.service.GlobalStateService       : createDeck; makeCard :code; 210 / suitLハート s:2 / num: 10 numLab:10
2026-08-09T16:11:12.823+09:00  INFO 14460 --- [CardCapture-back] [restartedMain] j.c.e.c.service.GlobalStateService       : suit=2 / num=10 / card-c:210
2026-08-09T16:11:12.823+09:00  INFO 14460 --- [CardCapture-back] [restartedMain] j.c.e.c.service.GlobalStateService       : createDeck; makeCard :code; 211 / suitLハート s:2 / num: 11 numLab:ジャック
2026-08-09T16:11:12.823+09:00  INFO 14460 --- [CardCapture-back] [restartedMain] j.c.e.c.service.GlobalStateService       : suit=2 / num=11 / card-c:211
2026-08-09T16:11:12.823+09:00  INFO 14460 --- [CardCapture-back] [restartedMain] j.c.e.c.service.GlobalStateService       : createDeck; makeCard :code; 212 / suitLハート s:2 / num: 12 numLab:クイーン
2026-08-09T16:11:12.823+09:00  INFO 14460 --- [CardCapture-back] [restartedMain] j.c.e.c.service.GlobalStateService       : suit=2 / num=12 / card-c:212
2026-08-09T16:11:12.823+09:00  INFO 14460 --- [CardCapture-back] [restartedMain] j.c.e.c.service.GlobalStateService       : createDeck; makeCard :code; 213 / suitLハート s:2 / num: 13 numLab:キング
2026-08-09T16:11:12.823+09:00  INFO 14460 --- [CardCapture-back] [restartedMain] j.c.e.c.service.GlobalStateService       : suit=2 / num=13 / card-c:213
2026-08-09T16:11:12.824+09:00  INFO 14460 --- [CardCapture-back] [restartedMain] j.c.e.c.service.GlobalStateService       : createDeck; makeCard :code; 214 / suitLハート s:2 / num: 14 numLab:エース
2026-08-09T16:11:12.824+09:00  INFO 14460 --- [CardCapture-back] [restartedMain] j.c.e.c.service.GlobalStateService       : suit=2 / num=14 / card-c:214
2026-08-09T16:11:12.824+09:00  INFO 14460 --- [CardCapture-back] [restartedMain] j.c.e.c.service.GlobalStateService       : createDeck; makeCard :code; 302 / suitLダイヤ s:3 / num: 2 numLab:2
2026-08-09T16:11:12.824+09:00  INFO 14460 --- [CardCapture-back] [restartedMain] j.c.e.c.service.GlobalStateService       : suit=3 / num=2 / card-c:302
2026-08-09T16:11:12.824+09:00  INFO 14460 --- [CardCapture-back] [restartedMain] j.c.e.c.service.GlobalStateService       : createDeck; makeCard :code; 303 / suitLダイヤ s:3 / num: 3 numLab:3
2026-08-09T16:11:12.824+09:00  INFO 14460 --- [CardCapture-back] [restartedMain] j.c.e.c.service.GlobalStateService       : suit=3 / num=3 / card-c:303
2026-08-09T16:11:12.824+09:00  INFO 14460 --- [CardCapture-back] [restartedMain] j.c.e.c.service.GlobalStateService       : createDeck; makeCard :code; 304 / suitLダイヤ s:3 / num: 4 numLab:4
2026-08-09T16:11:12.824+09:00  INFO 14460 --- [CardCapture-back] [restartedMain] j.c.e.c.service.GlobalStateService       : suit=3 / num=4 / card-c:304
2026-08-09T16:11:12.824+09:00  INFO 14460 --- [CardCapture-back] [restartedMain] j.c.e.c.service.GlobalStateService       : createDeck; makeCard :code; 305 / suitLダイヤ s:3 / num: 5 numLab:5
2026-08-09T16:11:12.824+09:00  INFO 14460 --- [CardCapture-back] [restartedMain] j.c.e.c.service.GlobalStateService       : suit=3 / num=5 / card-c:305
2026-08-09T16:11:12.824+09:00  INFO 14460 --- [CardCapture-back] [restartedMain] j.c.e.c.service.GlobalStateService       : createDeck; makeCard :code; 306 / suitLダイヤ s:3 / num: 6 numLab:6
2026-08-09T16:11:12.824+09:00  INFO 14460 --- [CardCapture-back] [restartedMain] j.c.e.c.service.GlobalStateService       : suit=3 / num=6 / card-c:306
2026-08-09T16:11:12.824+09:00  INFO 14460 --- [CardCapture-back] [restartedMain] j.c.e.c.service.GlobalStateService       : createDeck; makeCard :code; 307 / suitLダイヤ s:3 / num: 7 numLab:7
2026-08-09T16:11:12.824+09:00  INFO 14460 --- [CardCapture-back] [restartedMain] j.c.e.c.service.GlobalStateService       : suit=3 / num=7 / card-c:307
2026-08-09T16:11:12.824+09:00  INFO 14460 --- [CardCapture-back] [restartedMain] j.c.e.c.service.GlobalStateService       : createDeck; makeCard :code; 308 / suitLダイヤ s:3 / num: 8 numLab:8
2026-08-09T16:11:12.824+09:00  INFO 14460 --- [CardCapture-back] [restartedMain] j.c.e.c.service.GlobalStateService       : suit=3 / num=8 / card-c:308
2026-08-09T16:11:12.824+09:00  INFO 14460 --- [CardCapture-back] [restartedMain] j.c.e.c.service.GlobalStateService       : createDeck; makeCard :code; 309 / suitLダイヤ s:3 / num: 9 numLab:9
2026-08-09T16:11:12.824+09:00  INFO 14460 --- [CardCapture-back] [restartedMain] j.c.e.c.service.GlobalStateService       : suit=3 / num=9 / card-c:309
2026-08-09T16:11:12.824+09:00  INFO 14460 --- [CardCapture-back] [restartedMain] j.c.e.c.service.GlobalStateService       : createDeck; makeCard :code; 310 / suitLダイヤ s:3 / num: 10 numLab:10
2026-08-09T16:11:12.824+09:00  INFO 14460 --- [CardCapture-back] [restartedMain] j.c.e.c.service.GlobalStateService       : suit=3 / num=10 / card-c:310
2026-08-09T16:11:12.824+09:00  INFO 14460 --- [CardCapture-back] [restartedMain] j.c.e.c.service.GlobalStateService       : createDeck; makeCard :code; 311 / suitLダイヤ s:3 / num: 11 numLab:ジャック
2026-08-09T16:11:12.824+09:00  INFO 14460 --- [CardCapture-back] [restartedMain] j.c.e.c.service.GlobalStateService       : suit=3 / num=11 / card-c:311
2026-08-09T16:11:12.824+09:00  INFO 14460 --- [CardCapture-back] [restartedMain] j.c.e.c.service.GlobalStateService       : createDeck; makeCard :code; 312 / suitLダイヤ s:3 / num: 12 numLab:クイーン
2026-08-09T16:11:12.825+09:00  INFO 14460 --- [CardCapture-back] [restartedMain] j.c.e.c.service.GlobalStateService       : suit=3 / num=12 / card-c:312
2026-08-09T16:11:12.825+09:00  INFO 14460 --- [CardCapture-back] [restartedMain] j.c.e.c.service.GlobalStateService       : createDeck; makeCard :code; 313 / suitLダイヤ s:3 / num: 13 numLab:キング
2026-08-09T16:11:12.825+09:00  INFO 14460 --- [CardCapture-back] [restartedMain] j.c.e.c.service.GlobalStateService       : suit=3 / num=13 / card-c:313
2026-08-09T16:11:12.825+09:00  INFO 14460 --- [CardCapture-back] [restartedMain] j.c.e.c.service.GlobalStateService       : createDeck; makeCard :code; 314 / suitLダイヤ s:3 / num: 14 numLab:エース
2026-08-09T16:11:12.825+09:00  INFO 14460 --- [CardCapture-back] [restartedMain] j.c.e.c.service.GlobalStateService       : suit=3 / num=14 / card-c:314
2026-08-09T16:11:12.825+09:00  INFO 14460 --- [CardCapture-back] [restartedMain] j.c.e.c.service.GlobalStateService       : createDeck; makeCard :code; 402 / suitLクラブ s:4 / num: 2 numLab:2
2026-08-09T16:11:12.825+09:00  INFO 14460 --- [CardCapture-back] [restartedMain] j.c.e.c.service.GlobalStateService       : suit=4 / num=2 / card-c:402
2026-08-09T16:11:12.825+09:00  INFO 14460 --- [CardCapture-back] [restartedMain] j.c.e.c.service.GlobalStateService       : createDeck; makeCard :code; 403 / suitLクラブ s:4 / num: 3 numLab:3
2026-08-09T16:11:12.825+09:00  INFO 14460 --- [CardCapture-back] [restartedMain] j.c.e.c.service.GlobalStateService       : suit=4 / num=3 / card-c:403
2026-08-09T16:11:12.825+09:00  INFO 14460 --- [CardCapture-back] [restartedMain] j.c.e.c.service.GlobalStateService       : createDeck; makeCard :code; 404 / suitLクラブ s:4 / num: 4 numLab:4
2026-08-09T16:11:12.825+09:00  INFO 14460 --- [CardCapture-back] [restartedMain] j.c.e.c.service.GlobalStateService       : suit=4 / num=4 / card-c:404
2026-08-09T16:11:12.825+09:00  INFO 14460 --- [CardCapture-back] [restartedMain] j.c.e.c.service.GlobalStateService       : createDeck; makeCard :code; 405 / suitLクラブ s:4 / num: 5 numLab:5
2026-08-09T16:11:12.825+09:00  INFO 14460 --- [CardCapture-back] [restartedMain] j.c.e.c.service.GlobalStateService       : suit=4 / num=5 / card-c:405
2026-08-09T16:11:12.825+09:00  INFO 14460 --- [CardCapture-back] [restartedMain] j.c.e.c.service.GlobalStateService       : createDeck; makeCard :code; 406 / suitLクラブ s:4 / num: 6 numLab:6
2026-08-09T16:11:12.825+09:00  INFO 14460 --- [CardCapture-back] [restartedMain] j.c.e.c.service.GlobalStateService       : suit=4 / num=6 / card-c:406
2026-08-09T16:11:12.825+09:00  INFO 14460 --- [CardCapture-back] [restartedMain] j.c.e.c.service.GlobalStateService       : createDeck; makeCard :code; 407 / suitLクラブ s:4 / num: 7 numLab:7
2026-08-09T16:11:12.825+09:00  INFO 14460 --- [CardCapture-back] [restartedMain] j.c.e.c.service.GlobalStateService       : suit=4 / num=7 / card-c:407
2026-08-09T16:11:12.825+09:00  INFO 14460 --- [CardCapture-back] [restartedMain] j.c.e.c.service.GlobalStateService       : createDeck; makeCard :code; 408 / suitLクラブ s:4 / num: 8 numLab:8
2026-08-09T16:11:12.825+09:00  INFO 14460 --- [CardCapture-back] [restartedMain] j.c.e.c.service.GlobalStateService       : suit=4 / num=8 / card-c:408
2026-08-09T16:11:12.825+09:00  INFO 14460 --- [CardCapture-back] [restartedMain] j.c.e.c.service.GlobalStateService       : createDeck; makeCard :code; 409 / suitLクラブ s:4 / num: 9 numLab:9
2026-08-09T16:11:12.825+09:00  INFO 14460 --- [CardCapture-back] [restartedMain] j.c.e.c.service.GlobalStateService       : suit=4 / num=9 / card-c:409
2026-08-09T16:11:12.825+09:00  INFO 14460 --- [CardCapture-back] [restartedMain] j.c.e.c.service.GlobalStateService       : createDeck; makeCard :code; 410 / suitLクラブ s:4 / num: 10 numLab:10
2026-08-09T16:11:12.825+09:00  INFO 14460 --- [CardCapture-back] [restartedMain] j.c.e.c.service.GlobalStateService       : suit=4 / num=10 / card-c:410
2026-08-09T16:11:12.826+09:00  INFO 14460 --- [CardCapture-back] [restartedMain] j.c.e.c.service.GlobalStateService       : createDeck; makeCard :code; 411 / suitLクラブ s:4 / num: 11 numLab:ジャック
2026-08-09T16:11:12.826+09:00  INFO 14460 --- [CardCapture-back] [restartedMain] j.c.e.c.service.GlobalStateService       : suit=4 / num=11 / card-c:411
2026-08-09T16:11:12.826+09:00  INFO 14460 --- [CardCapture-back] [restartedMain] j.c.e.c.service.GlobalStateService       : createDeck; makeCard :code; 412 / suitLクラブ s:4 / num: 12 numLab:クイーン
2026-08-09T16:11:12.826+09:00  INFO 14460 --- [CardCapture-back] [restartedMain] j.c.e.c.service.GlobalStateService       : suit=4 / num=12 / card-c:412
2026-08-09T16:11:12.826+09:00  INFO 14460 --- [CardCapture-back] [restartedMain] j.c.e.c.service.GlobalStateService       : createDeck; makeCard :code; 413 / suitLクラブ s:4 / num: 13 numLab:キング
2026-08-09T16:11:12.826+09:00  INFO 14460 --- [CardCapture-back] [restartedMain] j.c.e.c.service.GlobalStateService       : suit=4 / num=13 / card-c:413
2026-08-09T16:11:12.826+09:00  INFO 14460 --- [CardCapture-back] [restartedMain] j.c.e.c.service.GlobalStateService       : createDeck; makeCard :code; 414 / suitLクラブ s:4 / num: 14 numLab:エース
2026-08-09T16:11:12.826+09:00  INFO 14460 --- [CardCapture-back] [restartedMain] j.c.e.c.service.GlobalStateService       : suit=4 / num=14 / card-c:414
2026-08-09T16:11:12.826+09:00  INFO 14460 --- [CardCapture-back] [restartedMain] j.c.e.c.service.GlobalStateService       : createDeck; makeCard :code; 501 / suitLジョーカー s:5 / num: 1 numLab:1
2026-08-09T16:11:12.826+09:00  INFO 14460 --- [CardCapture-back] [restartedMain] j.c.e.c.service.GlobalStateService       : createDeck; makeCard :code; 502 / suitLジョーカー s:5 / num: 2 numLab:2
2026-08-09T16:11:12.826+09:00  INFO 14460 --- [CardCapture-back] [restartedMain] j.c.e.c.service.GlobalStateService       : createDeck; 終了
2026-08-09T16:11:12.913+09:00  INFO 14460 --- [CardCapture-back] [restartedMain] o.s.v.b.OptionalValidatorFactoryBean     : Failed to set up a Bean Validation provider: jakarta.validation.NoProviderFoundException: Unable to create a Configuration, because no Jakarta Validation provider could be found. Add a provider like Hibernate Validator (RI) to your classpath.
2026-08-09T16:11:13.073+09:00  INFO 14460 --- [CardCapture-back] [restartedMain] o.s.boot.tomcat.TomcatWebServer          : Tomcat started on port 8080 (http) with context path '/'
2026-08-09T16:11:13.076+09:00  INFO 14460 --- [CardCapture-back] [restartedMain] j.c.e.c.CardCaptureBackApplication       : Started CardCaptureBackApplication in 0.846 seconds (process running for 120391.119)
2026-08-09T16:11:13.078+09:00  INFO 14460 --- [CardCapture-back] [restartedMain] .ConditionEvaluationDeltaLoggingListener : Condition evaluation unchanged
2026-08-09T16:11:25.787+09:00  INFO 14460 --- [CardCapture-back] [http-nio-8080-exec-1] o.a.c.c.C.[Tomcat-1].[localhost].[/]     : Initializing Spring DispatcherServlet 'dispatcherServlet'
2026-08-09T16:11:25.787+09:00  INFO 14460 --- [CardCapture-back] [http-nio-8080-exec-1] o.s.web.servlet.DispatcherServlet        : Initializing Servlet 'dispatcherServlet'
2026-08-09T16:11:25.791+09:00  INFO 14460 --- [CardCapture-back] [http-nio-8080-exec-1] o.s.web.servlet.DispatcherServlet        : Completed initialization in 4 ms
2026-08-09T16:11:25.802+09:00  INFO 14460 --- [CardCapture-back] [http-nio-8080-exec-1] j.c.e.c.service.CardCuptureInitService   : CardCuptureInitService: init 開始
2026-08-09T16:11:25.809+09:00 ERROR 14460 --- [CardCapture-back] [http-nio-8080-exec-1] o.a.c.c.C.[.[.[/].[dispatcherServlet]    : Servlet.service() for servlet [dispatcherServlet] in context with path [] threw exception [Request processing failed: java.lang.IllegalArgumentException: bound must be positive] with root cause

java.lang.IllegalArgumentException: bound must be positive
	at java.base/java.util.Random.nextInt(Random.java:557) ~[na:na]
	at jp.co.ea.cardcapture.model.GameDeck.shuffle(GameDeck.java:40) ~[main/:na]
	at jp.co.ea.cardcapture.service.CardCuptureInitService.init(CardCuptureInitService.java:58) ~[main/:na]
	at jp.co.ea.cardcapture.controller.CardCaptureController.initGame(CardCaptureController.java:44) ~[main/:na]
	at java.base/jdk.internal.reflect.DirectMethodHandleAccessor.invoke(DirectMethodHandleAccessor.java:103) ~[na:na]
	at java.base/java.lang.reflect.Method.invoke(Method.java:580) ~[na:na]
	at org.springframework.web.method.support.InvocableHandlerMethod.doInvoke(InvocableHandlerMethod.java:252) ~[spring-web-7.0.8.jar:7.0.8]
	at org.springframework.web.method.support.InvocableHandlerMethod.invokeForRequest(InvocableHandlerMethod.java:184) ~[spring-web-7.0.8.jar:7.0.8]
	at org.springframework.web.servlet.mvc.method.annotation.ServletInvocableHandlerMethod.invokeAndHandle(ServletInvocableHandlerMethod.java:117) ~[spring-webmvc-7.0.8.jar:7.0.8]
	at org.springframework.web.servlet.mvc.method.annotation.RequestMappingHandlerAdapter.invokeHandlerMethod(RequestMappingHandlerAdapter.java:934) ~[spring-webmvc-7.0.8.jar:7.0.8]
	at org.springframework.web.servlet.mvc.method.annotation.RequestMappingHandlerAdapter.handleInternal(RequestMappingHandlerAdapter.java:853) ~[spring-webmvc-7.0.8.jar:7.0.8]
	at org.springframework.web.servlet.mvc.method.AbstractHandlerMethodAdapter.handle(AbstractHandlerMethodAdapter.java:86) ~[spring-webmvc-7.0.8.jar:7.0.8]
	at org.springframework.web.servlet.DispatcherServlet.doDispatch(DispatcherServlet.java:963) ~[spring-webmvc-7.0.8.jar:7.0.8]
	at org.springframework.web.servlet.DispatcherServlet.doService(DispatcherServlet.java:866) ~[spring-webmvc-7.0.8.jar:7.0.8]
	at org.springframework.web.servlet.FrameworkServlet.processRequest(FrameworkServlet.java:1000) ~[spring-webmvc-7.0.8.jar:7.0.8]
	at org.springframework.web.servlet.FrameworkServlet.doPost(FrameworkServlet.java:903) ~[spring-webmvc-7.0.8.jar:7.0.8]
	at jakarta.servlet.http.HttpServlet.service(HttpServlet.java:649) ~[tomcat-embed-core-11.0.22.jar:6.1]
	at org.springframework.web.servlet.FrameworkServlet.service(FrameworkServlet.java:874) ~[spring-webmvc-7.0.8.jar:7.0.8]
	at jakarta.servlet.http.HttpServlet.service(HttpServlet.java:710) ~[tomcat-embed-core-11.0.22.jar:6.1]
	at org.apache.catalina.core.ApplicationFilterChain.doFilter(ApplicationFilterChain.java:128) ~[tomcat-embed-core-11.0.22.jar:11.0.22]
	at org.apache.tomcat.websocket.server.WsFilter.doFilter(WsFilter.java:53) ~[tomcat-embed-websocket-11.0.22.jar:11.0.22]
	at org.apache.catalina.core.ApplicationFilterChain.doFilter(ApplicationFilterChain.java:107) ~[tomcat-embed-core-11.0.22.jar:11.0.22]
	at org.springframework.web.filter.RequestContextFilter.doFilterInternal(RequestContextFilter.java:100) ~[spring-web-7.0.8.jar:7.0.8]
	at org.springframework.web.filter.OncePerRequestFilter.doFilter(OncePerRequestFilter.java:116) ~[spring-web-7.0.8.jar:7.0.8]
	at org.apache.catalina.core.ApplicationFilterChain.doFilter(ApplicationFilterChain.java:107) ~[tomcat-embed-core-11.0.22.jar:11.0.22]
	at org.springframework.web.filter.FormContentFilter.doFilterInternal(FormContentFilter.java:93) ~[spring-web-7.0.8.jar:7.0.8]
	at org.springframework.web.filter.OncePerRequestFilter.doFilter(OncePerRequestFilter.java:116) ~[spring-web-7.0.8.jar:7.0.8]
	at org.apache.catalina.core.ApplicationFilterChain.doFilter(ApplicationFilterChain.java:107) ~[tomcat-embed-core-11.0.22.jar:11.0.22]
	at org.springframework.web.filter.CharacterEncodingFilter.doFilterInternal(CharacterEncodingFilter.java:199) ~[spring-web-7.0.8.jar:7.0.8]
	at org.springframework.web.filter.OncePerRequestFilter.doFilter(OncePerRequestFilter.java:116) ~[spring-web-7.0.8.jar:7.0.8]
	at org.apache.catalina.core.ApplicationFilterChain.doFilter(ApplicationFilterChain.java:107) ~[tomcat-embed-core-11.0.22.jar:11.0.22]
	at org.apache.catalina.core.StandardWrapperValve.invoke(StandardWrapperValve.java:165) ~[tomcat-embed-core-11.0.22.jar:11.0.22]
	at org.apache.catalina.core.StandardContextValve.invoke(StandardContextValve.java:77) ~[tomcat-embed-core-11.0.22.jar:11.0.22]
	at org.apache.catalina.authenticator.AuthenticatorBase.invoke(AuthenticatorBase.java:492) ~[tomcat-embed-core-11.0.22.jar:11.0.22]
	at org.apache.catalina.core.StandardHostValve.invoke(StandardHostValve.java:113) ~[tomcat-embed-core-11.0.22.jar:11.0.22]
	at org.apache.catalina.valves.ErrorReportValve.invoke(ErrorReportValve.java:83) ~[tomcat-embed-core-11.0.22.jar:11.0.22]
	at org.apache.catalina.core.StandardEngineValve.invoke(StandardEngineValve.java:72) ~[tomcat-embed-core-11.0.22.jar:11.0.22]
	at org.apache.catalina.connector.CoyoteAdapter.service(CoyoteAdapter.java:341) ~[tomcat-embed-core-11.0.22.jar:11.0.22]
	at org.apache.coyote.http11.Http11Processor.service(Http11Processor.java:397) ~[tomcat-embed-core-11.0.22.jar:11.0.22]
	at org.apache.coyote.AbstractProcessorLight.process(AbstractProcessorLight.java:63) ~[tomcat-embed-core-11.0.22.jar:11.0.22]
	at org.apache.coyote.AbstractProtocol$ConnectionHandler.process(AbstractProtocol.java:1272) ~[tomcat-embed-core-11.0.22.jar:11.0.22]
	at org.apache.tomcat.util.net.NioEndpoint$SocketProcessor.doRun(NioEndpoint.java:1801) ~[tomcat-embed-core-11.0.22.jar:11.0.22]
	at org.apache.tomcat.util.net.SocketProcessorBase.run(SocketProcessorBase.java:52) ~[tomcat-embed-core-11.0.22.jar:11.0.22]
	at org.apache.tomcat.util.threads.ThreadPoolExecutor.runWorker(ThreadPoolExecutor.java:946) ~[tomcat-embed-core-11.0.22.jar:11.0.22]
	at org.apache.tomcat.util.threads.ThreadPoolExecutor$Worker.run(ThreadPoolExecutor.java:480) ~[tomcat-embed-core-11.0.22.jar:11.0.22]
	at org.apache.tomcat.util.threads.TaskThread$WrappingRunnable.run(TaskThread.java:57) ~[tomcat-embed-core-11.0.22.jar:11.0.22]
	at java.base/java.lang.Thread.run(Thread.java:1583) ~[na:na]

2026-08-09T16:13:19.557+09:00  INFO 14460 --- [CardCapture-back] [http-nio-8080-exec-2] j.c.e.c.service.CardCuptureInitService   : CardCuptureInitService: init 開始
2026-08-09T16:13:19.563+09:00 ERROR 14460 --- [CardCapture-back] [http-nio-8080-exec-2] o.a.c.c.C.[.[.[/].[dispatcherServlet]    : Servlet.service() for servlet [dispatcherServlet] in context with path [] threw exception [Request processing failed: java.lang.IllegalArgumentException: bound must be positive] with root cause

java.lang.IllegalArgumentException: bound must be positive
	at java.base/java.util.Random.nextInt(Random.java:557) ~[na:na]
	at jp.co.ea.cardcapture.model.GameDeck.shuffle(GameDeck.java:40) ~[main/:na]
	at jp.co.ea.cardcapture.service.CardCuptureInitService.init(CardCuptureInitService.java:58) ~[main/:na]
	at jp.co.ea.cardcapture.controller.CardCaptureController.initGame(CardCaptureController.java:44) ~[main/:na]
	at java.base/jdk.internal.reflect.DirectMethodHandleAccessor.invoke(DirectMethodHandleAccessor.java:103) ~[na:na]
	at java.base/java.lang.reflect.Method.invoke(Method.java:580) ~[na:na]
	at org.springframework.web.method.support.InvocableHandlerMethod.doInvoke(InvocableHandlerMethod.java:252) ~[spring-web-7.0.8.jar:7.0.8]
	at org.springframework.web.method.support.InvocableHandlerMethod.invokeForRequest(InvocableHandlerMethod.java:184) ~[spring-web-7.0.8.jar:7.0.8]
	at org.springframework.web.servlet.mvc.method.annotation.ServletInvocableHandlerMethod.invokeAndHandle(ServletInvocableHandlerMethod.java:117) ~[spring-webmvc-7.0.8.jar:7.0.8]
	at org.springframework.web.servlet.mvc.method.annotation.RequestMappingHandlerAdapter.invokeHandlerMethod(RequestMappingHandlerAdapter.java:934) ~[spring-webmvc-7.0.8.jar:7.0.8]
	at org.springframework.web.servlet.mvc.method.annotation.RequestMappingHandlerAdapter.handleInternal(RequestMappingHandlerAdapter.java:853) ~[spring-webmvc-7.0.8.jar:7.0.8]
	at org.springframework.web.servlet.mvc.method.AbstractHandlerMethodAdapter.handle(AbstractHandlerMethodAdapter.java:86) ~[spring-webmvc-7.0.8.jar:7.0.8]
	at org.springframework.web.servlet.DispatcherServlet.doDispatch(DispatcherServlet.java:963) ~[spring-webmvc-7.0.8.jar:7.0.8]
	at org.springframework.web.servlet.DispatcherServlet.doService(DispatcherServlet.java:866) ~[spring-webmvc-7.0.8.jar:7.0.8]
	at org.springframework.web.servlet.FrameworkServlet.processRequest(FrameworkServlet.java:1000) ~[spring-webmvc-7.0.8.jar:7.0.8]
	at org.springframework.web.servlet.FrameworkServlet.doPost(FrameworkServlet.java:903) ~[spring-webmvc-7.0.8.jar:7.0.8]
	at jakarta.servlet.http.HttpServlet.service(HttpServlet.java:649) ~[tomcat-embed-core-11.0.22.jar:6.1]
	at org.springframework.web.servlet.FrameworkServlet.service(FrameworkServlet.java:874) ~[spring-webmvc-7.0.8.jar:7.0.8]
	at jakarta.servlet.http.HttpServlet.service(HttpServlet.java:710) ~[tomcat-embed-core-11.0.22.jar:6.1]
	at org.apache.catalina.core.ApplicationFilterChain.doFilter(ApplicationFilterChain.java:128) ~[tomcat-embed-core-11.0.22.jar:11.0.22]
	at org.apache.tomcat.websocket.server.WsFilter.doFilter(WsFilter.java:53) ~[tomcat-embed-websocket-11.0.22.jar:11.0.22]
	at org.apache.catalina.core.ApplicationFilterChain.doFilter(ApplicationFilterChain.java:107) ~[tomcat-embed-core-11.0.22.jar:11.0.22]
	at org.springframework.web.filter.RequestContextFilter.doFilterInternal(RequestContextFilter.java:100) ~[spring-web-7.0.8.jar:7.0.8]
	at org.springframework.web.filter.OncePerRequestFilter.doFilter(OncePerRequestFilter.java:116) ~[spring-web-7.0.8.jar:7.0.8]
	at org.apache.catalina.core.ApplicationFilterChain.doFilter(ApplicationFilterChain.java:107) ~[tomcat-embed-core-11.0.22.jar:11.0.22]
	at org.springframework.web.filter.FormContentFilter.doFilterInternal(FormContentFilter.java:93) ~[spring-web-7.0.8.jar:7.0.8]
	at org.springframework.web.filter.OncePerRequestFilter.doFilter(OncePerRequestFilter.java:116) ~[spring-web-7.0.8.jar:7.0.8]
	at org.apache.catalina.core.ApplicationFilterChain.doFilter(ApplicationFilterChain.java:107) ~[tomcat-embed-core-11.0.22.jar:11.0.22]
	at org.springframework.web.filter.CharacterEncodingFilter.doFilterInternal(CharacterEncodingFilter.java:199) ~[spring-web-7.0.8.jar:7.0.8]
	at org.springframework.web.filter.OncePerRequestFilter.doFilter(OncePerRequestFilter.java:116) ~[spring-web-7.0.8.jar:7.0.8]
	at org.apache.catalina.core.ApplicationFilterChain.doFilter(ApplicationFilterChain.java:107) ~[tomcat-embed-core-11.0.22.jar:11.0.22]
	at org.apache.catalina.core.StandardWrapperValve.invoke(StandardWrapperValve.java:165) ~[tomcat-embed-core-11.0.22.jar:11.0.22]
	at org.apache.catalina.core.StandardContextValve.invoke(StandardContextValve.java:77) ~[tomcat-embed-core-11.0.22.jar:11.0.22]
	at org.apache.catalina.authenticator.AuthenticatorBase.invoke(AuthenticatorBase.java:492) ~[tomcat-embed-core-11.0.22.jar:11.0.22]
	at org.apache.catalina.core.StandardHostValve.invoke(StandardHostValve.java:113) ~[tomcat-embed-core-11.0.22.jar:11.0.22]
	at org.apache.catalina.valves.ErrorReportValve.invoke(ErrorReportValve.java:83) ~[tomcat-embed-core-11.0.22.jar:11.0.22]
	at org.apache.catalina.core.StandardEngineValve.invoke(StandardEngineValve.java:72) ~[tomcat-embed-core-11.0.22.jar:11.0.22]
	at org.apache.catalina.connector.CoyoteAdapter.service(CoyoteAdapter.java:341) ~[tomcat-embed-core-11.0.22.jar:11.0.22]
	at org.apache.coyote.http11.Http11Processor.service(Http11Processor.java:397) ~[tomcat-embed-core-11.0.22.jar:11.0.22]
	at org.apache.coyote.AbstractProcessorLight.process(AbstractProcessorLight.java:63) ~[tomcat-embed-core-11.0.22.jar:11.0.22]
	at org.apache.coyote.AbstractProtocol$ConnectionHandler.process(AbstractProtocol.java:1272) ~[tomcat-embed-core-11.0.22.jar:11.0.22]
	at org.apache.tomcat.util.net.NioEndpoint$SocketProcessor.doRun(NioEndpoint.java:1801) ~[tomcat-embed-core-11.0.22.jar:11.0.22]
	at org.apache.tomcat.util.net.SocketProcessorBase.run(SocketProcessorBase.java:52) ~[tomcat-embed-core-11.0.22.jar:11.0.22]
	at org.apache.tomcat.util.threads.ThreadPoolExecutor.runWorker(ThreadPoolExecutor.java:946) ~[tomcat-embed-core-11.0.22.jar:11.0.22]
	at org.apache.tomcat.util.threads.ThreadPoolExecutor$Worker.run(ThreadPoolExecutor.java:480) ~[tomcat-embed-core-11.0.22.jar:11.0.22]
	at org.apache.tomcat.util.threads.TaskThread$WrappingRunnable.run(TaskThread.java:57) ~[tomcat-embed-core-11.0.22.jar:11.0.22]
	at java.base/java.lang.Thread.run(Thread.java:1583) ~[na:na]

2026-08-09T16:15:24.283+09:00  INFO 14460 --- [CardCapture-back] [http-nio-8080-exec-3] j.c.e.c.service.CardCuptureInitService   : CardCuptureInitService: init 開始
2026-08-09T16:15:24.285+09:00 ERROR 14460 --- [CardCapture-back] [http-nio-8080-exec-3] o.a.c.c.C.[.[.[/].[dispatcherServlet]    : Servlet.service() for servlet [dispatcherServlet] in context with path [] threw exception [Request processing failed: java.lang.IllegalArgumentException: bound must be positive] with root cause

java.lang.IllegalArgumentException: bound must be positive
	at java.base/java.util.Random.nextInt(Random.java:557) ~[na:na]
	at jp.co.ea.cardcapture.model.GameDeck.shuffle(GameDeck.java:40) ~[main/:na]
	at jp.co.ea.cardcapture.service.CardCuptureInitService.init(CardCuptureInitService.java:58) ~[main/:na]
	at jp.co.ea.cardcapture.controller.CardCaptureController.initGame(CardCaptureController.java:44) ~[main/:na]
	at java.base/jdk.internal.reflect.DirectMethodHandleAccessor.invoke(DirectMethodHandleAccessor.java:103) ~[na:na]
	at java.base/java.lang.reflect.Method.invoke(Method.java:580) ~[na:na]
	at org.springframework.web.method.support.InvocableHandlerMethod.doInvoke(InvocableHandlerMethod.java:252) ~[spring-web-7.0.8.jar:7.0.8]
	at org.springframework.web.method.support.InvocableHandlerMethod.invokeForRequest(InvocableHandlerMethod.java:184) ~[spring-web-7.0.8.jar:7.0.8]
	at org.springframework.web.servlet.mvc.method.annotation.ServletInvocableHandlerMethod.invokeAndHandle(ServletInvocableHandlerMethod.java:117) ~[spring-webmvc-7.0.8.jar:7.0.8]
	at org.springframework.web.servlet.mvc.method.annotation.RequestMappingHandlerAdapter.invokeHandlerMethod(RequestMappingHandlerAdapter.java:934) ~[spring-webmvc-7.0.8.jar:7.0.8]
	at org.springframework.web.servlet.mvc.method.annotation.RequestMappingHandlerAdapter.handleInternal(RequestMappingHandlerAdapter.java:853) ~[spring-webmvc-7.0.8.jar:7.0.8]
	at org.springframework.web.servlet.mvc.method.AbstractHandlerMethodAdapter.handle(AbstractHandlerMethodAdapter.java:86) ~[spring-webmvc-7.0.8.jar:7.0.8]
	at org.springframework.web.servlet.DispatcherServlet.doDispatch(DispatcherServlet.java:963) ~[spring-webmvc-7.0.8.jar:7.0.8]
	at org.springframework.web.servlet.DispatcherServlet.doService(DispatcherServlet.java:866) ~[spring-webmvc-7.0.8.jar:7.0.8]
	at org.springframework.web.servlet.FrameworkServlet.processRequest(FrameworkServlet.java:1000) ~[spring-webmvc-7.0.8.jar:7.0.8]
	at org.springframework.web.servlet.FrameworkServlet.doPost(FrameworkServlet.java:903) ~[spring-webmvc-7.0.8.jar:7.0.8]
	at jakarta.servlet.http.HttpServlet.service(HttpServlet.java:649) ~[tomcat-embed-core-11.0.22.jar:6.1]
	at org.springframework.web.servlet.FrameworkServlet.service(FrameworkServlet.java:874) ~[spring-webmvc-7.0.8.jar:7.0.8]
	at jakarta.servlet.http.HttpServlet.service(HttpServlet.java:710) ~[tomcat-embed-core-11.0.22.jar:6.1]
	at org.apache.catalina.core.ApplicationFilterChain.doFilter(ApplicationFilterChain.java:128) ~[tomcat-embed-core-11.0.22.jar:11.0.22]
	at org.apache.tomcat.websocket.server.WsFilter.doFilter(WsFilter.java:53) ~[tomcat-embed-websocket-11.0.22.jar:11.0.22]
	at org.apache.catalina.core.ApplicationFilterChain.doFilter(ApplicationFilterChain.java:107) ~[tomcat-embed-core-11.0.22.jar:11.0.22]
	at org.springframework.web.filter.RequestContextFilter.doFilterInternal(RequestContextFilter.java:100) ~[spring-web-7.0.8.jar:7.0.8]
	at org.springframework.web.filter.OncePerRequestFilter.doFilter(OncePerRequestFilter.java:116) ~[spring-web-7.0.8.jar:7.0.8]
	at org.apache.catalina.core.ApplicationFilterChain.doFilter(ApplicationFilterChain.java:107) ~[tomcat-embed-core-11.0.22.jar:11.0.22]
	at org.springframework.web.filter.FormContentFilter.doFilterInternal(FormContentFilter.java:93) ~[spring-web-7.0.8.jar:7.0.8]
	at org.springframework.web.filter.OncePerRequestFilter.doFilter(OncePerRequestFilter.java:116) ~[spring-web-7.0.8.jar:7.0.8]
	at org.apache.catalina.core.ApplicationFilterChain.doFilter(ApplicationFilterChain.java:107) ~[tomcat-embed-core-11.0.22.jar:11.0.22]
	at org.springframework.web.filter.CharacterEncodingFilter.doFilterInternal(CharacterEncodingFilter.java:199) ~[spring-web-7.0.8.jar:7.0.8]
	at org.springframework.web.filter.OncePerRequestFilter.doFilter(OncePerRequestFilter.java:116) ~[spring-web-7.0.8.jar:7.0.8]
	at org.apache.catalina.core.ApplicationFilterChain.doFilter(ApplicationFilterChain.java:107) ~[tomcat-embed-core-11.0.22.jar:11.0.22]
	at org.apache.catalina.core.StandardWrapperValve.invoke(StandardWrapperValve.java:165) ~[tomcat-embed-core-11.0.22.jar:11.0.22]
	at org.apache.catalina.core.StandardContextValve.invoke(StandardContextValve.java:77) ~[tomcat-embed-core-11.0.22.jar:11.0.22]
	at org.apache.catalina.authenticator.AuthenticatorBase.invoke(AuthenticatorBase.java:492) ~[tomcat-embed-core-11.0.22.jar:11.0.22]
	at org.apache.catalina.core.StandardHostValve.invoke(StandardHostValve.java:113) ~[tomcat-embed-core-11.0.22.jar:11.0.22]
	at org.apache.catalina.valves.ErrorReportValve.invoke(ErrorReportValve.java:83) ~[tomcat-embed-core-11.0.22.jar:11.0.22]
	at org.apache.catalina.core.StandardEngineValve.invoke(StandardEngineValve.java:72) ~[tomcat-embed-core-11.0.22.jar:11.0.22]
	at org.apache.catalina.connector.CoyoteAdapter.service(CoyoteAdapter.java:341) ~[tomcat-embed-core-11.0.22.jar:11.0.22]
	at org.apache.coyote.http11.Http11Processor.service(Http11Processor.java:397) ~[tomcat-embed-core-11.0.22.jar:11.0.22]
	at org.apache.coyote.AbstractProcessorLight.process(AbstractProcessorLight.java:63) ~[tomcat-embed-core-11.0.22.jar:11.0.22]
	at org.apache.coyote.AbstractProtocol$ConnectionHandler.process(AbstractProtocol.java:1272) ~[tomcat-embed-core-11.0.22.jar:11.0.22]
	at org.apache.tomcat.util.net.NioEndpoint$SocketProcessor.doRun(NioEndpoint.java:1801) ~[tomcat-embed-core-11.0.22.jar:11.0.22]
	at org.apache.tomcat.util.net.SocketProcessorBase.run(SocketProcessorBase.java:52) ~[tomcat-embed-core-11.0.22.jar:11.0.22]
	at org.apache.tomcat.util.threads.ThreadPoolExecutor.runWorker(ThreadPoolExecutor.java:946) ~[tomcat-embed-core-11.0.22.jar:11.0.22]
	at org.apache.tomcat.util.threads.ThreadPoolExecutor$Worker.run(ThreadPoolExecutor.java:480) ~[tomcat-embed-core-11.0.22.jar:11.0.22]
	at org.apache.tomcat.util.threads.TaskThread$WrappingRunnable.run(TaskThread.java:57) ~[tomcat-embed-core-11.0.22.jar:11.0.22]
	at java.base/java.lang.Thread.run(Thread.java:1583) ~[na:na]

2026-08-09T16:15:34.039+09:00  INFO 14460 --- [CardCapture-back] [http-nio-8080-exec-5] j.c.e.c.service.CardCuptureInitService   : CardCuptureInitService: init 開始
2026-08-09T16:15:34.041+09:00 ERROR 14460 --- [CardCapture-back] [http-nio-8080-exec-5] o.a.c.c.C.[.[.[/].[dispatcherServlet]    : Servlet.service() for servlet [dispatcherServlet] in context with path [] threw exception [Request processing failed: java.lang.IllegalArgumentException: bound must be positive] with root cause

java.lang.IllegalArgumentException: bound must be positive
	at java.base/java.util.Random.nextInt(Random.java:557) ~[na:na]
	at jp.co.ea.cardcapture.model.GameDeck.shuffle(GameDeck.java:40) ~[main/:na]
	at jp.co.ea.cardcapture.service.CardCuptureInitService.init(CardCuptureInitService.java:58) ~[main/:na]
	at jp.co.ea.cardcapture.controller.CardCaptureController.initGame(CardCaptureController.java:44) ~[main/:na]
	at java.base/jdk.internal.reflect.DirectMethodHandleAccessor.invoke(DirectMethodHandleAccessor.java:103) ~[na:na]
	at java.base/java.lang.reflect.Method.invoke(Method.java:580) ~[na:na]
	at org.springframework.web.method.support.InvocableHandlerMethod.doInvoke(InvocableHandlerMethod.java:252) ~[spring-web-7.0.8.jar:7.0.8]
	at org.springframework.web.method.support.InvocableHandlerMethod.invokeForRequest(InvocableHandlerMethod.java:184) ~[spring-web-7.0.8.jar:7.0.8]
	at org.springframework.web.servlet.mvc.method.annotation.ServletInvocableHandlerMethod.invokeAndHandle(ServletInvocableHandlerMethod.java:117) ~[spring-webmvc-7.0.8.jar:7.0.8]
	at org.springframework.web.servlet.mvc.method.annotation.RequestMappingHandlerAdapter.invokeHandlerMethod(RequestMappingHandlerAdapter.java:934) ~[spring-webmvc-7.0.8.jar:7.0.8]
	at org.springframework.web.servlet.mvc.method.annotation.RequestMappingHandlerAdapter.handleInternal(RequestMappingHandlerAdapter.java:853) ~[spring-webmvc-7.0.8.jar:7.0.8]
	at org.springframework.web.servlet.mvc.method.AbstractHandlerMethodAdapter.handle(AbstractHandlerMethodAdapter.java:86) ~[spring-webmvc-7.0.8.jar:7.0.8]
	at org.springframework.web.servlet.DispatcherServlet.doDispatch(DispatcherServlet.java:963) ~[spring-webmvc-7.0.8.jar:7.0.8]
	at org.springframework.web.servlet.DispatcherServlet.doService(DispatcherServlet.java:866) ~[spring-webmvc-7.0.8.jar:7.0.8]
	at org.springframework.web.servlet.FrameworkServlet.processRequest(FrameworkServlet.java:1000) ~[spring-webmvc-7.0.8.jar:7.0.8]
	at org.springframework.web.servlet.FrameworkServlet.doPost(FrameworkServlet.java:903) ~[spring-webmvc-7.0.8.jar:7.0.8]
	at jakarta.servlet.http.HttpServlet.service(HttpServlet.java:649) ~[tomcat-embed-core-11.0.22.jar:6.1]
	at org.springframework.web.servlet.FrameworkServlet.service(FrameworkServlet.java:874) ~[spring-webmvc-7.0.8.jar:7.0.8]
	at jakarta.servlet.http.HttpServlet.service(HttpServlet.java:710) ~[tomcat-embed-core-11.0.22.jar:6.1]
	at org.apache.catalina.core.ApplicationFilterChain.doFilter(ApplicationFilterChain.java:128) ~[tomcat-embed-core-11.0.22.jar:11.0.22]
	at org.apache.tomcat.websocket.server.WsFilter.doFilter(WsFilter.java:53) ~[tomcat-embed-websocket-11.0.22.jar:11.0.22]
	at org.apache.catalina.core.ApplicationFilterChain.doFilter(ApplicationFilterChain.java:107) ~[tomcat-embed-core-11.0.22.jar:11.0.22]
	at org.springframework.web.filter.RequestContextFilter.doFilterInternal(RequestContextFilter.java:100) ~[spring-web-7.0.8.jar:7.0.8]
	at org.springframework.web.filter.OncePerRequestFilter.doFilter(OncePerRequestFilter.java:116) ~[spring-web-7.0.8.jar:7.0.8]
	at org.apache.catalina.core.ApplicationFilterChain.doFilter(ApplicationFilterChain.java:107) ~[tomcat-embed-core-11.0.22.jar:11.0.22]
	at org.springframework.web.filter.FormContentFilter.doFilterInternal(FormContentFilter.java:93) ~[spring-web-7.0.8.jar:7.0.8]
	at org.springframework.web.filter.OncePerRequestFilter.doFilter(OncePerRequestFilter.java:116) ~[spring-web-7.0.8.jar:7.0.8]
	at org.apache.catalina.core.ApplicationFilterChain.doFilter(ApplicationFilterChain.java:107) ~[tomcat-embed-core-11.0.22.jar:11.0.22]
	at org.springframework.web.filter.CharacterEncodingFilter.doFilterInternal(CharacterEncodingFilter.java:199) ~[spring-web-7.0.8.jar:7.0.8]
	at org.springframework.web.filter.OncePerRequestFilter.doFilter(OncePerRequestFilter.java:116) ~[spring-web-7.0.8.jar:7.0.8]
	at org.apache.catalina.core.ApplicationFilterChain.doFilter(ApplicationFilterChain.java:107) ~[tomcat-embed-core-11.0.22.jar:11.0.22]
	at org.apache.catalina.core.StandardWrapperValve.invoke(StandardWrapperValve.java:165) ~[tomcat-embed-core-11.0.22.jar:11.0.22]
	at org.apache.catalina.core.StandardContextValve.invoke(StandardContextValve.java:77) ~[tomcat-embed-core-11.0.22.jar:11.0.22]
	at org.apache.catalina.authenticator.AuthenticatorBase.invoke(AuthenticatorBase.java:492) ~[tomcat-embed-core-11.0.22.jar:11.0.22]
	at org.apache.catalina.core.StandardHostValve.invoke(StandardHostValve.java:113) ~[tomcat-embed-core-11.0.22.jar:11.0.22]
	at org.apache.catalina.valves.ErrorReportValve.invoke(ErrorReportValve.java:83) ~[tomcat-embed-core-11.0.22.jar:11.0.22]
	at org.apache.catalina.core.StandardEngineValve.invoke(StandardEngineValve.java:72) ~[tomcat-embed-core-11.0.22.jar:11.0.22]
	at org.apache.catalina.connector.CoyoteAdapter.service(CoyoteAdapter.java:341) ~[tomcat-embed-core-11.0.22.jar:11.0.22]
	at org.apache.coyote.http11.Http11Processor.service(Http11Processor.java:397) ~[tomcat-embed-core-11.0.22.jar:11.0.22]
	at org.apache.coyote.AbstractProcessorLight.process(AbstractProcessorLight.java:63) ~[tomcat-embed-core-11.0.22.jar:11.0.22]
	at org.apache.coyote.AbstractProtocol$ConnectionHandler.process(AbstractProtocol.java:1272) ~[tomcat-embed-core-11.0.22.jar:11.0.22]
	at org.apache.tomcat.util.net.NioEndpoint$SocketProcessor.doRun(NioEndpoint.java:1801) ~[tomcat-embed-core-11.0.22.jar:11.0.22]
	at org.apache.tomcat.util.net.SocketProcessorBase.run(SocketProcessorBase.java:52) ~[tomcat-embed-core-11.0.22.jar:11.0.22]
	at org.apache.tomcat.util.threads.ThreadPoolExecutor.runWorker(ThreadPoolExecutor.java:946) ~[tomcat-embed-core-11.0.22.jar:11.0.22]
	at org.apache.tomcat.util.threads.ThreadPoolExecutor$Worker.run(ThreadPoolExecutor.java:480) ~[tomcat-embed-core-11.0.22.jar:11.0.22]
	at org.apache.tomcat.util.threads.TaskThread$WrappingRunnable.run(TaskThread.java:57) ~[tomcat-embed-core-11.0.22.jar:11.0.22]
	at java.base/java.lang.Thread.run(Thread.java:1583) ~[na:na]

2026-08-09T16:15:35.909+09:00  INFO 14460 --- [CardCapture-back] [http-nio-8080-exec-4] j.c.e.c.service.CardCuptureInitService   : CardCuptureInitService: init 開始
2026-08-09T16:15:35.911+09:00 ERROR 14460 --- [CardCapture-back] [http-nio-8080-exec-4] o.a.c.c.C.[.[.[/].[dispatcherServlet]    : Servlet.service() for servlet [dispatcherServlet] in context with path [] threw exception [Request processing failed: java.lang.IllegalArgumentException: bound must be positive] with root cause

java.lang.IllegalArgumentException: bound must be positive
	at java.base/java.util.Random.nextInt(Random.java:557) ~[na:na]
	at jp.co.ea.cardcapture.model.GameDeck.shuffle(GameDeck.java:40) ~[main/:na]
	at jp.co.ea.cardcapture.service.CardCuptureInitService.init(CardCuptureInitService.java:58) ~[main/:na]
	at jp.co.ea.cardcapture.controller.CardCaptureController.initGame(CardCaptureController.java:44) ~[main/:na]
	at java.base/jdk.internal.reflect.DirectMethodHandleAccessor.invoke(DirectMethodHandleAccessor.java:103) ~[na:na]
	at java.base/java.lang.reflect.Method.invoke(Method.java:580) ~[na:na]
	at org.springframework.web.method.support.InvocableHandlerMethod.doInvoke(InvocableHandlerMethod.java:252) ~[spring-web-7.0.8.jar:7.0.8]
	at org.springframework.web.method.support.InvocableHandlerMethod.invokeForRequest(InvocableHandlerMethod.java:184) ~[spring-web-7.0.8.jar:7.0.8]
	at org.springframework.web.servlet.mvc.method.annotation.ServletInvocableHandlerMethod.invokeAndHandle(ServletInvocableHandlerMethod.java:117) ~[spring-webmvc-7.0.8.jar:7.0.8]
	at org.springframework.web.servlet.mvc.method.annotation.RequestMappingHandlerAdapter.invokeHandlerMethod(RequestMappingHandlerAdapter.java:934) ~[spring-webmvc-7.0.8.jar:7.0.8]
	at org.springframework.web.servlet.mvc.method.annotation.RequestMappingHandlerAdapter.handleInternal(RequestMappingHandlerAdapter.java:853) ~[spring-webmvc-7.0.8.jar:7.0.8]
	at org.springframework.web.servlet.mvc.method.AbstractHandlerMethodAdapter.handle(AbstractHandlerMethodAdapter.java:86) ~[spring-webmvc-7.0.8.jar:7.0.8]
	at org.springframework.web.servlet.DispatcherServlet.doDispatch(DispatcherServlet.java:963) ~[spring-webmvc-7.0.8.jar:7.0.8]
	at org.springframework.web.servlet.DispatcherServlet.doService(DispatcherServlet.java:866) ~[spring-webmvc-7.0.8.jar:7.0.8]
	at org.springframework.web.servlet.FrameworkServlet.processRequest(FrameworkServlet.java:1000) ~[spring-webmvc-7.0.8.jar:7.0.8]
	at org.springframework.web.servlet.FrameworkServlet.doPost(FrameworkServlet.java:903) ~[spring-webmvc-7.0.8.jar:7.0.8]
	at jakarta.servlet.http.HttpServlet.service(HttpServlet.java:649) ~[tomcat-embed-core-11.0.22.jar:6.1]
	at org.springframework.web.servlet.FrameworkServlet.service(FrameworkServlet.java:874) ~[spring-webmvc-7.0.8.jar:7.0.8]
	at jakarta.servlet.http.HttpServlet.service(HttpServlet.java:710) ~[tomcat-embed-core-11.0.22.jar:6.1]
	at org.apache.catalina.core.ApplicationFilterChain.doFilter(ApplicationFilterChain.java:128) ~[tomcat-embed-core-11.0.22.jar:11.0.22]
	at org.apache.tomcat.websocket.server.WsFilter.doFilter(WsFilter.java:53) ~[tomcat-embed-websocket-11.0.22.jar:11.0.22]
	at org.apache.catalina.core.ApplicationFilterChain.doFilter(ApplicationFilterChain.java:107) ~[tomcat-embed-core-11.0.22.jar:11.0.22]
	at org.springframework.web.filter.RequestContextFilter.doFilterInternal(RequestContextFilter.java:100) ~[spring-web-7.0.8.jar:7.0.8]
	at org.springframework.web.filter.OncePerRequestFilter.doFilter(OncePerRequestFilter.java:116) ~[spring-web-7.0.8.jar:7.0.8]
	at org.apache.catalina.core.ApplicationFilterChain.doFilter(ApplicationFilterChain.java:107) ~[tomcat-embed-core-11.0.22.jar:11.0.22]
	at org.springframework.web.filter.FormContentFilter.doFilterInternal(FormContentFilter.java:93) ~[spring-web-7.0.8.jar:7.0.8]
	at org.springframework.web.filter.OncePerRequestFilter.doFilter(OncePerRequestFilter.java:116) ~[spring-web-7.0.8.jar:7.0.8]
	at org.apache.catalina.core.ApplicationFilterChain.doFilter(ApplicationFilterChain.java:107) ~[tomcat-embed-core-11.0.22.jar:11.0.22]
	at org.springframework.web.filter.CharacterEncodingFilter.doFilterInternal(CharacterEncodingFilter.java:199) ~[spring-web-7.0.8.jar:7.0.8]
	at org.springframework.web.filter.OncePerRequestFilter.doFilter(OncePerRequestFilter.java:116) ~[spring-web-7.0.8.jar:7.0.8]
	at org.apache.catalina.core.ApplicationFilterChain.doFilter(ApplicationFilterChain.java:107) ~[tomcat-embed-core-11.0.22.jar:11.0.22]
	at org.apache.catalina.core.StandardWrapperValve.invoke(StandardWrapperValve.java:165) ~[tomcat-embed-core-11.0.22.jar:11.0.22]
	at org.apache.catalina.core.StandardContextValve.invoke(StandardContextValve.java:77) ~[tomcat-embed-core-11.0.22.jar:11.0.22]
	at org.apache.catalina.authenticator.AuthenticatorBase.invoke(AuthenticatorBase.java:492) ~[tomcat-embed-core-11.0.22.jar:11.0.22]
	at org.apache.catalina.core.StandardHostValve.invoke(StandardHostValve.java:113) ~[tomcat-embed-core-11.0.22.jar:11.0.22]
	at org.apache.catalina.valves.ErrorReportValve.invoke(ErrorReportValve.java:83) ~[tomcat-embed-core-11.0.22.jar:11.0.22]
	at org.apache.catalina.core.StandardEngineValve.invoke(StandardEngineValve.java:72) ~[tomcat-embed-core-11.0.22.jar:11.0.22]
	at org.apache.catalina.connector.CoyoteAdapter.service(CoyoteAdapter.java:341) ~[tomcat-embed-core-11.0.22.jar:11.0.22]
	at org.apache.coyote.http11.Http11Processor.service(Http11Processor.java:397) ~[tomcat-embed-core-11.0.22.jar:11.0.22]
	at org.apache.coyote.AbstractProcessorLight.process(AbstractProcessorLight.java:63) ~[tomcat-embed-core-11.0.22.jar:11.0.22]
	at org.apache.coyote.AbstractProtocol$ConnectionHandler.process(AbstractProtocol.java:1272) ~[tomcat-embed-core-11.0.22.jar:11.0.22]
	at org.apache.tomcat.util.net.NioEndpoint$SocketProcessor.doRun(NioEndpoint.java:1801) ~[tomcat-embed-core-11.0.22.jar:11.0.22]
	at org.apache.tomcat.util.net.SocketProcessorBase.run(SocketProcessorBase.java:52) ~[tomcat-embed-core-11.0.22.jar:11.0.22]
	at org.apache.tomcat.util.threads.ThreadPoolExecutor.runWorker(ThreadPoolExecutor.java:946) ~[tomcat-embed-core-11.0.22.jar:11.0.22]
	at org.apache.tomcat.util.threads.ThreadPoolExecutor$Worker.run(ThreadPoolExecutor.java:480) ~[tomcat-embed-core-11.0.22.jar:11.0.22]
	at org.apache.tomcat.util.threads.TaskThread$WrappingRunnable.run(TaskThread.java:57) ~[tomcat-embed-core-11.0.22.jar:11.0.22]
	at java.base/java.lang.Thread.run(Thread.java:1583) ~[na:na]

2026-08-09T16:17:20.222+09:00  INFO 14460 --- [CardCapture-back] [http-nio-8080-exec-6] j.c.e.c.service.CardCuptureInitService   : CardCuptureInitService: init 開始
2026-08-09T16:17:20.225+09:00 ERROR 14460 --- [CardCapture-back] [http-nio-8080-exec-6] o.a.c.c.C.[.[.[/].[dispatcherServlet]    : Servlet.service() for servlet [dispatcherServlet] in context with path [] threw exception [Request processing failed: java.lang.IllegalArgumentException: bound must be positive] with root cause

java.lang.IllegalArgumentException: bound must be positive
	at java.base/java.util.Random.nextInt(Random.java:557) ~[na:na]
	at jp.co.ea.cardcapture.model.GameDeck.shuffle(GameDeck.java:40) ~[main/:na]
	at jp.co.ea.cardcapture.service.CardCuptureInitService.init(CardCuptureInitService.java:58) ~[main/:na]
	at jp.co.ea.cardcapture.controller.CardCaptureController.initGame(CardCaptureController.java:44) ~[main/:na]
	at java.base/jdk.internal.reflect.DirectMethodHandleAccessor.invoke(DirectMethodHandleAccessor.java:103) ~[na:na]
	at java.base/java.lang.reflect.Method.invoke(Method.java:580) ~[na:na]
	at org.springframework.web.method.support.InvocableHandlerMethod.doInvoke(InvocableHandlerMethod.java:252) ~[spring-web-7.0.8.jar:7.0.8]
	at org.springframework.web.method.support.InvocableHandlerMethod.invokeForRequest(InvocableHandlerMethod.java:184) ~[spring-web-7.0.8.jar:7.0.8]
	at org.springframework.web.servlet.mvc.method.annotation.ServletInvocableHandlerMethod.invokeAndHandle(ServletInvocableHandlerMethod.java:117) ~[spring-webmvc-7.0.8.jar:7.0.8]
	at org.springframework.web.servlet.mvc.method.annotation.RequestMappingHandlerAdapter.invokeHandlerMethod(RequestMappingHandlerAdapter.java:934) ~[spring-webmvc-7.0.8.jar:7.0.8]
	at org.springframework.web.servlet.mvc.method.annotation.RequestMappingHandlerAdapter.handleInternal(RequestMappingHandlerAdapter.java:853) ~[spring-webmvc-7.0.8.jar:7.0.8]
	at org.springframework.web.servlet.mvc.method.AbstractHandlerMethodAdapter.handle(AbstractHandlerMethodAdapter.java:86) ~[spring-webmvc-7.0.8.jar:7.0.8]
	at org.springframework.web.servlet.DispatcherServlet.doDispatch(DispatcherServlet.java:963) ~[spring-webmvc-7.0.8.jar:7.0.8]
	at org.springframework.web.servlet.DispatcherServlet.doService(DispatcherServlet.java:866) ~[spring-webmvc-7.0.8.jar:7.0.8]
	at org.springframework.web.servlet.FrameworkServlet.processRequest(FrameworkServlet.java:1000) ~[spring-webmvc-7.0.8.jar:7.0.8]
	at org.springframework.web.servlet.FrameworkServlet.doPost(FrameworkServlet.java:903) ~[spring-webmvc-7.0.8.jar:7.0.8]
	at jakarta.servlet.http.HttpServlet.service(HttpServlet.java:649) ~[tomcat-embed-core-11.0.22.jar:6.1]
	at org.springframework.web.servlet.FrameworkServlet.service(FrameworkServlet.java:874) ~[spring-webmvc-7.0.8.jar:7.0.8]
	at jakarta.servlet.http.HttpServlet.service(HttpServlet.java:710) ~[tomcat-embed-core-11.0.22.jar:6.1]
	at org.apache.catalina.core.ApplicationFilterChain.doFilter(ApplicationFilterChain.java:128) ~[tomcat-embed-core-11.0.22.jar:11.0.22]
	at org.apache.tomcat.websocket.server.WsFilter.doFilter(WsFilter.java:53) ~[tomcat-embed-websocket-11.0.22.jar:11.0.22]
	at org.apache.catalina.core.ApplicationFilterChain.doFilter(ApplicationFilterChain.java:107) ~[tomcat-embed-core-11.0.22.jar:11.0.22]
	at org.springframework.web.filter.RequestContextFilter.doFilterInternal(RequestContextFilter.java:100) ~[spring-web-7.0.8.jar:7.0.8]
	at org.springframework.web.filter.OncePerRequestFilter.doFilter(OncePerRequestFilter.java:116) ~[spring-web-7.0.8.jar:7.0.8]
	at org.apache.catalina.core.ApplicationFilterChain.doFilter(ApplicationFilterChain.java:107) ~[tomcat-embed-core-11.0.22.jar:11.0.22]
	at org.springframework.web.filter.FormContentFilter.doFilterInternal(FormContentFilter.java:93) ~[spring-web-7.0.8.jar:7.0.8]
	at org.springframework.web.filter.OncePerRequestFilter.doFilter(OncePerRequestFilter.java:116) ~[spring-web-7.0.8.jar:7.0.8]
	at org.apache.catalina.core.ApplicationFilterChain.doFilter(ApplicationFilterChain.java:107) ~[tomcat-embed-core-11.0.22.jar:11.0.22]
	at org.springframework.web.filter.CharacterEncodingFilter.doFilterInternal(CharacterEncodingFilter.java:199) ~[spring-web-7.0.8.jar:7.0.8]
	at org.springframework.web.filter.OncePerRequestFilter.doFilter(OncePerRequestFilter.java:116) ~[spring-web-7.0.8.jar:7.0.8]
	at org.apache.catalina.core.ApplicationFilterChain.doFilter(ApplicationFilterChain.java:107) ~[tomcat-embed-core-11.0.22.jar:11.0.22]
	at org.apache.catalina.core.StandardWrapperValve.invoke(StandardWrapperValve.java:165) ~[tomcat-embed-core-11.0.22.jar:11.0.22]
	at org.apache.catalina.core.StandardContextValve.invoke(StandardContextValve.java:77) ~[tomcat-embed-core-11.0.22.jar:11.0.22]
	at org.apache.catalina.authenticator.AuthenticatorBase.invoke(AuthenticatorBase.java:492) ~[tomcat-embed-core-11.0.22.jar:11.0.22]
	at org.apache.catalina.core.StandardHostValve.invoke(StandardHostValve.java:113) ~[tomcat-embed-core-11.0.22.jar:11.0.22]
	at org.apache.catalina.valves.ErrorReportValve.invoke(ErrorReportValve.java:83) ~[tomcat-embed-core-11.0.22.jar:11.0.22]
	at org.apache.catalina.core.StandardEngineValve.invoke(StandardEngineValve.java:72) ~[tomcat-embed-core-11.0.22.jar:11.0.22]
	at org.apache.catalina.connector.CoyoteAdapter.service(CoyoteAdapter.java:341) ~[tomcat-embed-core-11.0.22.jar:11.0.22]
	at org.apache.coyote.http11.Http11Processor.service(Http11Processor.java:397) ~[tomcat-embed-core-11.0.22.jar:11.0.22]
	at org.apache.coyote.AbstractProcessorLight.process(AbstractProcessorLight.java:63) ~[tomcat-embed-core-11.0.22.jar:11.0.22]
	at org.apache.coyote.AbstractProtocol$ConnectionHandler.process(AbstractProtocol.java:1272) ~[tomcat-embed-core-11.0.22.jar:11.0.22]
	at org.apache.tomcat.util.net.NioEndpoint$SocketProcessor.doRun(NioEndpoint.java:1801) ~[tomcat-embed-core-11.0.22.jar:11.0.22]
	at org.apache.tomcat.util.net.SocketProcessorBase.run(SocketProcessorBase.java:52) ~[tomcat-embed-core-11.0.22.jar:11.0.22]
	at org.apache.tomcat.util.threads.ThreadPoolExecutor.runWorker(ThreadPoolExecutor.java:946) ~[tomcat-embed-core-11.0.22.jar:11.0.22]
	at org.apache.tomcat.util.threads.ThreadPoolExecutor$Worker.run(ThreadPoolExecutor.java:480) ~[tomcat-embed-core-11.0.22.jar:11.0.22]
	at org.apache.tomcat.util.threads.TaskThread$WrappingRunnable.run(TaskThread.java:57) ~[tomcat-embed-core-11.0.22.jar:11.0.22]
	at java.base/java.lang.Thread.run(Thread.java:1583) ~[na:na]

2026-08-09T16:17:22.312+09:00  INFO 14460 --- [CardCapture-back] [http-nio-8080-exec-7] j.c.e.c.service.CardCuptureInitService   : CardCuptureInitService: init 開始
2026-08-09T16:17:22.314+09:00 ERROR 14460 --- [CardCapture-back] [http-nio-8080-exec-7] o.a.c.c.C.[.[.[/].[dispatcherServlet]    : Servlet.service() for servlet [dispatcherServlet] in context with path [] threw exception [Request processing failed: java.lang.IllegalArgumentException: bound must be positive] with root cause

java.lang.IllegalArgumentException: bound must be positive
	at java.base/java.util.Random.nextInt(Random.java:557) ~[na:na]
	at jp.co.ea.cardcapture.model.GameDeck.shuffle(GameDeck.java:40) ~[main/:na]
	at jp.co.ea.cardcapture.service.CardCuptureInitService.init(CardCuptureInitService.java:58) ~[main/:na]
	at jp.co.ea.cardcapture.controller.CardCaptureController.initGame(CardCaptureController.java:44) ~[main/:na]
	at java.base/jdk.internal.reflect.DirectMethodHandleAccessor.invoke(DirectMethodHandleAccessor.java:103) ~[na:na]
	at java.base/java.lang.reflect.Method.invoke(Method.java:580) ~[na:na]
	at org.springframework.web.method.support.InvocableHandlerMethod.doInvoke(InvocableHandlerMethod.java:252) ~[spring-web-7.0.8.jar:7.0.8]
	at org.springframework.web.method.support.InvocableHandlerMethod.invokeForRequest(InvocableHandlerMethod.java:184) ~[spring-web-7.0.8.jar:7.0.8]
	at org.springframework.web.servlet.mvc.method.annotation.ServletInvocableHandlerMethod.invokeAndHandle(ServletInvocableHandlerMethod.java:117) ~[spring-webmvc-7.0.8.jar:7.0.8]
	at org.springframework.web.servlet.mvc.method.annotation.RequestMappingHandlerAdapter.invokeHandlerMethod(RequestMappingHandlerAdapter.java:934) ~[spring-webmvc-7.0.8.jar:7.0.8]
	at org.springframework.web.servlet.mvc.method.annotation.RequestMappingHandlerAdapter.handleInternal(RequestMappingHandlerAdapter.java:853) ~[spring-webmvc-7.0.8.jar:7.0.8]
	at org.springframework.web.servlet.mvc.method.AbstractHandlerMethodAdapter.handle(AbstractHandlerMethodAdapter.java:86) ~[spring-webmvc-7.0.8.jar:7.0.8]
	at org.springframework.web.servlet.DispatcherServlet.doDispatch(DispatcherServlet.java:963) ~[spring-webmvc-7.0.8.jar:7.0.8]
	at org.springframework.web.servlet.DispatcherServlet.doService(DispatcherServlet.java:866) ~[spring-webmvc-7.0.8.jar:7.0.8]
	at org.springframework.web.servlet.FrameworkServlet.processRequest(FrameworkServlet.java:1000) ~[spring-webmvc-7.0.8.jar:7.0.8]
	at org.springframework.web.servlet.FrameworkServlet.doPost(FrameworkServlet.java:903) ~[spring-webmvc-7.0.8.jar:7.0.8]
	at jakarta.servlet.http.HttpServlet.service(HttpServlet.java:649) ~[tomcat-embed-core-11.0.22.jar:6.1]
	at org.springframework.web.servlet.FrameworkServlet.service(FrameworkServlet.java:874) ~[spring-webmvc-7.0.8.jar:7.0.8]
	at jakarta.servlet.http.HttpServlet.service(HttpServlet.java:710) ~[tomcat-embed-core-11.0.22.jar:6.1]
	at org.apache.catalina.core.ApplicationFilterChain.doFilter(ApplicationFilterChain.java:128) ~[tomcat-embed-core-11.0.22.jar:11.0.22]
	at org.apache.tomcat.websocket.server.WsFilter.doFilter(WsFilter.java:53) ~[tomcat-embed-websocket-11.0.22.jar:11.0.22]
	at org.apache.catalina.core.ApplicationFilterChain.doFilter(ApplicationFilterChain.java:107) ~[tomcat-embed-core-11.0.22.jar:11.0.22]
	at org.springframework.web.filter.RequestContextFilter.doFilterInternal(RequestContextFilter.java:100) ~[spring-web-7.0.8.jar:7.0.8]
	at org.springframework.web.filter.OncePerRequestFilter.doFilter(OncePerRequestFilter.java:116) ~[spring-web-7.0.8.jar:7.0.8]
	at org.apache.catalina.core.ApplicationFilterChain.doFilter(ApplicationFilterChain.java:107) ~[tomcat-embed-core-11.0.22.jar:11.0.22]
	at org.springframework.web.filter.FormContentFilter.doFilterInternal(FormContentFilter.java:93) ~[spring-web-7.0.8.jar:7.0.8]
	at org.springframework.web.filter.OncePerRequestFilter.doFilter(OncePerRequestFilter.java:116) ~[spring-web-7.0.8.jar:7.0.8]
	at org.apache.catalina.core.ApplicationFilterChain.doFilter(ApplicationFilterChain.java:107) ~[tomcat-embed-core-11.0.22.jar:11.0.22]
	at org.springframework.web.filter.CharacterEncodingFilter.doFilterInternal(CharacterEncodingFilter.java:199) ~[spring-web-7.0.8.jar:7.0.8]
	at org.springframework.web.filter.OncePerRequestFilter.doFilter(OncePerRequestFilter.java:116) ~[spring-web-7.0.8.jar:7.0.8]
	at org.apache.catalina.core.ApplicationFilterChain.doFilter(ApplicationFilterChain.java:107) ~[tomcat-embed-core-11.0.22.jar:11.0.22]
	at org.apache.catalina.core.StandardWrapperValve.invoke(StandardWrapperValve.java:165) ~[tomcat-embed-core-11.0.22.jar:11.0.22]
	at org.apache.catalina.core.StandardContextValve.invoke(StandardContextValve.java:77) ~[tomcat-embed-core-11.0.22.jar:11.0.22]
	at org.apache.catalina.authenticator.AuthenticatorBase.invoke(AuthenticatorBase.java:492) ~[tomcat-embed-core-11.0.22.jar:11.0.22]
	at org.apache.catalina.core.StandardHostValve.invoke(StandardHostValve.java:113) ~[tomcat-embed-core-11.0.22.jar:11.0.22]
	at org.apache.catalina.valves.ErrorReportValve.invoke(ErrorReportValve.java:83) ~[tomcat-embed-core-11.0.22.jar:11.0.22]
	at org.apache.catalina.core.StandardEngineValve.invoke(StandardEngineValve.java:72) ~[tomcat-embed-core-11.0.22.jar:11.0.22]
	at org.apache.catalina.connector.CoyoteAdapter.service(CoyoteAdapter.java:341) ~[tomcat-embed-core-11.0.22.jar:11.0.22]
	at org.apache.coyote.http11.Http11Processor.service(Http11Processor.java:397) ~[tomcat-embed-core-11.0.22.jar:11.0.22]
	at org.apache.coyote.AbstractProcessorLight.process(AbstractProcessorLight.java:63) ~[tomcat-embed-core-11.0.22.jar:11.0.22]
	at org.apache.coyote.AbstractProtocol$ConnectionHandler.process(AbstractProtocol.java:1272) ~[tomcat-embed-core-11.0.22.jar:11.0.22]
	at org.apache.tomcat.util.net.NioEndpoint$SocketProcessor.doRun(NioEndpoint.java:1801) ~[tomcat-embed-core-11.0.22.jar:11.0.22]
	at org.apache.tomcat.util.net.SocketProcessorBase.run(SocketProcessorBase.java:52) ~[tomcat-embed-core-11.0.22.jar:11.0.22]
	at org.apache.tomcat.util.threads.ThreadPoolExecutor.runWorker(ThreadPoolExecutor.java:946) ~[tomcat-embed-core-11.0.22.jar:11.0.22]
	at org.apache.tomcat.util.threads.ThreadPoolExecutor$Worker.run(ThreadPoolExecutor.java:480) ~[tomcat-embed-core-11.0.22.jar:11.0.22]
	at org.apache.tomcat.util.threads.TaskThread$WrappingRunnable.run(TaskThread.java:57) ~[tomcat-embed-core-11.0.22.jar:11.0.22]
	at java.base/java.lang.Thread.run(Thread.java:1583) ~[na:na]

2026-08-09T16:17:33.178+09:00  INFO 14460 --- [CardCapture-back] [RMI TCP Connection(269)-127.0.0.1] inMXBeanRegistrar$SpringApplicationAdmin : Application shutdown requested.
2026-08-09T16:17:33.180+09:00  INFO 14460 --- [CardCapture-back] [RMI TCP Connection(269)-127.0.0.1] o.s.boot.tomcat.GracefulShutdown         : Commencing graceful shutdown. Waiting for active requests to complete
2026-08-09T16:17:33.193+09:00  INFO 14460 --- [CardCapture-back] [tomcat-shutdown] o.s.boot.tomcat.GracefulShutdown         : Graceful shutdown complete
2026-08-09T16:18:26.470+09:00  INFO 17128 --- [CardCapture-back] [restartedMain] j.c.e.c.CardCaptureBackApplication       : Starting CardCaptureBackApplication using Java 21.0.9 with PID 17128 (C:\kino-work\SpringBoot\CardCapture-back\bin\main started by NPC-61 in C:\kino-work\SpringBoot\CardCapture-back)
2026-08-09T16:18:26.476+09:00  INFO 17128 --- [CardCapture-back] [restartedMain] j.c.e.c.CardCaptureBackApplication       : No active profile set, falling back to 1 default profile: "default"
2026-08-09T16:18:26.596+09:00  INFO 17128 --- [CardCapture-back] [restartedMain] .e.DevToolsPropertyDefaultsPostProcessor : Devtools property defaults active! Set 'spring.devtools.add-properties' to 'false' to disable
2026-08-09T16:18:26.596+09:00  INFO 17128 --- [CardCapture-back] [restartedMain] .e.DevToolsPropertyDefaultsPostProcessor : For additional web related logging consider setting the 'logging.level.web' property to 'DEBUG'
2026-08-09T16:18:28.743+09:00  INFO 17128 --- [CardCapture-back] [restartedMain] o.s.boot.tomcat.TomcatWebServer          : Tomcat initialized with port 8080 (http)
2026-08-09T16:18:28.779+09:00  INFO 17128 --- [CardCapture-back] [restartedMain] o.apache.catalina.core.StandardService   : Starting service [Tomcat]
2026-08-09T16:18:28.780+09:00  INFO 17128 --- [CardCapture-back] [restartedMain] o.apache.catalina.core.StandardEngine    : Starting Servlet engine: [Apache Tomcat/11.0.22]
2026-08-09T16:18:28.883+09:00  INFO 17128 --- [CardCapture-back] [restartedMain] b.w.c.s.WebApplicationContextInitializer : Root WebApplicationContext: initialization completed in 2286 ms
2026-08-09T16:18:29.145+09:00  INFO 17128 --- [CardCapture-back] [restartedMain] j.c.e.c.service.GlobalStateService       : createDeck; 開始
2026-08-09T16:18:29.157+09:00  INFO 17128 --- [CardCapture-back] [restartedMain] j.c.e.c.service.GlobalStateService       : createDeck; makeCard :code; 102 / suitLスペード s:1 / num: 2 numLab:2
2026-08-09T16:18:29.162+09:00  INFO 17128 --- [CardCapture-back] [restartedMain] j.c.e.c.service.GlobalStateService       : suit=1 / num=2 / card-c:102
2026-08-09T16:18:29.162+09:00  INFO 17128 --- [CardCapture-back] [restartedMain] j.c.e.c.service.GlobalStateService       : createDeck; makeCard :code; 103 / suitLスペード s:1 / num: 3 numLab:3
2026-08-09T16:18:29.163+09:00  INFO 17128 --- [CardCapture-back] [restartedMain] j.c.e.c.service.GlobalStateService       : suit=1 / num=3 / card-c:103
2026-08-09T16:18:29.164+09:00  INFO 17128 --- [CardCapture-back] [restartedMain] j.c.e.c.service.GlobalStateService       : createDeck; makeCard :code; 104 / suitLスペード s:1 / num: 4 numLab:4
2026-08-09T16:18:29.164+09:00  INFO 17128 --- [CardCapture-back] [restartedMain] j.c.e.c.service.GlobalStateService       : suit=1 / num=4 / card-c:104
2026-08-09T16:18:29.164+09:00  INFO 17128 --- [CardCapture-back] [restartedMain] j.c.e.c.service.GlobalStateService       : createDeck; makeCard :code; 105 / suitLスペード s:1 / num: 5 numLab:5
2026-08-09T16:18:29.165+09:00  INFO 17128 --- [CardCapture-back] [restartedMain] j.c.e.c.service.GlobalStateService       : suit=1 / num=5 / card-c:105
2026-08-09T16:18:29.165+09:00  INFO 17128 --- [CardCapture-back] [restartedMain] j.c.e.c.service.GlobalStateService       : createDeck; makeCard :code; 106 / suitLスペード s:1 / num: 6 numLab:6
2026-08-09T16:18:29.166+09:00  INFO 17128 --- [CardCapture-back] [restartedMain] j.c.e.c.service.GlobalStateService       : suit=1 / num=6 / card-c:106
2026-08-09T16:18:29.166+09:00  INFO 17128 --- [CardCapture-back] [restartedMain] j.c.e.c.service.GlobalStateService       : createDeck; makeCard :code; 107 / suitLスペード s:1 / num: 7 numLab:7
2026-08-09T16:18:29.167+09:00  INFO 17128 --- [CardCapture-back] [restartedMain] j.c.e.c.service.GlobalStateService       : suit=1 / num=7 / card-c:107
2026-08-09T16:18:29.167+09:00  INFO 17128 --- [CardCapture-back] [restartedMain] j.c.e.c.service.GlobalStateService       : createDeck; makeCard :code; 108 / suitLスペード s:1 / num: 8 numLab:8
2026-08-09T16:18:29.167+09:00  INFO 17128 --- [CardCapture-back] [restartedMain] j.c.e.c.service.GlobalStateService       : suit=1 / num=8 / card-c:108
2026-08-09T16:18:29.167+09:00  INFO 17128 --- [CardCapture-back] [restartedMain] j.c.e.c.service.GlobalStateService       : createDeck; makeCard :code; 109 / suitLスペード s:1 / num: 9 numLab:9
2026-08-09T16:18:29.168+09:00  INFO 17128 --- [CardCapture-back] [restartedMain] j.c.e.c.service.GlobalStateService       : suit=1 / num=9 / card-c:109
2026-08-09T16:18:29.169+09:00  INFO 17128 --- [CardCapture-back] [restartedMain] j.c.e.c.service.GlobalStateService       : createDeck; makeCard :code; 110 / suitLスペード s:1 / num: 10 numLab:10
2026-08-09T16:18:29.170+09:00  INFO 17128 --- [CardCapture-back] [restartedMain] j.c.e.c.service.GlobalStateService       : suit=1 / num=10 / card-c:110
2026-08-09T16:18:29.171+09:00  INFO 17128 --- [CardCapture-back] [restartedMain] j.c.e.c.service.GlobalStateService       : createDeck; makeCard :code; 111 / suitLスペード s:1 / num: 11 numLab:ジャック
2026-08-09T16:18:29.172+09:00  INFO 17128 --- [CardCapture-back] [restartedMain] j.c.e.c.service.GlobalStateService       : suit=1 / num=11 / card-c:111
2026-08-09T16:18:29.173+09:00  INFO 17128 --- [CardCapture-back] [restartedMain] j.c.e.c.service.GlobalStateService       : createDeck; makeCard :code; 112 / suitLスペード s:1 / num: 12 numLab:クイーン
2026-08-09T16:18:29.173+09:00  INFO 17128 --- [CardCapture-back] [restartedMain] j.c.e.c.service.GlobalStateService       : suit=1 / num=12 / card-c:112
2026-08-09T16:18:29.173+09:00  INFO 17128 --- [CardCapture-back] [restartedMain] j.c.e.c.service.GlobalStateService       : createDeck; makeCard :code; 113 / suitLスペード s:1 / num: 13 numLab:キング
2026-08-09T16:18:29.174+09:00  INFO 17128 --- [CardCapture-back] [restartedMain] j.c.e.c.service.GlobalStateService       : suit=1 / num=13 / card-c:113
2026-08-09T16:18:29.174+09:00  INFO 17128 --- [CardCapture-back] [restartedMain] j.c.e.c.service.GlobalStateService       : createDeck; makeCard :code; 114 / suitLスペード s:1 / num: 14 numLab:エース
2026-08-09T16:18:29.175+09:00  INFO 17128 --- [CardCapture-back] [restartedMain] j.c.e.c.service.GlobalStateService       : suit=1 / num=14 / card-c:114
2026-08-09T16:18:29.175+09:00  INFO 17128 --- [CardCapture-back] [restartedMain] j.c.e.c.service.GlobalStateService       : createDeck; makeCard :code; 202 / suitLハート s:2 / num: 2 numLab:2
2026-08-09T16:18:29.176+09:00  INFO 17128 --- [CardCapture-back] [restartedMain] j.c.e.c.service.GlobalStateService       : suit=2 / num=2 / card-c:202
2026-08-09T16:18:29.176+09:00  INFO 17128 --- [CardCapture-back] [restartedMain] j.c.e.c.service.GlobalStateService       : createDeck; makeCard :code; 203 / suitLハート s:2 / num: 3 numLab:3
2026-08-09T16:18:29.177+09:00  INFO 17128 --- [CardCapture-back] [restartedMain] j.c.e.c.service.GlobalStateService       : suit=2 / num=3 / card-c:203
2026-08-09T16:18:29.178+09:00  INFO 17128 --- [CardCapture-back] [restartedMain] j.c.e.c.service.GlobalStateService       : createDeck; makeCard :code; 204 / suitLハート s:2 / num: 4 numLab:4
2026-08-09T16:18:29.178+09:00  INFO 17128 --- [CardCapture-back] [restartedMain] j.c.e.c.service.GlobalStateService       : suit=2 / num=4 / card-c:204
2026-08-09T16:18:29.178+09:00  INFO 17128 --- [CardCapture-back] [restartedMain] j.c.e.c.service.GlobalStateService       : createDeck; makeCard :code; 205 / suitLハート s:2 / num: 5 numLab:5
2026-08-09T16:18:29.179+09:00  INFO 17128 --- [CardCapture-back] [restartedMain] j.c.e.c.service.GlobalStateService       : suit=2 / num=5 / card-c:205
2026-08-09T16:18:29.179+09:00  INFO 17128 --- [CardCapture-back] [restartedMain] j.c.e.c.service.GlobalStateService       : createDeck; makeCard :code; 206 / suitLハート s:2 / num: 6 numLab:6
2026-08-09T16:18:29.180+09:00  INFO 17128 --- [CardCapture-back] [restartedMain] j.c.e.c.service.GlobalStateService       : suit=2 / num=6 / card-c:206
2026-08-09T16:18:29.180+09:00  INFO 17128 --- [CardCapture-back] [restartedMain] j.c.e.c.service.GlobalStateService       : createDeck; makeCard :code; 207 / suitLハート s:2 / num: 7 numLab:7
2026-08-09T16:18:29.181+09:00  INFO 17128 --- [CardCapture-back] [restartedMain] j.c.e.c.service.GlobalStateService       : suit=2 / num=7 / card-c:207
2026-08-09T16:18:29.182+09:00  INFO 17128 --- [CardCapture-back] [restartedMain] j.c.e.c.service.GlobalStateService       : createDeck; makeCard :code; 208 / suitLハート s:2 / num: 8 numLab:8
2026-08-09T16:18:29.182+09:00  INFO 17128 --- [CardCapture-back] [restartedMain] j.c.e.c.service.GlobalStateService       : suit=2 / num=8 / card-c:208
2026-08-09T16:18:29.183+09:00  INFO 17128 --- [CardCapture-back] [restartedMain] j.c.e.c.service.GlobalStateService       : createDeck; makeCard :code; 209 / suitLハート s:2 / num: 9 numLab:9
2026-08-09T16:18:29.183+09:00  INFO 17128 --- [CardCapture-back] [restartedMain] j.c.e.c.service.GlobalStateService       : suit=2 / num=9 / card-c:209
2026-08-09T16:18:29.183+09:00  INFO 17128 --- [CardCapture-back] [restartedMain] j.c.e.c.service.GlobalStateService       : createDeck; makeCard :code; 210 / suitLハート s:2 / num: 10 numLab:10
2026-08-09T16:18:29.184+09:00  INFO 17128 --- [CardCapture-back] [restartedMain] j.c.e.c.service.GlobalStateService       : suit=2 / num=10 / card-c:210
2026-08-09T16:18:29.184+09:00  INFO 17128 --- [CardCapture-back] [restartedMain] j.c.e.c.service.GlobalStateService       : createDeck; makeCard :code; 211 / suitLハート s:2 / num: 11 numLab:ジャック
2026-08-09T16:18:29.184+09:00  INFO 17128 --- [CardCapture-back] [restartedMain] j.c.e.c.service.GlobalStateService       : suit=2 / num=11 / card-c:211
2026-08-09T16:18:29.184+09:00  INFO 17128 --- [CardCapture-back] [restartedMain] j.c.e.c.service.GlobalStateService       : createDeck; makeCard :code; 212 / suitLハート s:2 / num: 12 numLab:クイーン
2026-08-09T16:18:29.185+09:00  INFO 17128 --- [CardCapture-back] [restartedMain] j.c.e.c.service.GlobalStateService       : suit=2 / num=12 / card-c:212
2026-08-09T16:18:29.185+09:00  INFO 17128 --- [CardCapture-back] [restartedMain] j.c.e.c.service.GlobalStateService       : createDeck; makeCard :code; 213 / suitLハート s:2 / num: 13 numLab:キング
2026-08-09T16:18:29.186+09:00  INFO 17128 --- [CardCapture-back] [restartedMain] j.c.e.c.service.GlobalStateService       : suit=2 / num=13 / card-c:213
2026-08-09T16:18:29.186+09:00  INFO 17128 --- [CardCapture-back] [restartedMain] j.c.e.c.service.GlobalStateService       : createDeck; makeCard :code; 214 / suitLハート s:2 / num: 14 numLab:エース
2026-08-09T16:18:29.187+09:00  INFO 17128 --- [CardCapture-back] [restartedMain] j.c.e.c.service.GlobalStateService       : suit=2 / num=14 / card-c:214
2026-08-09T16:18:29.187+09:00  INFO 17128 --- [CardCapture-back] [restartedMain] j.c.e.c.service.GlobalStateService       : createDeck; makeCard :code; 302 / suitLダイヤ s:3 / num: 2 numLab:2
2026-08-09T16:18:29.188+09:00  INFO 17128 --- [CardCapture-back] [restartedMain] j.c.e.c.service.GlobalStateService       : suit=3 / num=2 / card-c:302
2026-08-09T16:18:29.189+09:00  INFO 17128 --- [CardCapture-back] [restartedMain] j.c.e.c.service.GlobalStateService       : createDeck; makeCard :code; 303 / suitLダイヤ s:3 / num: 3 numLab:3
2026-08-09T16:18:29.190+09:00  INFO 17128 --- [CardCapture-back] [restartedMain] j.c.e.c.service.GlobalStateService       : suit=3 / num=3 / card-c:303
2026-08-09T16:18:29.191+09:00  INFO 17128 --- [CardCapture-back] [restartedMain] j.c.e.c.service.GlobalStateService       : createDeck; makeCard :code; 304 / suitLダイヤ s:3 / num: 4 numLab:4
2026-08-09T16:18:29.192+09:00  INFO 17128 --- [CardCapture-back] [restartedMain] j.c.e.c.service.GlobalStateService       : suit=3 / num=4 / card-c:304
2026-08-09T16:18:29.192+09:00  INFO 17128 --- [CardCapture-back] [restartedMain] j.c.e.c.service.GlobalStateService       : createDeck; makeCard :code; 305 / suitLダイヤ s:3 / num: 5 numLab:5
2026-08-09T16:18:29.192+09:00  INFO 17128 --- [CardCapture-back] [restartedMain] j.c.e.c.service.GlobalStateService       : suit=3 / num=5 / card-c:305
2026-08-09T16:18:29.192+09:00  INFO 17128 --- [CardCapture-back] [restartedMain] j.c.e.c.service.GlobalStateService       : createDeck; makeCard :code; 306 / suitLダイヤ s:3 / num: 6 numLab:6
2026-08-09T16:18:29.193+09:00  INFO 17128 --- [CardCapture-back] [restartedMain] j.c.e.c.service.GlobalStateService       : suit=3 / num=6 / card-c:306
2026-08-09T16:18:29.193+09:00  INFO 17128 --- [CardCapture-back] [restartedMain] j.c.e.c.service.GlobalStateService       : createDeck; makeCard :code; 307 / suitLダイヤ s:3 / num: 7 numLab:7
2026-08-09T16:18:29.193+09:00  INFO 17128 --- [CardCapture-back] [restartedMain] j.c.e.c.service.GlobalStateService       : suit=3 / num=7 / card-c:307
2026-08-09T16:18:29.194+09:00  INFO 17128 --- [CardCapture-back] [restartedMain] j.c.e.c.service.GlobalStateService       : createDeck; makeCard :code; 308 / suitLダイヤ s:3 / num: 8 numLab:8
2026-08-09T16:18:29.194+09:00  INFO 17128 --- [CardCapture-back] [restartedMain] j.c.e.c.service.GlobalStateService       : suit=3 / num=8 / card-c:308
2026-08-09T16:18:29.195+09:00  INFO 17128 --- [CardCapture-back] [restartedMain] j.c.e.c.service.GlobalStateService       : createDeck; makeCard :code; 309 / suitLダイヤ s:3 / num: 9 numLab:9
2026-08-09T16:18:29.195+09:00  INFO 17128 --- [CardCapture-back] [restartedMain] j.c.e.c.service.GlobalStateService       : suit=3 / num=9 / card-c:309
2026-08-09T16:18:29.195+09:00  INFO 17128 --- [CardCapture-back] [restartedMain] j.c.e.c.service.GlobalStateService       : createDeck; makeCard :code; 310 / suitLダイヤ s:3 / num: 10 numLab:10
2026-08-09T16:18:29.195+09:00  INFO 17128 --- [CardCapture-back] [restartedMain] j.c.e.c.service.GlobalStateService       : suit=3 / num=10 / card-c:310
2026-08-09T16:18:29.195+09:00  INFO 17128 --- [CardCapture-back] [restartedMain] j.c.e.c.service.GlobalStateService       : createDeck; makeCard :code; 311 / suitLダイヤ s:3 / num: 11 numLab:ジャック
2026-08-09T16:18:29.196+09:00  INFO 17128 --- [CardCapture-back] [restartedMain] j.c.e.c.service.GlobalStateService       : suit=3 / num=11 / card-c:311
2026-08-09T16:18:29.196+09:00  INFO 17128 --- [CardCapture-back] [restartedMain] j.c.e.c.service.GlobalStateService       : createDeck; makeCard :code; 312 / suitLダイヤ s:3 / num: 12 numLab:クイーン
2026-08-09T16:18:29.196+09:00  INFO 17128 --- [CardCapture-back] [restartedMain] j.c.e.c.service.GlobalStateService       : suit=3 / num=12 / card-c:312
2026-08-09T16:18:29.196+09:00  INFO 17128 --- [CardCapture-back] [restartedMain] j.c.e.c.service.GlobalStateService       : createDeck; makeCard :code; 313 / suitLダイヤ s:3 / num: 13 numLab:キング
2026-08-09T16:18:29.196+09:00  INFO 17128 --- [CardCapture-back] [restartedMain] j.c.e.c.service.GlobalStateService       : suit=3 / num=13 / card-c:313
2026-08-09T16:18:29.196+09:00  INFO 17128 --- [CardCapture-back] [restartedMain] j.c.e.c.service.GlobalStateService       : createDeck; makeCard :code; 314 / suitLダイヤ s:3 / num: 14 numLab:エース
2026-08-09T16:18:29.196+09:00  INFO 17128 --- [CardCapture-back] [restartedMain] j.c.e.c.service.GlobalStateService       : suit=3 / num=14 / card-c:314
2026-08-09T16:18:29.197+09:00  INFO 17128 --- [CardCapture-back] [restartedMain] j.c.e.c.service.GlobalStateService       : createDeck; makeCard :code; 402 / suitLクラブ s:4 / num: 2 numLab:2
2026-08-09T16:18:29.197+09:00  INFO 17128 --- [CardCapture-back] [restartedMain] j.c.e.c.service.GlobalStateService       : suit=4 / num=2 / card-c:402
2026-08-09T16:18:29.197+09:00  INFO 17128 --- [CardCapture-back] [restartedMain] j.c.e.c.service.GlobalStateService       : createDeck; makeCard :code; 403 / suitLクラブ s:4 / num: 3 numLab:3
2026-08-09T16:18:29.197+09:00  INFO 17128 --- [CardCapture-back] [restartedMain] j.c.e.c.service.GlobalStateService       : suit=4 / num=3 / card-c:403
2026-08-09T16:18:29.197+09:00  INFO 17128 --- [CardCapture-back] [restartedMain] j.c.e.c.service.GlobalStateService       : createDeck; makeCard :code; 404 / suitLクラブ s:4 / num: 4 numLab:4
2026-08-09T16:18:29.197+09:00  INFO 17128 --- [CardCapture-back] [restartedMain] j.c.e.c.service.GlobalStateService       : suit=4 / num=4 / card-c:404
2026-08-09T16:18:29.197+09:00  INFO 17128 --- [CardCapture-back] [restartedMain] j.c.e.c.service.GlobalStateService       : createDeck; makeCard :code; 405 / suitLクラブ s:4 / num: 5 numLab:5
2026-08-09T16:18:29.198+09:00  INFO 17128 --- [CardCapture-back] [restartedMain] j.c.e.c.service.GlobalStateService       : suit=4 / num=5 / card-c:405
2026-08-09T16:18:29.198+09:00  INFO 17128 --- [CardCapture-back] [restartedMain] j.c.e.c.service.GlobalStateService       : createDeck; makeCard :code; 406 / suitLクラブ s:4 / num: 6 numLab:6
2026-08-09T16:18:29.198+09:00  INFO 17128 --- [CardCapture-back] [restartedMain] j.c.e.c.service.GlobalStateService       : suit=4 / num=6 / card-c:406
2026-08-09T16:18:29.198+09:00  INFO 17128 --- [CardCapture-back] [restartedMain] j.c.e.c.service.GlobalStateService       : createDeck; makeCard :code; 407 / suitLクラブ s:4 / num: 7 numLab:7
2026-08-09T16:18:29.198+09:00  INFO 17128 --- [CardCapture-back] [restartedMain] j.c.e.c.service.GlobalStateService       : suit=4 / num=7 / card-c:407
2026-08-09T16:18:29.198+09:00  INFO 17128 --- [CardCapture-back] [restartedMain] j.c.e.c.service.GlobalStateService       : createDeck; makeCard :code; 408 / suitLクラブ s:4 / num: 8 numLab:8
2026-08-09T16:18:29.199+09:00  INFO 17128 --- [CardCapture-back] [restartedMain] j.c.e.c.service.GlobalStateService       : suit=4 / num=8 / card-c:408
2026-08-09T16:18:29.199+09:00  INFO 17128 --- [CardCapture-back] [restartedMain] j.c.e.c.service.GlobalStateService       : createDeck; makeCard :code; 409 / suitLクラブ s:4 / num: 9 numLab:9
2026-08-09T16:18:29.199+09:00  INFO 17128 --- [CardCapture-back] [restartedMain] j.c.e.c.service.GlobalStateService       : suit=4 / num=9 / card-c:409
2026-08-09T16:18:29.199+09:00  INFO 17128 --- [CardCapture-back] [restartedMain] j.c.e.c.service.GlobalStateService       : createDeck; makeCard :code; 410 / suitLクラブ s:4 / num: 10 numLab:10
2026-08-09T16:18:29.199+09:00  INFO 17128 --- [CardCapture-back] [restartedMain] j.c.e.c.service.GlobalStateService       : suit=4 / num=10 / card-c:410
2026-08-09T16:18:29.199+09:00  INFO 17128 --- [CardCapture-back] [restartedMain] j.c.e.c.service.GlobalStateService       : createDeck; makeCard :code; 411 / suitLクラブ s:4 / num: 11 numLab:ジャック
2026-08-09T16:18:29.199+09:00  INFO 17128 --- [CardCapture-back] [restartedMain] j.c.e.c.service.GlobalStateService       : suit=4 / num=11 / card-c:411
2026-08-09T16:18:29.199+09:00  INFO 17128 --- [CardCapture-back] [restartedMain] j.c.e.c.service.GlobalStateService       : createDeck; makeCard :code; 412 / suitLクラブ s:4 / num: 12 numLab:クイーン
2026-08-09T16:18:29.199+09:00  INFO 17128 --- [CardCapture-back] [restartedMain] j.c.e.c.service.GlobalStateService       : suit=4 / num=12 / card-c:412
2026-08-09T16:18:29.199+09:00  INFO 17128 --- [CardCapture-back] [restartedMain] j.c.e.c.service.GlobalStateService       : createDeck; makeCard :code; 413 / suitLクラブ s:4 / num: 13 numLab:キング
2026-08-09T16:18:29.199+09:00  INFO 17128 --- [CardCapture-back] [restartedMain] j.c.e.c.service.GlobalStateService       : suit=4 / num=13 / card-c:413
2026-08-09T16:18:29.199+09:00  INFO 17128 --- [CardCapture-back] [restartedMain] j.c.e.c.service.GlobalStateService       : createDeck; makeCard :code; 414 / suitLクラブ s:4 / num: 14 numLab:エース
2026-08-09T16:18:29.199+09:00  INFO 17128 --- [CardCapture-back] [restartedMain] j.c.e.c.service.GlobalStateService       : suit=4 / num=14 / card-c:414
2026-08-09T16:18:29.200+09:00  INFO 17128 --- [CardCapture-back] [restartedMain] j.c.e.c.service.GlobalStateService       : createDeck; makeCard :code; 501 / suitLジョーカー s:5 / num: 1 numLab:1
2026-08-09T16:18:29.200+09:00  INFO 17128 --- [CardCapture-back] [restartedMain] j.c.e.c.service.GlobalStateService       : createDeck; makeCard :code; 502 / suitLジョーカー s:5 / num: 2 numLab:2
2026-08-09T16:18:29.200+09:00  INFO 17128 --- [CardCapture-back] [restartedMain] j.c.e.c.service.GlobalStateService       : createDeck; 終了
2026-08-09T16:18:29.478+09:00  INFO 17128 --- [CardCapture-back] [restartedMain] o.s.v.b.OptionalValidatorFactoryBean     : Failed to set up a Bean Validation provider: jakarta.validation.NoProviderFoundException: Unable to create a Configuration, because no Jakarta Validation provider could be found. Add a provider like Hibernate Validator (RI) to your classpath.
2026-08-09T16:18:30.216+09:00  INFO 17128 --- [CardCapture-back] [restartedMain] o.s.boot.tomcat.TomcatWebServer          : Tomcat started on port 8080 (http) with context path '/'
2026-08-09T16:18:30.230+09:00  INFO 17128 --- [CardCapture-back] [restartedMain] j.c.e.c.CardCaptureBackApplication       : Started CardCaptureBackApplication in 4.836 seconds (process running for 15.187)
2026-08-09T16:18:43.027+09:00  INFO 17128 --- [CardCapture-back] [http-nio-8080-exec-1] o.a.c.c.C.[Tomcat].[localhost].[/]       : Initializing Spring DispatcherServlet 'dispatcherServlet'
2026-08-09T16:18:43.028+09:00  INFO 17128 --- [CardCapture-back] [http-nio-8080-exec-1] o.s.web.servlet.DispatcherServlet        : Initializing Servlet 'dispatcherServlet'
2026-08-09T16:18:43.031+09:00  INFO 17128 --- [CardCapture-back] [http-nio-8080-exec-1] o.s.web.servlet.DispatcherServlet        : Completed initialization in 3 ms
2026-08-09T16:18:43.127+09:00  INFO 17128 --- [CardCapture-back] [http-nio-8080-exec-1] j.c.e.c.service.CardCuptureInitService   : CardCuptureInitService: init 開始
2026-08-09T16:19:16.372+09:00  INFO 17128 --- [CardCapture-back] [http-nio-8080-exec-1] j.c.e.c.service.CardCuptureInitService   : CardCuptureInitService; init 終了
2026-08-09T16:19:16.373+09:00  INFO 17128 --- [CardCapture-back] [http-nio-8080-exec-1] j.c.e.c.service.CardCuptureInitService   : CardCuptureInitService: gameStart 開始
2026-08-09T16:19:16.378+09:00 ERROR 17128 --- [CardCapture-back] [http-nio-8080-exec-1] o.a.c.c.C.[.[.[/].[dispatcherServlet]    : Servlet.service() for servlet [dispatcherServlet] in context with path [] threw exception [Request processing failed: java.lang.IndexOutOfBoundsException: Index 0 out of bounds for length 0] with root cause

java.lang.IndexOutOfBoundsException: Index 0 out of bounds for length 0
	at java.base/jdk.internal.util.Preconditions.outOfBounds(Preconditions.java:100) ~[na:na]
	at java.base/jdk.internal.util.Preconditions.outOfBoundsCheckIndex(Preconditions.java:106) ~[na:na]
	at java.base/jdk.internal.util.Preconditions.checkIndex(Preconditions.java:302) ~[na:na]
	at java.base/java.util.Objects.checkIndex(Objects.java:385) ~[na:na]
	at java.base/java.util.ArrayList.get(ArrayList.java:427) ~[na:na]
	at jp.co.ea.cardcapture.model.GameDeck.lookTop(GameDeck.java:59) ~[main/:na]
	at jp.co.ea.cardcapture.service.CardCuptureInitService.gameStart(CardCuptureInitService.java:89) ~[main/:na]
	at jp.co.ea.cardcapture.controller.CardCaptureController.initGame(CardCaptureController.java:46) ~[main/:na]
	at java.base/jdk.internal.reflect.DirectMethodHandleAccessor.invoke(DirectMethodHandleAccessor.java:103) ~[na:na]
	at java.base/java.lang.reflect.Method.invoke(Method.java:580) ~[na:na]
	at org.springframework.web.method.support.InvocableHandlerMethod.doInvoke(InvocableHandlerMethod.java:252) ~[spring-web-7.0.8.jar:7.0.8]
	at org.springframework.web.method.support.InvocableHandlerMethod.invokeForRequest(InvocableHandlerMethod.java:184) ~[spring-web-7.0.8.jar:7.0.8]
	at org.springframework.web.servlet.mvc.method.annotation.ServletInvocableHandlerMethod.invokeAndHandle(ServletInvocableHandlerMethod.java:117) ~[spring-webmvc-7.0.8.jar:7.0.8]
	at org.springframework.web.servlet.mvc.method.annotation.RequestMappingHandlerAdapter.invokeHandlerMethod(RequestMappingHandlerAdapter.java:934) ~[spring-webmvc-7.0.8.jar:7.0.8]
	at org.springframework.web.servlet.mvc.method.annotation.RequestMappingHandlerAdapter.handleInternal(RequestMappingHandlerAdapter.java:853) ~[spring-webmvc-7.0.8.jar:7.0.8]
	at org.springframework.web.servlet.mvc.method.AbstractHandlerMethodAdapter.handle(AbstractHandlerMethodAdapter.java:86) ~[spring-webmvc-7.0.8.jar:7.0.8]
	at org.springframework.web.servlet.DispatcherServlet.doDispatch(DispatcherServlet.java:963) ~[spring-webmvc-7.0.8.jar:7.0.8]
	at org.springframework.web.servlet.DispatcherServlet.doService(DispatcherServlet.java:866) ~[spring-webmvc-7.0.8.jar:7.0.8]
	at org.springframework.web.servlet.FrameworkServlet.processRequest(FrameworkServlet.java:1000) ~[spring-webmvc-7.0.8.jar:7.0.8]
	at org.springframework.web.servlet.FrameworkServlet.doPost(FrameworkServlet.java:903) ~[spring-webmvc-7.0.8.jar:7.0.8]
	at jakarta.servlet.http.HttpServlet.service(HttpServlet.java:649) ~[tomcat-embed-core-11.0.22.jar:6.1]
	at org.springframework.web.servlet.FrameworkServlet.service(FrameworkServlet.java:874) ~[spring-webmvc-7.0.8.jar:7.0.8]
	at jakarta.servlet.http.HttpServlet.service(HttpServlet.java:710) ~[tomcat-embed-core-11.0.22.jar:6.1]
	at org.apache.catalina.core.ApplicationFilterChain.doFilter(ApplicationFilterChain.java:128) ~[tomcat-embed-core-11.0.22.jar:11.0.22]
	at org.apache.tomcat.websocket.server.WsFilter.doFilter(WsFilter.java:53) ~[tomcat-embed-websocket-11.0.22.jar:11.0.22]
	at org.apache.catalina.core.ApplicationFilterChain.doFilter(ApplicationFilterChain.java:107) ~[tomcat-embed-core-11.0.22.jar:11.0.22]
	at org.springframework.web.filter.RequestContextFilter.doFilterInternal(RequestContextFilter.java:100) ~[spring-web-7.0.8.jar:7.0.8]
	at org.springframework.web.filter.OncePerRequestFilter.doFilter(OncePerRequestFilter.java:116) ~[spring-web-7.0.8.jar:7.0.8]
	at org.apache.catalina.core.ApplicationFilterChain.doFilter(ApplicationFilterChain.java:107) ~[tomcat-embed-core-11.0.22.jar:11.0.22]
	at org.springframework.web.filter.FormContentFilter.doFilterInternal(FormContentFilter.java:93) ~[spring-web-7.0.8.jar:7.0.8]
	at org.springframework.web.filter.OncePerRequestFilter.doFilter(OncePerRequestFilter.java:116) ~[spring-web-7.0.8.jar:7.0.8]
	at org.apache.catalina.core.ApplicationFilterChain.doFilter(ApplicationFilterChain.java:107) ~[tomcat-embed-core-11.0.22.jar:11.0.22]
	at org.springframework.web.filter.CharacterEncodingFilter.doFilterInternal(CharacterEncodingFilter.java:199) ~[spring-web-7.0.8.jar:7.0.8]
	at org.springframework.web.filter.OncePerRequestFilter.doFilter(OncePerRequestFilter.java:116) ~[spring-web-7.0.8.jar:7.0.8]
	at org.apache.catalina.core.ApplicationFilterChain.doFilter(ApplicationFilterChain.java:107) ~[tomcat-embed-core-11.0.22.jar:11.0.22]
	at org.apache.catalina.core.StandardWrapperValve.invoke(StandardWrapperValve.java:165) ~[tomcat-embed-core-11.0.22.jar:11.0.22]
	at org.apache.catalina.core.StandardContextValve.invoke(StandardContextValve.java:77) ~[tomcat-embed-core-11.0.22.jar:11.0.22]
	at org.apache.catalina.authenticator.AuthenticatorBase.invoke(AuthenticatorBase.java:492) ~[tomcat-embed-core-11.0.22.jar:11.0.22]
	at org.apache.catalina.core.StandardHostValve.invoke(StandardHostValve.java:113) ~[tomcat-embed-core-11.0.22.jar:11.0.22]
	at org.apache.catalina.valves.ErrorReportValve.invoke(ErrorReportValve.java:83) ~[tomcat-embed-core-11.0.22.jar:11.0.22]
	at org.apache.catalina.core.StandardEngineValve.invoke(StandardEngineValve.java:72) ~[tomcat-embed-core-11.0.22.jar:11.0.22]
	at org.apache.catalina.connector.CoyoteAdapter.service(CoyoteAdapter.java:341) ~[tomcat-embed-core-11.0.22.jar:11.0.22]
	at org.apache.coyote.http11.Http11Processor.service(Http11Processor.java:397) ~[tomcat-embed-core-11.0.22.jar:11.0.22]
	at org.apache.coyote.AbstractProcessorLight.process(AbstractProcessorLight.java:63) ~[tomcat-embed-core-11.0.22.jar:11.0.22]
	at org.apache.coyote.AbstractProtocol$ConnectionHandler.process(AbstractProtocol.java:1272) ~[tomcat-embed-core-11.0.22.jar:11.0.22]
	at org.apache.tomcat.util.net.NioEndpoint$SocketProcessor.doRun(NioEndpoint.java:1801) ~[tomcat-embed-core-11.0.22.jar:11.0.22]
	at org.apache.tomcat.util.net.SocketProcessorBase.run(SocketProcessorBase.java:52) ~[tomcat-embed-core-11.0.22.jar:11.0.22]
	at org.apache.tomcat.util.threads.ThreadPoolExecutor.runWorker(ThreadPoolExecutor.java:946) ~[tomcat-embed-core-11.0.22.jar:11.0.22]
	at org.apache.tomcat.util.threads.ThreadPoolExecutor$Worker.run(ThreadPoolExecutor.java:480) ~[tomcat-embed-core-11.0.22.jar:11.0.22]
	at org.apache.tomcat.util.threads.TaskThread$WrappingRunnable.run(TaskThread.java:57) ~[tomcat-embed-core-11.0.22.jar:11.0.22]
	at java.base/java.lang.Thread.run(Thread.java:1583) ~[na:na]

2026-08-09T16:20:22.259+09:00  INFO 17128 --- [CardCapture-back] [File Watcher] rtingClassPathChangeChangedEventListener : Restarting due to 20 class path changes (0 additions, 0 deletions, 20 modifications)
2026-08-09T16:20:22.272+09:00  INFO 17128 --- [CardCapture-back] [Thread-1] o.s.boot.tomcat.GracefulShutdown         : Commencing graceful shutdown. Waiting for active requests to complete
2026-08-09T16:20:22.333+09:00  INFO 17128 --- [CardCapture-back] [tomcat-shutdown] o.s.boot.tomcat.GracefulShutdown         : Graceful shutdown complete
2026-08-09T16:20:22.552+09:00  INFO 17128 --- [CardCapture-back] [restartedMain] j.c.e.c.CardCaptureBackApplication       : Starting CardCaptureBackApplication using Java 21.0.9 with PID 17128 (C:\kino-work\SpringBoot\CardCapture-back\bin\main started by NPC-61 in C:\kino-work\SpringBoot\CardCapture-back)
2026-08-09T16:20:22.553+09:00  INFO 17128 --- [CardCapture-back] [restartedMain] j.c.e.c.CardCaptureBackApplication       : No active profile set, falling back to 1 default profile: "default"
2026-08-09T16:20:23.224+09:00  INFO 17128 --- [CardCapture-back] [restartedMain] o.s.boot.tomcat.TomcatWebServer          : Tomcat initialized with port 8080 (http)
2026-08-09T16:20:23.229+09:00  INFO 17128 --- [CardCapture-back] [restartedMain] o.apache.catalina.core.StandardService   : Starting service [Tomcat]
2026-08-09T16:20:23.230+09:00  INFO 17128 --- [CardCapture-back] [restartedMain] o.apache.catalina.core.StandardEngine    : Starting Servlet engine: [Apache Tomcat/11.0.22]
2026-08-09T16:20:23.265+09:00  INFO 17128 --- [CardCapture-back] [restartedMain] b.w.c.s.WebApplicationContextInitializer : Root WebApplicationContext: initialization completed in 704 ms
2026-08-09T16:20:25.118+09:00  INFO 17128 --- [CardCapture-back] [restartedMain] j.c.e.c.service.GlobalStateService       : createDeck; 開始
2026-08-09T16:20:25.126+09:00  INFO 17128 --- [CardCapture-back] [restartedMain] j.c.e.c.service.GlobalStateService       : createDeck; makeCard :code; 102 / suitLスペード s:1 / num: 2 numLab:2
2026-08-09T16:20:25.128+09:00  INFO 17128 --- [CardCapture-back] [restartedMain] j.c.e.c.service.GlobalStateService       : suit=1 / num=2 / card-c:102
2026-08-09T16:20:25.129+09:00  INFO 17128 --- [CardCapture-back] [restartedMain] j.c.e.c.service.GlobalStateService       : createDeck; makeCard :code; 103 / suitLスペード s:1 / num: 3 numLab:3
2026-08-09T16:20:25.129+09:00  INFO 17128 --- [CardCapture-back] [restartedMain] j.c.e.c.service.GlobalStateService       : suit=1 / num=3 / card-c:103
2026-08-09T16:20:25.129+09:00  INFO 17128 --- [CardCapture-back] [restartedMain] j.c.e.c.service.GlobalStateService       : createDeck; makeCard :code; 104 / suitLスペード s:1 / num: 4 numLab:4
2026-08-09T16:20:25.129+09:00  INFO 17128 --- [CardCapture-back] [restartedMain] j.c.e.c.service.GlobalStateService       : suit=1 / num=4 / card-c:104
2026-08-09T16:20:25.129+09:00  INFO 17128 --- [CardCapture-back] [restartedMain] j.c.e.c.service.GlobalStateService       : createDeck; makeCard :code; 105 / suitLスペード s:1 / num: 5 numLab:5
2026-08-09T16:20:25.129+09:00  INFO 17128 --- [CardCapture-back] [restartedMain] j.c.e.c.service.GlobalStateService       : suit=1 / num=5 / card-c:105
2026-08-09T16:20:25.130+09:00  INFO 17128 --- [CardCapture-back] [restartedMain] j.c.e.c.service.GlobalStateService       : createDeck; makeCard :code; 106 / suitLスペード s:1 / num: 6 numLab:6
2026-08-09T16:20:25.130+09:00  INFO 17128 --- [CardCapture-back] [restartedMain] j.c.e.c.service.GlobalStateService       : suit=1 / num=6 / card-c:106
2026-08-09T16:20:25.130+09:00  INFO 17128 --- [CardCapture-back] [restartedMain] j.c.e.c.service.GlobalStateService       : createDeck; makeCard :code; 107 / suitLスペード s:1 / num: 7 numLab:7
2026-08-09T16:20:25.130+09:00  INFO 17128 --- [CardCapture-back] [restartedMain] j.c.e.c.service.GlobalStateService       : suit=1 / num=7 / card-c:107
2026-08-09T16:20:25.130+09:00  INFO 17128 --- [CardCapture-back] [restartedMain] j.c.e.c.service.GlobalStateService       : createDeck; makeCard :code; 108 / suitLスペード s:1 / num: 8 numLab:8
2026-08-09T16:20:25.131+09:00  INFO 17128 --- [CardCapture-back] [restartedMain] j.c.e.c.service.GlobalStateService       : suit=1 / num=8 / card-c:108
2026-08-09T16:20:25.131+09:00  INFO 17128 --- [CardCapture-back] [restartedMain] j.c.e.c.service.GlobalStateService       : createDeck; makeCard :code; 109 / suitLスペード s:1 / num: 9 numLab:9
2026-08-09T16:20:25.131+09:00  INFO 17128 --- [CardCapture-back] [restartedMain] j.c.e.c.service.GlobalStateService       : suit=1 / num=9 / card-c:109
2026-08-09T16:20:25.131+09:00  INFO 17128 --- [CardCapture-back] [restartedMain] j.c.e.c.service.GlobalStateService       : createDeck; makeCard :code; 110 / suitLスペード s:1 / num: 10 numLab:10
2026-08-09T16:20:25.131+09:00  INFO 17128 --- [CardCapture-back] [restartedMain] j.c.e.c.service.GlobalStateService       : suit=1 / num=10 / card-c:110
2026-08-09T16:20:25.131+09:00  INFO 17128 --- [CardCapture-back] [restartedMain] j.c.e.c.service.GlobalStateService       : createDeck; makeCard :code; 111 / suitLスペード s:1 / num: 11 numLab:ジャック
2026-08-09T16:20:25.132+09:00  INFO 17128 --- [CardCapture-back] [restartedMain] j.c.e.c.service.GlobalStateService       : suit=1 / num=11 / card-c:111
2026-08-09T16:20:25.132+09:00  INFO 17128 --- [CardCapture-back] [restartedMain] j.c.e.c.service.GlobalStateService       : createDeck; makeCard :code; 112 / suitLスペード s:1 / num: 12 numLab:クイーン
2026-08-09T16:20:25.132+09:00  INFO 17128 --- [CardCapture-back] [restartedMain] j.c.e.c.service.GlobalStateService       : suit=1 / num=12 / card-c:112
2026-08-09T16:20:25.132+09:00  INFO 17128 --- [CardCapture-back] [restartedMain] j.c.e.c.service.GlobalStateService       : createDeck; makeCard :code; 113 / suitLスペード s:1 / num: 13 numLab:キング
2026-08-09T16:20:25.132+09:00  INFO 17128 --- [CardCapture-back] [restartedMain] j.c.e.c.service.GlobalStateService       : suit=1 / num=13 / card-c:113
2026-08-09T16:20:25.132+09:00  INFO 17128 --- [CardCapture-back] [restartedMain] j.c.e.c.service.GlobalStateService       : createDeck; makeCard :code; 114 / suitLスペード s:1 / num: 14 numLab:エース
2026-08-09T16:20:25.132+09:00  INFO 17128 --- [CardCapture-back] [restartedMain] j.c.e.c.service.GlobalStateService       : suit=1 / num=14 / card-c:114
2026-08-09T16:20:25.133+09:00  INFO 17128 --- [CardCapture-back] [restartedMain] j.c.e.c.service.GlobalStateService       : createDeck; makeCard :code; 202 / suitLハート s:2 / num: 2 numLab:2
2026-08-09T16:20:25.133+09:00  INFO 17128 --- [CardCapture-back] [restartedMain] j.c.e.c.service.GlobalStateService       : suit=2 / num=2 / card-c:202
2026-08-09T16:20:25.133+09:00  INFO 17128 --- [CardCapture-back] [restartedMain] j.c.e.c.service.GlobalStateService       : createDeck; makeCard :code; 203 / suitLハート s:2 / num: 3 numLab:3
2026-08-09T16:20:25.133+09:00  INFO 17128 --- [CardCapture-back] [restartedMain] j.c.e.c.service.GlobalStateService       : suit=2 / num=3 / card-c:203
2026-08-09T16:20:25.133+09:00  INFO 17128 --- [CardCapture-back] [restartedMain] j.c.e.c.service.GlobalStateService       : createDeck; makeCard :code; 204 / suitLハート s:2 / num: 4 numLab:4
2026-08-09T16:20:25.133+09:00  INFO 17128 --- [CardCapture-back] [restartedMain] j.c.e.c.service.GlobalStateService       : suit=2 / num=4 / card-c:204
2026-08-09T16:20:25.133+09:00  INFO 17128 --- [CardCapture-back] [restartedMain] j.c.e.c.service.GlobalStateService       : createDeck; makeCard :code; 205 / suitLハート s:2 / num: 5 numLab:5
2026-08-09T16:20:25.133+09:00  INFO 17128 --- [CardCapture-back] [restartedMain] j.c.e.c.service.GlobalStateService       : suit=2 / num=5 / card-c:205
2026-08-09T16:20:25.133+09:00  INFO 17128 --- [CardCapture-back] [restartedMain] j.c.e.c.service.GlobalStateService       : createDeck; makeCard :code; 206 / suitLハート s:2 / num: 6 numLab:6
2026-08-09T16:20:25.133+09:00  INFO 17128 --- [CardCapture-back] [restartedMain] j.c.e.c.service.GlobalStateService       : suit=2 / num=6 / card-c:206
2026-08-09T16:20:25.134+09:00  INFO 17128 --- [CardCapture-back] [restartedMain] j.c.e.c.service.GlobalStateService       : createDeck; makeCard :code; 207 / suitLハート s:2 / num: 7 numLab:7
2026-08-09T16:20:25.134+09:00  INFO 17128 --- [CardCapture-back] [restartedMain] j.c.e.c.service.GlobalStateService       : suit=2 / num=7 / card-c:207
2026-08-09T16:20:25.134+09:00  INFO 17128 --- [CardCapture-back] [restartedMain] j.c.e.c.service.GlobalStateService       : createDeck; makeCard :code; 208 / suitLハート s:2 / num: 8 numLab:8
2026-08-09T16:20:25.134+09:00  INFO 17128 --- [CardCapture-back] [restartedMain] j.c.e.c.service.GlobalStateService       : suit=2 / num=8 / card-c:208
2026-08-09T16:20:25.134+09:00  INFO 17128 --- [CardCapture-back] [restartedMain] j.c.e.c.service.GlobalStateService       : createDeck; makeCard :code; 209 / suitLハート s:2 / num: 9 numLab:9
2026-08-09T16:20:25.134+09:00  INFO 17128 --- [CardCapture-back] [restartedMain] j.c.e.c.service.GlobalStateService       : suit=2 / num=9 / card-c:209
2026-08-09T16:20:25.134+09:00  INFO 17128 --- [CardCapture-back] [restartedMain] j.c.e.c.service.GlobalStateService       : createDeck; makeCard :code; 210 / suitLハート s:2 / num: 10 numLab:10
2026-08-09T16:20:25.134+09:00  INFO 17128 --- [CardCapture-back] [restartedMain] j.c.e.c.service.GlobalStateService       : suit=2 / num=10 / card-c:210
2026-08-09T16:20:25.135+09:00  INFO 17128 --- [CardCapture-back] [restartedMain] j.c.e.c.service.GlobalStateService       : createDeck; makeCard :code; 211 / suitLハート s:2 / num: 11 numLab:ジャック
2026-08-09T16:20:25.135+09:00  INFO 17128 --- [CardCapture-back] [restartedMain] j.c.e.c.service.GlobalStateService       : suit=2 / num=11 / card-c:211
2026-08-09T16:20:25.135+09:00  INFO 17128 --- [CardCapture-back] [restartedMain] j.c.e.c.service.GlobalStateService       : createDeck; makeCard :code; 212 / suitLハート s:2 / num: 12 numLab:クイーン
2026-08-09T16:20:25.135+09:00  INFO 17128 --- [CardCapture-back] [restartedMain] j.c.e.c.service.GlobalStateService       : suit=2 / num=12 / card-c:212
2026-08-09T16:20:25.135+09:00  INFO 17128 --- [CardCapture-back] [restartedMain] j.c.e.c.service.GlobalStateService       : createDeck; makeCard :code; 213 / suitLハート s:2 / num: 13 numLab:キング
2026-08-09T16:20:25.135+09:00  INFO 17128 --- [CardCapture-back] [restartedMain] j.c.e.c.service.GlobalStateService       : suit=2 / num=13 / card-c:213
2026-08-09T16:20:25.135+09:00  INFO 17128 --- [CardCapture-back] [restartedMain] j.c.e.c.service.GlobalStateService       : createDeck; makeCard :code; 214 / suitLハート s:2 / num: 14 numLab:エース
2026-08-09T16:20:25.135+09:00  INFO 17128 --- [CardCapture-back] [restartedMain] j.c.e.c.service.GlobalStateService       : suit=2 / num=14 / card-c:214
2026-08-09T16:20:25.136+09:00  INFO 17128 --- [CardCapture-back] [restartedMain] j.c.e.c.service.GlobalStateService       : createDeck; makeCard :code; 302 / suitLダイヤ s:3 / num: 2 numLab:2
2026-08-09T16:20:25.136+09:00  INFO 17128 --- [CardCapture-back] [restartedMain] j.c.e.c.service.GlobalStateService       : suit=3 / num=2 / card-c:302
2026-08-09T16:20:25.136+09:00  INFO 17128 --- [CardCapture-back] [restartedMain] j.c.e.c.service.GlobalStateService       : createDeck; makeCard :code; 303 / suitLダイヤ s:3 / num: 3 numLab:3
2026-08-09T16:20:25.136+09:00  INFO 17128 --- [CardCapture-back] [restartedMain] j.c.e.c.service.GlobalStateService       : suit=3 / num=3 / card-c:303
2026-08-09T16:20:25.136+09:00  INFO 17128 --- [CardCapture-back] [restartedMain] j.c.e.c.service.GlobalStateService       : createDeck; makeCard :code; 304 / suitLダイヤ s:3 / num: 4 numLab:4
2026-08-09T16:20:25.136+09:00  INFO 17128 --- [CardCapture-back] [restartedMain] j.c.e.c.service.GlobalStateService       : suit=3 / num=4 / card-c:304
2026-08-09T16:20:25.136+09:00  INFO 17128 --- [CardCapture-back] [restartedMain] j.c.e.c.service.GlobalStateService       : createDeck; makeCard :code; 305 / suitLダイヤ s:3 / num: 5 numLab:5
2026-08-09T16:20:25.136+09:00  INFO 17128 --- [CardCapture-back] [restartedMain] j.c.e.c.service.GlobalStateService       : suit=3 / num=5 / card-c:305
2026-08-09T16:20:25.137+09:00  INFO 17128 --- [CardCapture-back] [restartedMain] j.c.e.c.service.GlobalStateService       : createDeck; makeCard :code; 306 / suitLダイヤ s:3 / num: 6 numLab:6
2026-08-09T16:20:25.137+09:00  INFO 17128 --- [CardCapture-back] [restartedMain] j.c.e.c.service.GlobalStateService       : suit=3 / num=6 / card-c:306
2026-08-09T16:20:25.137+09:00  INFO 17128 --- [CardCapture-back] [restartedMain] j.c.e.c.service.GlobalStateService       : createDeck; makeCard :code; 307 / suitLダイヤ s:3 / num: 7 numLab:7
2026-08-09T16:20:25.138+09:00  INFO 17128 --- [CardCapture-back] [restartedMain] j.c.e.c.service.GlobalStateService       : suit=3 / num=7 / card-c:307
2026-08-09T16:20:25.138+09:00  INFO 17128 --- [CardCapture-back] [restartedMain] j.c.e.c.service.GlobalStateService       : createDeck; makeCard :code; 308 / suitLダイヤ s:3 / num: 8 numLab:8
2026-08-09T16:20:25.139+09:00  INFO 17128 --- [CardCapture-back] [restartedMain] j.c.e.c.service.GlobalStateService       : suit=3 / num=8 / card-c:308
2026-08-09T16:20:25.139+09:00  INFO 17128 --- [CardCapture-back] [restartedMain] j.c.e.c.service.GlobalStateService       : createDeck; makeCard :code; 309 / suitLダイヤ s:3 / num: 9 numLab:9
2026-08-09T16:20:25.139+09:00  INFO 17128 --- [CardCapture-back] [restartedMain] j.c.e.c.service.GlobalStateService       : suit=3 / num=9 / card-c:309
2026-08-09T16:20:25.139+09:00  INFO 17128 --- [CardCapture-back] [restartedMain] j.c.e.c.service.GlobalStateService       : createDeck; makeCard :code; 310 / suitLダイヤ s:3 / num: 10 numLab:10
2026-08-09T16:20:25.139+09:00  INFO 17128 --- [CardCapture-back] [restartedMain] j.c.e.c.service.GlobalStateService       : suit=3 / num=10 / card-c:310
2026-08-09T16:20:25.140+09:00  INFO 17128 --- [CardCapture-back] [restartedMain] j.c.e.c.service.GlobalStateService       : createDeck; makeCard :code; 311 / suitLダイヤ s:3 / num: 11 numLab:ジャック
2026-08-09T16:20:25.140+09:00  INFO 17128 --- [CardCapture-back] [restartedMain] j.c.e.c.service.GlobalStateService       : suit=3 / num=11 / card-c:311
2026-08-09T16:20:25.140+09:00  INFO 17128 --- [CardCapture-back] [restartedMain] j.c.e.c.service.GlobalStateService       : createDeck; makeCard :code; 312 / suitLダイヤ s:3 / num: 12 numLab:クイーン
2026-08-09T16:20:25.140+09:00  INFO 17128 --- [CardCapture-back] [restartedMain] j.c.e.c.service.GlobalStateService       : suit=3 / num=12 / card-c:312
2026-08-09T16:20:25.140+09:00  INFO 17128 --- [CardCapture-back] [restartedMain] j.c.e.c.service.GlobalStateService       : createDeck; makeCard :code; 313 / suitLダイヤ s:3 / num: 13 numLab:キング
2026-08-09T16:20:25.140+09:00  INFO 17128 --- [CardCapture-back] [restartedMain] j.c.e.c.service.GlobalStateService       : suit=3 / num=13 / card-c:313
2026-08-09T16:20:25.140+09:00  INFO 17128 --- [CardCapture-back] [restartedMain] j.c.e.c.service.GlobalStateService       : createDeck; makeCard :code; 314 / suitLダイヤ s:3 / num: 14 numLab:エース
2026-08-09T16:20:25.140+09:00  INFO 17128 --- [CardCapture-back] [restartedMain] j.c.e.c.service.GlobalStateService       : suit=3 / num=14 / card-c:314
2026-08-09T16:20:25.140+09:00  INFO 17128 --- [CardCapture-back] [restartedMain] j.c.e.c.service.GlobalStateService       : createDeck; makeCard :code; 402 / suitLクラブ s:4 / num: 2 numLab:2
2026-08-09T16:20:25.140+09:00  INFO 17128 --- [CardCapture-back] [restartedMain] j.c.e.c.service.GlobalStateService       : suit=4 / num=2 / card-c:402
2026-08-09T16:20:25.140+09:00  INFO 17128 --- [CardCapture-back] [restartedMain] j.c.e.c.service.GlobalStateService       : createDeck; makeCard :code; 403 / suitLクラブ s:4 / num: 3 numLab:3
2026-08-09T16:20:25.140+09:00  INFO 17128 --- [CardCapture-back] [restartedMain] j.c.e.c.service.GlobalStateService       : suit=4 / num=3 / card-c:403
2026-08-09T16:20:25.140+09:00  INFO 17128 --- [CardCapture-back] [restartedMain] j.c.e.c.service.GlobalStateService       : createDeck; makeCard :code; 404 / suitLクラブ s:4 / num: 4 numLab:4
2026-08-09T16:20:25.141+09:00  INFO 17128 --- [CardCapture-back] [restartedMain] j.c.e.c.service.GlobalStateService       : suit=4 / num=4 / card-c:404
2026-08-09T16:20:25.141+09:00  INFO 17128 --- [CardCapture-back] [restartedMain] j.c.e.c.service.GlobalStateService       : createDeck; makeCard :code; 405 / suitLクラブ s:4 / num: 5 numLab:5
2026-08-09T16:20:25.141+09:00  INFO 17128 --- [CardCapture-back] [restartedMain] j.c.e.c.service.GlobalStateService       : suit=4 / num=5 / card-c:405
2026-08-09T16:20:25.141+09:00  INFO 17128 --- [CardCapture-back] [restartedMain] j.c.e.c.service.GlobalStateService       : createDeck; makeCard :code; 406 / suitLクラブ s:4 / num: 6 numLab:6
2026-08-09T16:20:25.141+09:00  INFO 17128 --- [CardCapture-back] [restartedMain] j.c.e.c.service.GlobalStateService       : suit=4 / num=6 / card-c:406
2026-08-09T16:20:25.141+09:00  INFO 17128 --- [CardCapture-back] [restartedMain] j.c.e.c.service.GlobalStateService       : createDeck; makeCard :code; 407 / suitLクラブ s:4 / num: 7 numLab:7
2026-08-09T16:20:25.141+09:00  INFO 17128 --- [CardCapture-back] [restartedMain] j.c.e.c.service.GlobalStateService       : suit=4 / num=7 / card-c:407
2026-08-09T16:20:25.141+09:00  INFO 17128 --- [CardCapture-back] [restartedMain] j.c.e.c.service.GlobalStateService       : createDeck; makeCard :code; 408 / suitLクラブ s:4 / num: 8 numLab:8
2026-08-09T16:20:25.141+09:00  INFO 17128 --- [CardCapture-back] [restartedMain] j.c.e.c.service.GlobalStateService       : suit=4 / num=8 / card-c:408
2026-08-09T16:20:25.141+09:00  INFO 17128 --- [CardCapture-back] [restartedMain] j.c.e.c.service.GlobalStateService       : createDeck; makeCard :code; 409 / suitLクラブ s:4 / num: 9 numLab:9
2026-08-09T16:20:25.141+09:00  INFO 17128 --- [CardCapture-back] [restartedMain] j.c.e.c.service.GlobalStateService       : suit=4 / num=9 / card-c:409
2026-08-09T16:20:25.141+09:00  INFO 17128 --- [CardCapture-back] [restartedMain] j.c.e.c.service.GlobalStateService       : createDeck; makeCard :code; 410 / suitLクラブ s:4 / num: 10 numLab:10
2026-08-09T16:20:25.141+09:00  INFO 17128 --- [CardCapture-back] [restartedMain] j.c.e.c.service.GlobalStateService       : suit=4 / num=10 / card-c:410
2026-08-09T16:20:25.142+09:00  INFO 17128 --- [CardCapture-back] [restartedMain] j.c.e.c.service.GlobalStateService       : createDeck; makeCard :code; 411 / suitLクラブ s:4 / num: 11 numLab:ジャック
2026-08-09T16:20:25.142+09:00  INFO 17128 --- [CardCapture-back] [restartedMain] j.c.e.c.service.GlobalStateService       : suit=4 / num=11 / card-c:411
2026-08-09T16:20:25.142+09:00  INFO 17128 --- [CardCapture-back] [restartedMain] j.c.e.c.service.GlobalStateService       : createDeck; makeCard :code; 412 / suitLクラブ s:4 / num: 12 numLab:クイーン
2026-08-09T16:20:25.142+09:00  INFO 17128 --- [CardCapture-back] [restartedMain] j.c.e.c.service.GlobalStateService       : suit=4 / num=12 / card-c:412
2026-08-09T16:20:25.142+09:00  INFO 17128 --- [CardCapture-back] [restartedMain] j.c.e.c.service.GlobalStateService       : createDeck; makeCard :code; 413 / suitLクラブ s:4 / num: 13 numLab:キング
2026-08-09T16:20:25.142+09:00  INFO 17128 --- [CardCapture-back] [restartedMain] j.c.e.c.service.GlobalStateService       : suit=4 / num=13 / card-c:413
2026-08-09T16:20:25.142+09:00  INFO 17128 --- [CardCapture-back] [restartedMain] j.c.e.c.service.GlobalStateService       : createDeck; makeCard :code; 414 / suitLクラブ s:4 / num: 14 numLab:エース
2026-08-09T16:20:25.142+09:00  INFO 17128 --- [CardCapture-back] [restartedMain] j.c.e.c.service.GlobalStateService       : suit=4 / num=14 / card-c:414
2026-08-09T16:20:25.142+09:00  INFO 17128 --- [CardCapture-back] [restartedMain] j.c.e.c.service.GlobalStateService       : createDeck; makeCard :code; 501 / suitLジョーカー s:5 / num: 1 numLab:1
2026-08-09T16:20:25.143+09:00  INFO 17128 --- [CardCapture-back] [restartedMain] j.c.e.c.service.GlobalStateService       : createDeck; makeCard :code; 502 / suitLジョーカー s:5 / num: 2 numLab:2
2026-08-09T16:20:25.143+09:00  INFO 17128 --- [CardCapture-back] [restartedMain] j.c.e.c.service.GlobalStateService       : createDeck; 終了
2026-08-09T16:20:25.226+09:00  INFO 17128 --- [CardCapture-back] [restartedMain] o.s.v.b.OptionalValidatorFactoryBean     : Failed to set up a Bean Validation provider: jakarta.validation.NoProviderFoundException: Unable to create a Configuration, because no Jakarta Validation provider could be found. Add a provider like Hibernate Validator (RI) to your classpath.
2026-08-09T16:20:25.384+09:00  INFO 17128 --- [CardCapture-back] [restartedMain] o.s.boot.tomcat.TomcatWebServer          : Tomcat started on port 8080 (http) with context path '/'
2026-08-09T16:20:25.391+09:00  INFO 17128 --- [CardCapture-back] [restartedMain] j.c.e.c.CardCaptureBackApplication       : Started CardCaptureBackApplication in 2.915 seconds (process running for 130.349)
2026-08-09T16:20:25.394+09:00  INFO 17128 --- [CardCapture-back] [restartedMain] .ConditionEvaluationDeltaLoggingListener : Condition evaluation unchanged
2026-08-09T16:20:28.390+09:00  INFO 17128 --- [CardCapture-back] [http-nio-8080-exec-2] o.a.c.c.C.[Tomcat].[localhost].[/]       : Initializing Spring DispatcherServlet 'dispatcherServlet'
2026-08-09T16:20:28.391+09:00  INFO 17128 --- [CardCapture-back] [http-nio-8080-exec-2] o.s.web.servlet.DispatcherServlet        : Initializing Servlet 'dispatcherServlet'
2026-08-09T16:20:28.394+09:00  INFO 17128 --- [CardCapture-back] [http-nio-8080-exec-2] o.s.web.servlet.DispatcherServlet        : Completed initialization in 3 ms
2026-08-09T16:20:28.401+09:00  INFO 17128 --- [CardCapture-back] [http-nio-8080-exec-2] j.c.e.c.service.CardCuptureInitService   : CardCuptureInitService: init 開始
2026-08-09T16:21:14.172+09:00  INFO 17128 --- [CardCapture-back] [http-nio-8080-exec-10] o.springdoc.api.AbstractOpenApiResource  : Init duration for springdoc-openapi is: 943 ms
2026-08-09T16:21:16.428+09:00  INFO 17128 --- [CardCapture-back] [http-nio-8080-exec-1] j.c.e.c.service.CardCuptureInitService   : CardCuptureInitService: init 開始
2026-08-09T16:21:32.303+09:00  INFO 17128 --- [CardCapture-back] [RMI TCP Connection(5)-127.0.0.1] inMXBeanRegistrar$SpringApplicationAdmin : Application shutdown requested.
2026-08-09T16:21:32.304+09:00  INFO 17128 --- [CardCapture-back] [RMI TCP Connection(5)-127.0.0.1] o.s.boot.tomcat.GracefulShutdown         : Commencing graceful shutdown. Waiting for active requests to complete
2026-08-09T16:21:40.599+09:00  INFO 17128 --- [CardCapture-back] [File Watcher] rtingClassPathChangeChangedEventListener : Restarting due to 20 class path changes (0 additions, 0 deletions, 20 modifications)
2026-08-09T16:21:40.859+09:00  INFO 17128 --- [CardCapture-back] [restartedMain] .e.DevToolsPropertyDefaultsPostProcessor : Devtools property defaults active! Set 'spring.devtools.add-properties' to 'false' to disable
2026-08-09T16:21:40.861+09:00  INFO 17128 --- [CardCapture-back] [restartedMain] .e.DevToolsPropertyDefaultsPostProcessor : For additional web related logging consider setting the 'logging.level.web' property to 'DEBUG'
2026-08-09T16:21:40.880+09:00  INFO 17128 --- [CardCapture-back] [restartedMain] j.c.e.c.CardCaptureBackApplication       : Starting CardCaptureBackApplication using Java 21.0.9 with PID 17128 (C:\kino-work\SpringBoot\CardCapture-back\bin\main started by NPC-61 in C:\kino-work\SpringBoot\CardCapture-back)
2026-08-09T16:21:40.880+09:00  INFO 17128 --- [CardCapture-back] [restartedMain] j.c.e.c.CardCaptureBackApplication       : No active profile set, falling back to 1 default profile: "default"
2026-08-09T16:21:41.460+09:00  INFO 17128 --- [CardCapture-back] [restartedMain] o.s.boot.tomcat.TomcatWebServer          : Tomcat initialized with port 8080 (http)
2026-08-09T16:21:41.465+09:00  INFO 17128 --- [CardCapture-back] [restartedMain] o.apache.catalina.core.StandardService   : Starting service [Tomcat]
2026-08-09T16:21:41.466+09:00  INFO 17128 --- [CardCapture-back] [restartedMain] o.apache.catalina.core.StandardEngine    : Starting Servlet engine: [Apache Tomcat/11.0.22]
2026-08-09T16:21:41.531+09:00  INFO 17128 --- [CardCapture-back] [restartedMain] b.w.c.s.WebApplicationContextInitializer : Root WebApplicationContext: initialization completed in 644 ms
2026-08-09T16:21:43.237+09:00  INFO 17128 --- [CardCapture-back] [restartedMain] j.c.e.c.service.GlobalStateService       : createDeck; 開始
2026-08-09T16:21:43.247+09:00  INFO 17128 --- [CardCapture-back] [restartedMain] j.c.e.c.service.GlobalStateService       : createDeck; makeCard :code; 102 / suitLスペード s:1 / num: 2 numLab:2
2026-08-09T16:21:43.249+09:00  INFO 17128 --- [CardCapture-back] [restartedMain] j.c.e.c.service.GlobalStateService       : suit=1 / num=2 / card-c:102
2026-08-09T16:21:43.250+09:00  INFO 17128 --- [CardCapture-back] [restartedMain] j.c.e.c.service.GlobalStateService       : createDeck; makeCard :code; 103 / suitLスペード s:1 / num: 3 numLab:3
2026-08-09T16:21:43.250+09:00  INFO 17128 --- [CardCapture-back] [restartedMain] j.c.e.c.service.GlobalStateService       : suit=1 / num=3 / card-c:103
2026-08-09T16:21:43.250+09:00  INFO 17128 --- [CardCapture-back] [restartedMain] j.c.e.c.service.GlobalStateService       : createDeck; makeCard :code; 104 / suitLスペード s:1 / num: 4 numLab:4
2026-08-09T16:21:43.250+09:00  INFO 17128 --- [CardCapture-back] [restartedMain] j.c.e.c.service.GlobalStateService       : suit=1 / num=4 / card-c:104
2026-08-09T16:21:43.250+09:00  INFO 17128 --- [CardCapture-back] [restartedMain] j.c.e.c.service.GlobalStateService       : createDeck; makeCard :code; 105 / suitLスペード s:1 / num: 5 numLab:5
2026-08-09T16:21:43.250+09:00  INFO 17128 --- [CardCapture-back] [restartedMain] j.c.e.c.service.GlobalStateService       : suit=1 / num=5 / card-c:105
2026-08-09T16:21:43.250+09:00  INFO 17128 --- [CardCapture-back] [restartedMain] j.c.e.c.service.GlobalStateService       : createDeck; makeCard :code; 106 / suitLスペード s:1 / num: 6 numLab:6
2026-08-09T16:21:43.250+09:00  INFO 17128 --- [CardCapture-back] [restartedMain] j.c.e.c.service.GlobalStateService       : suit=1 / num=6 / card-c:106
2026-08-09T16:21:43.250+09:00  INFO 17128 --- [CardCapture-back] [restartedMain] j.c.e.c.service.GlobalStateService       : createDeck; makeCard :code; 107 / suitLスペード s:1 / num: 7 numLab:7
2026-08-09T16:21:43.250+09:00  INFO 17128 --- [CardCapture-back] [restartedMain] j.c.e.c.service.GlobalStateService       : suit=1 / num=7 / card-c:107
2026-08-09T16:21:43.250+09:00  INFO 17128 --- [CardCapture-back] [restartedMain] j.c.e.c.service.GlobalStateService       : createDeck; makeCard :code; 108 / suitLスペード s:1 / num: 8 numLab:8
2026-08-09T16:21:43.251+09:00  INFO 17128 --- [CardCapture-back] [restartedMain] j.c.e.c.service.GlobalStateService       : suit=1 / num=8 / card-c:108
2026-08-09T16:21:43.251+09:00  INFO 17128 --- [CardCapture-back] [restartedMain] j.c.e.c.service.GlobalStateService       : createDeck; makeCard :code; 109 / suitLスペード s:1 / num: 9 numLab:9
2026-08-09T16:21:43.251+09:00  INFO 17128 --- [CardCapture-back] [restartedMain] j.c.e.c.service.GlobalStateService       : suit=1 / num=9 / card-c:109
2026-08-09T16:21:43.251+09:00  INFO 17128 --- [CardCapture-back] [restartedMain] j.c.e.c.service.GlobalStateService       : createDeck; makeCard :code; 110 / suitLスペード s:1 / num: 10 numLab:10
2026-08-09T16:21:43.251+09:00  INFO 17128 --- [CardCapture-back] [restartedMain] j.c.e.c.service.GlobalStateService       : suit=1 / num=10 / card-c:110
2026-08-09T16:21:43.251+09:00  INFO 17128 --- [CardCapture-back] [restartedMain] j.c.e.c.service.GlobalStateService       : createDeck; makeCard :code; 111 / suitLスペード s:1 / num: 11 numLab:ジャック
2026-08-09T16:21:43.251+09:00  INFO 17128 --- [CardCapture-back] [restartedMain] j.c.e.c.service.GlobalStateService       : suit=1 / num=11 / card-c:111
2026-08-09T16:21:43.251+09:00  INFO 17128 --- [CardCapture-back] [restartedMain] j.c.e.c.service.GlobalStateService       : createDeck; makeCard :code; 112 / suitLスペード s:1 / num: 12 numLab:クイーン
2026-08-09T16:21:43.251+09:00  INFO 17128 --- [CardCapture-back] [restartedMain] j.c.e.c.service.GlobalStateService       : suit=1 / num=12 / card-c:112
2026-08-09T16:21:43.251+09:00  INFO 17128 --- [CardCapture-back] [restartedMain] j.c.e.c.service.GlobalStateService       : createDeck; makeCard :code; 113 / suitLスペード s:1 / num: 13 numLab:キング
2026-08-09T16:21:43.251+09:00  INFO 17128 --- [CardCapture-back] [restartedMain] j.c.e.c.service.GlobalStateService       : suit=1 / num=13 / card-c:113
2026-08-09T16:21:43.252+09:00  INFO 17128 --- [CardCapture-back] [restartedMain] j.c.e.c.service.GlobalStateService       : createDeck; makeCard :code; 114 / suitLスペード s:1 / num: 14 numLab:エース
2026-08-09T16:21:43.252+09:00  INFO 17128 --- [CardCapture-back] [restartedMain] j.c.e.c.service.GlobalStateService       : suit=1 / num=14 / card-c:114
2026-08-09T16:21:43.252+09:00  INFO 17128 --- [CardCapture-back] [restartedMain] j.c.e.c.service.GlobalStateService       : createDeck; makeCard :code; 202 / suitLハート s:2 / num: 2 numLab:2
2026-08-09T16:21:43.252+09:00  INFO 17128 --- [CardCapture-back] [restartedMain] j.c.e.c.service.GlobalStateService       : suit=2 / num=2 / card-c:202
2026-08-09T16:21:43.252+09:00  INFO 17128 --- [CardCapture-back] [restartedMain] j.c.e.c.service.GlobalStateService       : createDeck; makeCard :code; 203 / suitLハート s:2 / num: 3 numLab:3
2026-08-09T16:21:43.252+09:00  INFO 17128 --- [CardCapture-back] [restartedMain] j.c.e.c.service.GlobalStateService       : suit=2 / num=3 / card-c:203
2026-08-09T16:21:43.252+09:00  INFO 17128 --- [CardCapture-back] [restartedMain] j.c.e.c.service.GlobalStateService       : createDeck; makeCard :code; 204 / suitLハート s:2 / num: 4 numLab:4
2026-08-09T16:21:43.252+09:00  INFO 17128 --- [CardCapture-back] [restartedMain] j.c.e.c.service.GlobalStateService       : suit=2 / num=4 / card-c:204
2026-08-09T16:21:43.252+09:00  INFO 17128 --- [CardCapture-back] [restartedMain] j.c.e.c.service.GlobalStateService       : createDeck; makeCard :code; 205 / suitLハート s:2 / num: 5 numLab:5
2026-08-09T16:21:43.252+09:00  INFO 17128 --- [CardCapture-back] [restartedMain] j.c.e.c.service.GlobalStateService       : suit=2 / num=5 / card-c:205
2026-08-09T16:21:43.253+09:00  INFO 17128 --- [CardCapture-back] [restartedMain] j.c.e.c.service.GlobalStateService       : createDeck; makeCard :code; 206 / suitLハート s:2 / num: 6 numLab:6
2026-08-09T16:21:43.253+09:00  INFO 17128 --- [CardCapture-back] [restartedMain] j.c.e.c.service.GlobalStateService       : suit=2 / num=6 / card-c:206
2026-08-09T16:21:43.253+09:00  INFO 17128 --- [CardCapture-back] [restartedMain] j.c.e.c.service.GlobalStateService       : createDeck; makeCard :code; 207 / suitLハート s:2 / num: 7 numLab:7
2026-08-09T16:21:43.253+09:00  INFO 17128 --- [CardCapture-back] [restartedMain] j.c.e.c.service.GlobalStateService       : suit=2 / num=7 / card-c:207
2026-08-09T16:21:43.253+09:00  INFO 17128 --- [CardCapture-back] [restartedMain] j.c.e.c.service.GlobalStateService       : createDeck; makeCard :code; 208 / suitLハート s:2 / num: 8 numLab:8
2026-08-09T16:21:43.253+09:00  INFO 17128 --- [CardCapture-back] [restartedMain] j.c.e.c.service.GlobalStateService       : suit=2 / num=8 / card-c:208
2026-08-09T16:21:43.253+09:00  INFO 17128 --- [CardCapture-back] [restartedMain] j.c.e.c.service.GlobalStateService       : createDeck; makeCard :code; 209 / suitLハート s:2 / num: 9 numLab:9
2026-08-09T16:21:43.253+09:00  INFO 17128 --- [CardCapture-back] [restartedMain] j.c.e.c.service.GlobalStateService       : suit=2 / num=9 / card-c:209
2026-08-09T16:21:43.253+09:00  INFO 17128 --- [CardCapture-back] [restartedMain] j.c.e.c.service.GlobalStateService       : createDeck; makeCard :code; 210 / suitLハート s:2 / num: 10 numLab:10
2026-08-09T16:21:43.253+09:00  INFO 17128 --- [CardCapture-back] [restartedMain] j.c.e.c.service.GlobalStateService       : suit=2 / num=10 / card-c:210
2026-08-09T16:21:43.253+09:00  INFO 17128 --- [CardCapture-back] [restartedMain] j.c.e.c.service.GlobalStateService       : createDeck; makeCard :code; 211 / suitLハート s:2 / num: 11 numLab:ジャック
2026-08-09T16:21:43.254+09:00  INFO 17128 --- [CardCapture-back] [restartedMain] j.c.e.c.service.GlobalStateService       : suit=2 / num=11 / card-c:211
2026-08-09T16:21:43.254+09:00  INFO 17128 --- [CardCapture-back] [restartedMain] j.c.e.c.service.GlobalStateService       : createDeck; makeCard :code; 212 / suitLハート s:2 / num: 12 numLab:クイーン
2026-08-09T16:21:43.254+09:00  INFO 17128 --- [CardCapture-back] [restartedMain] j.c.e.c.service.GlobalStateService       : suit=2 / num=12 / card-c:212
2026-08-09T16:21:43.254+09:00  INFO 17128 --- [CardCapture-back] [restartedMain] j.c.e.c.service.GlobalStateService       : createDeck; makeCard :code; 213 / suitLハート s:2 / num: 13 numLab:キング
2026-08-09T16:21:43.254+09:00  INFO 17128 --- [CardCapture-back] [restartedMain] j.c.e.c.service.GlobalStateService       : suit=2 / num=13 / card-c:213
2026-08-09T16:21:43.254+09:00  INFO 17128 --- [CardCapture-back] [restartedMain] j.c.e.c.service.GlobalStateService       : createDeck; makeCard :code; 214 / suitLハート s:2 / num: 14 numLab:エース
2026-08-09T16:21:43.254+09:00  INFO 17128 --- [CardCapture-back] [restartedMain] j.c.e.c.service.GlobalStateService       : suit=2 / num=14 / card-c:214
2026-08-09T16:21:43.254+09:00  INFO 17128 --- [CardCapture-back] [restartedMain] j.c.e.c.service.GlobalStateService       : createDeck; makeCard :code; 302 / suitLダイヤ s:3 / num: 2 numLab:2
2026-08-09T16:21:43.254+09:00  INFO 17128 --- [CardCapture-back] [restartedMain] j.c.e.c.service.GlobalStateService       : suit=3 / num=2 / card-c:302
2026-08-09T16:21:43.254+09:00  INFO 17128 --- [CardCapture-back] [restartedMain] j.c.e.c.service.GlobalStateService       : createDeck; makeCard :code; 303 / suitLダイヤ s:3 / num: 3 numLab:3
2026-08-09T16:21:43.254+09:00  INFO 17128 --- [CardCapture-back] [restartedMain] j.c.e.c.service.GlobalStateService       : suit=3 / num=3 / card-c:303
2026-08-09T16:21:43.254+09:00  INFO 17128 --- [CardCapture-back] [restartedMain] j.c.e.c.service.GlobalStateService       : createDeck; makeCard :code; 304 / suitLダイヤ s:3 / num: 4 numLab:4
2026-08-09T16:21:43.254+09:00  INFO 17128 --- [CardCapture-back] [restartedMain] j.c.e.c.service.GlobalStateService       : suit=3 / num=4 / card-c:304
2026-08-09T16:21:43.254+09:00  INFO 17128 --- [CardCapture-back] [restartedMain] j.c.e.c.service.GlobalStateService       : createDeck; makeCard :code; 305 / suitLダイヤ s:3 / num: 5 numLab:5
2026-08-09T16:21:43.255+09:00  INFO 17128 --- [CardCapture-back] [restartedMain] j.c.e.c.service.GlobalStateService       : suit=3 / num=5 / card-c:305
2026-08-09T16:21:43.255+09:00  INFO 17128 --- [CardCapture-back] [restartedMain] j.c.e.c.service.GlobalStateService       : createDeck; makeCard :code; 306 / suitLダイヤ s:3 / num: 6 numLab:6
2026-08-09T16:21:43.255+09:00  INFO 17128 --- [CardCapture-back] [restartedMain] j.c.e.c.service.GlobalStateService       : suit=3 / num=6 / card-c:306
2026-08-09T16:21:43.255+09:00  INFO 17128 --- [CardCapture-back] [restartedMain] j.c.e.c.service.GlobalStateService       : createDeck; makeCard :code; 307 / suitLダイヤ s:3 / num: 7 numLab:7
2026-08-09T16:21:43.255+09:00  INFO 17128 --- [CardCapture-back] [restartedMain] j.c.e.c.service.GlobalStateService       : suit=3 / num=7 / card-c:307
2026-08-09T16:21:43.255+09:00  INFO 17128 --- [CardCapture-back] [restartedMain] j.c.e.c.service.GlobalStateService       : createDeck; makeCard :code; 308 / suitLダイヤ s:3 / num: 8 numLab:8
2026-08-09T16:21:43.255+09:00  INFO 17128 --- [CardCapture-back] [restartedMain] j.c.e.c.service.GlobalStateService       : suit=3 / num=8 / card-c:308
2026-08-09T16:21:43.255+09:00  INFO 17128 --- [CardCapture-back] [restartedMain] j.c.e.c.service.GlobalStateService       : createDeck; makeCard :code; 309 / suitLダイヤ s:3 / num: 9 numLab:9
2026-08-09T16:21:43.255+09:00  INFO 17128 --- [CardCapture-back] [restartedMain] j.c.e.c.service.GlobalStateService       : suit=3 / num=9 / card-c:309
2026-08-09T16:21:43.255+09:00  INFO 17128 --- [CardCapture-back] [restartedMain] j.c.e.c.service.GlobalStateService       : createDeck; makeCard :code; 310 / suitLダイヤ s:3 / num: 10 numLab:10
2026-08-09T16:21:43.255+09:00  INFO 17128 --- [CardCapture-back] [restartedMain] j.c.e.c.service.GlobalStateService       : suit=3 / num=10 / card-c:310
2026-08-09T16:21:43.255+09:00  INFO 17128 --- [CardCapture-back] [restartedMain] j.c.e.c.service.GlobalStateService       : createDeck; makeCard :code; 311 / suitLダイヤ s:3 / num: 11 numLab:ジャック
2026-08-09T16:21:43.255+09:00  INFO 17128 --- [CardCapture-back] [restartedMain] j.c.e.c.service.GlobalStateService       : suit=3 / num=11 / card-c:311
2026-08-09T16:21:43.256+09:00  INFO 17128 --- [CardCapture-back] [restartedMain] j.c.e.c.service.GlobalStateService       : createDeck; makeCard :code; 312 / suitLダイヤ s:3 / num: 12 numLab:クイーン
2026-08-09T16:21:43.256+09:00  INFO 17128 --- [CardCapture-back] [restartedMain] j.c.e.c.service.GlobalStateService       : suit=3 / num=12 / card-c:312
2026-08-09T16:21:43.256+09:00  INFO 17128 --- [CardCapture-back] [restartedMain] j.c.e.c.service.GlobalStateService       : createDeck; makeCard :code; 313 / suitLダイヤ s:3 / num: 13 numLab:キング
2026-08-09T16:21:43.256+09:00  INFO 17128 --- [CardCapture-back] [restartedMain] j.c.e.c.service.GlobalStateService       : suit=3 / num=13 / card-c:313
2026-08-09T16:21:43.256+09:00  INFO 17128 --- [CardCapture-back] [restartedMain] j.c.e.c.service.GlobalStateService       : createDeck; makeCard :code; 314 / suitLダイヤ s:3 / num: 14 numLab:エース
2026-08-09T16:21:43.256+09:00  INFO 17128 --- [CardCapture-back] [restartedMain] j.c.e.c.service.GlobalStateService       : suit=3 / num=14 / card-c:314
2026-08-09T16:21:43.256+09:00  INFO 17128 --- [CardCapture-back] [restartedMain] j.c.e.c.service.GlobalStateService       : createDeck; makeCard :code; 402 / suitLクラブ s:4 / num: 2 numLab:2
2026-08-09T16:21:43.257+09:00  INFO 17128 --- [CardCapture-back] [restartedMain] j.c.e.c.service.GlobalStateService       : suit=4 / num=2 / card-c:402
2026-08-09T16:21:43.257+09:00  INFO 17128 --- [CardCapture-back] [restartedMain] j.c.e.c.service.GlobalStateService       : createDeck; makeCard :code; 403 / suitLクラブ s:4 / num: 3 numLab:3
2026-08-09T16:21:43.258+09:00  INFO 17128 --- [CardCapture-back] [restartedMain] j.c.e.c.service.GlobalStateService       : suit=4 / num=3 / card-c:403
2026-08-09T16:21:43.258+09:00  INFO 17128 --- [CardCapture-back] [restartedMain] j.c.e.c.service.GlobalStateService       : createDeck; makeCard :code; 404 / suitLクラブ s:4 / num: 4 numLab:4
2026-08-09T16:21:43.258+09:00  INFO 17128 --- [CardCapture-back] [restartedMain] j.c.e.c.service.GlobalStateService       : suit=4 / num=4 / card-c:404
2026-08-09T16:21:43.258+09:00  INFO 17128 --- [CardCapture-back] [restartedMain] j.c.e.c.service.GlobalStateService       : createDeck; makeCard :code; 405 / suitLクラブ s:4 / num: 5 numLab:5
2026-08-09T16:21:43.259+09:00  INFO 17128 --- [CardCapture-back] [restartedMain] j.c.e.c.service.GlobalStateService       : suit=4 / num=5 / card-c:405
2026-08-09T16:21:43.259+09:00  INFO 17128 --- [CardCapture-back] [restartedMain] j.c.e.c.service.GlobalStateService       : createDeck; makeCard :code; 406 / suitLクラブ s:4 / num: 6 numLab:6
2026-08-09T16:21:43.259+09:00  INFO 17128 --- [CardCapture-back] [restartedMain] j.c.e.c.service.GlobalStateService       : suit=4 / num=6 / card-c:406
2026-08-09T16:21:43.259+09:00  INFO 17128 --- [CardCapture-back] [restartedMain] j.c.e.c.service.GlobalStateService       : createDeck; makeCard :code; 407 / suitLクラブ s:4 / num: 7 numLab:7
2026-08-09T16:21:43.259+09:00  INFO 17128 --- [CardCapture-back] [restartedMain] j.c.e.c.service.GlobalStateService       : suit=4 / num=7 / card-c:407
2026-08-09T16:21:43.259+09:00  INFO 17128 --- [CardCapture-back] [restartedMain] j.c.e.c.service.GlobalStateService       : createDeck; makeCard :code; 408 / suitLクラブ s:4 / num: 8 numLab:8
2026-08-09T16:21:43.259+09:00  INFO 17128 --- [CardCapture-back] [restartedMain] j.c.e.c.service.GlobalStateService       : suit=4 / num=8 / card-c:408
2026-08-09T16:21:43.259+09:00  INFO 17128 --- [CardCapture-back] [restartedMain] j.c.e.c.service.GlobalStateService       : createDeck; makeCard :code; 409 / suitLクラブ s:4 / num: 9 numLab:9
2026-08-09T16:21:43.259+09:00  INFO 17128 --- [CardCapture-back] [restartedMain] j.c.e.c.service.GlobalStateService       : suit=4 / num=9 / card-c:409
2026-08-09T16:21:43.259+09:00  INFO 17128 --- [CardCapture-back] [restartedMain] j.c.e.c.service.GlobalStateService       : createDeck; makeCard :code; 410 / suitLクラブ s:4 / num: 10 numLab:10
2026-08-09T16:21:43.260+09:00  INFO 17128 --- [CardCapture-back] [restartedMain] j.c.e.c.service.GlobalStateService       : suit=4 / num=10 / card-c:410
2026-08-09T16:21:43.260+09:00  INFO 17128 --- [CardCapture-back] [restartedMain] j.c.e.c.service.GlobalStateService       : createDeck; makeCard :code; 411 / suitLクラブ s:4 / num: 11 numLab:ジャック
2026-08-09T16:21:43.260+09:00  INFO 17128 --- [CardCapture-back] [restartedMain] j.c.e.c.service.GlobalStateService       : suit=4 / num=11 / card-c:411
2026-08-09T16:21:43.260+09:00  INFO 17128 --- [CardCapture-back] [restartedMain] j.c.e.c.service.GlobalStateService       : createDeck; makeCard :code; 412 / suitLクラブ s:4 / num: 12 numLab:クイーン
2026-08-09T16:21:43.260+09:00  INFO 17128 --- [CardCapture-back] [restartedMain] j.c.e.c.service.GlobalStateService       : suit=4 / num=12 / card-c:412
2026-08-09T16:21:43.260+09:00  INFO 17128 --- [CardCapture-back] [restartedMain] j.c.e.c.service.GlobalStateService       : createDeck; makeCard :code; 413 / suitLクラブ s:4 / num: 13 numLab:キング
2026-08-09T16:21:43.260+09:00  INFO 17128 --- [CardCapture-back] [restartedMain] j.c.e.c.service.GlobalStateService       : suit=4 / num=13 / card-c:413
2026-08-09T16:21:43.260+09:00  INFO 17128 --- [CardCapture-back] [restartedMain] j.c.e.c.service.GlobalStateService       : createDeck; makeCard :code; 414 / suitLクラブ s:4 / num: 14 numLab:エース
2026-08-09T16:21:43.260+09:00  INFO 17128 --- [CardCapture-back] [restartedMain] j.c.e.c.service.GlobalStateService       : suit=4 / num=14 / card-c:414
2026-08-09T16:21:43.261+09:00  INFO 17128 --- [CardCapture-back] [restartedMain] j.c.e.c.service.GlobalStateService       : createDeck; makeCard :code; 501 / suitLジョーカー s:5 / num: 1 numLab:1
2026-08-09T16:21:43.261+09:00  INFO 17128 --- [CardCapture-back] [restartedMain] j.c.e.c.service.GlobalStateService       : createDeck; makeCard :code; 502 / suitLジョーカー s:5 / num: 2 numLab:2
2026-08-09T16:21:43.261+09:00  INFO 17128 --- [CardCapture-back] [restartedMain] j.c.e.c.service.GlobalStateService       : createDeck; 終了
2026-08-09T16:21:43.313+09:00  INFO 17128 --- [CardCapture-back] [restartedMain] o.s.v.b.OptionalValidatorFactoryBean     : Failed to set up a Bean Validation provider: jakarta.validation.NoProviderFoundException: Unable to create a Configuration, because no Jakarta Validation provider could be found. Add a provider like Hibernate Validator (RI) to your classpath.
2026-08-09T16:21:43.437+09:00  WARN 17128 --- [CardCapture-back] [restartedMain] ConfigServletWebServerApplicationContext : Exception encountered during context initialization - cancelling refresh attempt: org.springframework.beans.factory.BeanCreationException: Error creating bean with name 'springApplicationAdminRegistrar' defined in class path resource [org/springframework/boot/autoconfigure/admin/SpringApplicationAdminJmxAutoConfiguration.class]: org.springframework.boot:type=Admin,name=SpringApplication
2026-08-09T16:21:43.439+09:00  INFO 17128 --- [CardCapture-back] [restartedMain] o.apache.catalina.core.StandardService   : Stopping service [Tomcat]
2026-08-09T16:21:43.450+09:00  INFO 17128 --- [CardCapture-back] [restartedMain] .s.b.a.l.ConditionEvaluationReportLogger : 

Error starting ApplicationContext. To display the condition evaluation report re-run your application with 'debug' enabled.
2026-08-09T16:21:43.495+09:00 ERROR 17128 --- [CardCapture-back] [restartedMain] o.s.boot.SpringApplication               : Application run failed

org.springframework.beans.factory.BeanCreationException: Error creating bean with name 'springApplicationAdminRegistrar' defined in class path resource [org/springframework/boot/autoconfigure/admin/SpringApplicationAdminJmxAutoConfiguration.class]: org.springframework.boot:type=Admin,name=SpringApplication
	at org.springframework.beans.factory.support.AbstractAutowireCapableBeanFactory.initializeBean(AbstractAutowireCapableBeanFactory.java:1815) ~[spring-beans-7.0.8.jar:7.0.8]
	at org.springframework.beans.factory.support.AbstractAutowireCapableBeanFactory.doCreateBean(AbstractAutowireCapableBeanFactory.java:603) ~[spring-beans-7.0.8.jar:7.0.8]
	at org.springframework.beans.factory.support.AbstractAutowireCapableBeanFactory.createBean(AbstractAutowireCapableBeanFactory.java:525) ~[spring-beans-7.0.8.jar:7.0.8]
	at org.springframework.beans.factory.support.AbstractBeanFactory.lambda$doGetBean$0(AbstractBeanFactory.java:333) ~[spring-beans-7.0.8.jar:7.0.8]
	at org.springframework.beans.factory.support.DefaultSingletonBeanRegistry.getSingleton(DefaultSingletonBeanRegistry.java:371) ~[spring-beans-7.0.8.jar:7.0.8]
	at org.springframework.beans.factory.support.AbstractBeanFactory.doGetBean(AbstractBeanFactory.java:331) ~[spring-beans-7.0.8.jar:7.0.8]
	at org.springframework.beans.factory.support.AbstractBeanFactory.getBean(AbstractBeanFactory.java:196) ~[spring-beans-7.0.8.jar:7.0.8]
	at org.springframework.beans.factory.support.DefaultListableBeanFactory.instantiateSingleton(DefaultListableBeanFactory.java:1225) ~[spring-beans-7.0.8.jar:7.0.8]
	at org.springframework.beans.factory.support.DefaultListableBeanFactory.preInstantiateSingleton(DefaultListableBeanFactory.java:1191) ~[spring-beans-7.0.8.jar:7.0.8]
	at org.springframework.beans.factory.support.DefaultListableBeanFactory.preInstantiateSingletons(DefaultListableBeanFactory.java:1121) ~[spring-beans-7.0.8.jar:7.0.8]
	at org.springframework.context.support.AbstractApplicationContext.finishBeanFactoryInitialization(AbstractApplicationContext.java:994) ~[spring-context-7.0.8.jar:7.0.8]
	at org.springframework.context.support.AbstractApplicationContext.refresh(AbstractApplicationContext.java:621) ~[spring-context-7.0.8.jar:7.0.8]
	at org.springframework.boot.web.server.servlet.context.ServletWebServerApplicationContext.refresh(ServletWebServerApplicationContext.java:143) ~[spring-boot-web-server-4.1.0.jar:4.1.0]
	at org.springframework.boot.SpringApplication.refresh(SpringApplication.java:756) ~[spring-boot-4.1.0.jar:4.1.0]
	at org.springframework.boot.SpringApplication.refreshContext(SpringApplication.java:445) ~[spring-boot-4.1.0.jar:4.1.0]
	at org.springframework.boot.SpringApplication.run(SpringApplication.java:321) ~[spring-boot-4.1.0.jar:4.1.0]
	at org.springframework.boot.SpringApplication.run(SpringApplication.java:1365) ~[spring-boot-4.1.0.jar:4.1.0]
	at org.springframework.boot.SpringApplication.run(SpringApplication.java:1354) ~[spring-boot-4.1.0.jar:4.1.0]
	at jp.co.ea.cardcapture.CardCaptureBackApplication.main(CardCaptureBackApplication.java:10) ~[main/:na]
	at java.base/jdk.internal.reflect.DirectMethodHandleAccessor.invoke(DirectMethodHandleAccessor.java:103) ~[na:na]
	at java.base/java.lang.reflect.Method.invoke(Method.java:580) ~[na:na]
	at org.springframework.boot.devtools.restart.RestartLauncher.run(RestartLauncher.java:52) ~[spring-boot-devtools-4.1.0.jar:4.1.0]
Caused by: javax.management.InstanceAlreadyExistsException: org.springframework.boot:type=Admin,name=SpringApplication
	at java.management/com.sun.jmx.mbeanserver.Repository.addMBean(Repository.java:322) ~[na:na]
	at java.management/com.sun.jmx.interceptor.DefaultMBeanServerInterceptor.registerWithRepository(DefaultMBeanServerInterceptor.java:1848) ~[na:na]
	at java.management/com.sun.jmx.interceptor.DefaultMBeanServerInterceptor.registerDynamicMBean(DefaultMBeanServerInterceptor.java:945) ~[na:na]
	at java.management/com.sun.jmx.interceptor.DefaultMBeanServerInterceptor.registerObject(DefaultMBeanServerInterceptor.java:880) ~[na:na]
	at java.management/com.sun.jmx.interceptor.DefaultMBeanServerInterceptor.registerMBean(DefaultMBeanServerInterceptor.java:315) ~[na:na]
	at java.management/com.sun.jmx.mbeanserver.JmxMBeanServer.registerMBean(JmxMBeanServer.java:523) ~[na:na]
	at org.springframework.boot.admin.SpringApplicationAdminMXBeanRegistrar.afterPropertiesSet(SpringApplicationAdminMXBeanRegistrar.java:119) ~[spring-boot-4.1.0.jar:4.1.0]
	at org.springframework.beans.factory.support.AbstractAutowireCapableBeanFactory.invokeInitMethods(AbstractAutowireCapableBeanFactory.java:1862) ~[spring-beans-7.0.8.jar:7.0.8]
	at org.springframework.beans.factory.support.AbstractAutowireCapableBeanFactory.initializeBean(AbstractAutowireCapableBeanFactory.java:1811) ~[spring-beans-7.0.8.jar:7.0.8]
	... 21 common frames omitted

2026-08-09T16:22:02.328+09:00  INFO 17128 --- [CardCapture-back] [RMI TCP Connection(5)-127.0.0.1] o.s.c.support.DefaultLifecycleProcessor  : Shutdown phase 2147482623 ends with 1 bean still running after timeout of 30000ms: [webServerGracefulShutdown]
2026-08-09T16:22:02.369+09:00  INFO 17128 --- [CardCapture-back] [tomcat-shutdown] o.s.boot.tomcat.GracefulShutdown         : Graceful shutdown aborted with one or more requests still active
2026-08-09T16:22:35.390+09:00  INFO 14788 --- [CardCapture-back] [restartedMain] j.c.e.c.CardCaptureBackApplication       : Starting CardCaptureBackApplication using Java 21.0.9 with PID 14788 (C:\kino-work\SpringBoot\CardCapture-back\bin\main started by NPC-61 in C:\kino-work\SpringBoot\CardCapture-back)
2026-08-09T16:22:35.396+09:00  INFO 14788 --- [CardCapture-back] [restartedMain] j.c.e.c.CardCaptureBackApplication       : No active profile set, falling back to 1 default profile: "default"
2026-08-09T16:22:35.503+09:00  INFO 14788 --- [CardCapture-back] [restartedMain] .e.DevToolsPropertyDefaultsPostProcessor : Devtools property defaults active! Set 'spring.devtools.add-properties' to 'false' to disable
2026-08-09T16:22:35.504+09:00  INFO 14788 --- [CardCapture-back] [restartedMain] .e.DevToolsPropertyDefaultsPostProcessor : For additional web related logging consider setting the 'logging.level.web' property to 'DEBUG'
2026-08-09T16:22:37.443+09:00  INFO 14788 --- [CardCapture-back] [restartedMain] o.s.boot.tomcat.TomcatWebServer          : Tomcat initialized with port 8080 (http)
2026-08-09T16:22:37.485+09:00  INFO 14788 --- [CardCapture-back] [restartedMain] o.apache.catalina.core.StandardService   : Starting service [Tomcat]
2026-08-09T16:22:37.487+09:00  INFO 14788 --- [CardCapture-back] [restartedMain] o.apache.catalina.core.StandardEngine    : Starting Servlet engine: [Apache Tomcat/11.0.22]
2026-08-09T16:22:37.582+09:00  INFO 14788 --- [CardCapture-back] [restartedMain] b.w.c.s.WebApplicationContextInitializer : Root WebApplicationContext: initialization completed in 2077 ms
2026-08-09T16:22:37.803+09:00  INFO 14788 --- [CardCapture-back] [restartedMain] j.c.e.c.service.GlobalStateService       : createDeck; 開始
2026-08-09T16:22:37.815+09:00  INFO 14788 --- [CardCapture-back] [restartedMain] j.c.e.c.service.GlobalStateService       : createDeck; makeCard :code; 102 / suitLスペード s:1 / num: 2 numLab:2
2026-08-09T16:22:37.822+09:00  INFO 14788 --- [CardCapture-back] [restartedMain] j.c.e.c.service.GlobalStateService       : suit=1 / num=2 / card-c:102
2026-08-09T16:22:37.823+09:00  INFO 14788 --- [CardCapture-back] [restartedMain] j.c.e.c.service.GlobalStateService       : createDeck; makeCard :code; 103 / suitLスペード s:1 / num: 3 numLab:3
2026-08-09T16:22:37.824+09:00  INFO 14788 --- [CardCapture-back] [restartedMain] j.c.e.c.service.GlobalStateService       : suit=1 / num=3 / card-c:103
2026-08-09T16:22:37.824+09:00  INFO 14788 --- [CardCapture-back] [restartedMain] j.c.e.c.service.GlobalStateService       : createDeck; makeCard :code; 104 / suitLスペード s:1 / num: 4 numLab:4
2026-08-09T16:22:37.825+09:00  INFO 14788 --- [CardCapture-back] [restartedMain] j.c.e.c.service.GlobalStateService       : suit=1 / num=4 / card-c:104
2026-08-09T16:22:37.825+09:00  INFO 14788 --- [CardCapture-back] [restartedMain] j.c.e.c.service.GlobalStateService       : createDeck; makeCard :code; 105 / suitLスペード s:1 / num: 5 numLab:5
2026-08-09T16:22:37.825+09:00  INFO 14788 --- [CardCapture-back] [restartedMain] j.c.e.c.service.GlobalStateService       : suit=1 / num=5 / card-c:105
2026-08-09T16:22:37.826+09:00  INFO 14788 --- [CardCapture-back] [restartedMain] j.c.e.c.service.GlobalStateService       : createDeck; makeCard :code; 106 / suitLスペード s:1 / num: 6 numLab:6
2026-08-09T16:22:37.826+09:00  INFO 14788 --- [CardCapture-back] [restartedMain] j.c.e.c.service.GlobalStateService       : suit=1 / num=6 / card-c:106
2026-08-09T16:22:37.826+09:00  INFO 14788 --- [CardCapture-back] [restartedMain] j.c.e.c.service.GlobalStateService       : createDeck; makeCard :code; 107 / suitLスペード s:1 / num: 7 numLab:7
2026-08-09T16:22:37.826+09:00  INFO 14788 --- [CardCapture-back] [restartedMain] j.c.e.c.service.GlobalStateService       : suit=1 / num=7 / card-c:107
2026-08-09T16:22:37.827+09:00  INFO 14788 --- [CardCapture-back] [restartedMain] j.c.e.c.service.GlobalStateService       : createDeck; makeCard :code; 108 / suitLスペード s:1 / num: 8 numLab:8
2026-08-09T16:22:37.828+09:00  INFO 14788 --- [CardCapture-back] [restartedMain] j.c.e.c.service.GlobalStateService       : suit=1 / num=8 / card-c:108
2026-08-09T16:22:37.828+09:00  INFO 14788 --- [CardCapture-back] [restartedMain] j.c.e.c.service.GlobalStateService       : createDeck; makeCard :code; 109 / suitLスペード s:1 / num: 9 numLab:9
2026-08-09T16:22:37.829+09:00  INFO 14788 --- [CardCapture-back] [restartedMain] j.c.e.c.service.GlobalStateService       : suit=1 / num=9 / card-c:109
2026-08-09T16:22:37.829+09:00  INFO 14788 --- [CardCapture-back] [restartedMain] j.c.e.c.service.GlobalStateService       : createDeck; makeCard :code; 110 / suitLスペード s:1 / num: 10 numLab:10
2026-08-09T16:22:37.830+09:00  INFO 14788 --- [CardCapture-back] [restartedMain] j.c.e.c.service.GlobalStateService       : suit=1 / num=10 / card-c:110
2026-08-09T16:22:37.830+09:00  INFO 14788 --- [CardCapture-back] [restartedMain] j.c.e.c.service.GlobalStateService       : createDeck; makeCard :code; 111 / suitLスペード s:1 / num: 11 numLab:ジャック
2026-08-09T16:22:37.831+09:00  INFO 14788 --- [CardCapture-back] [restartedMain] j.c.e.c.service.GlobalStateService       : suit=1 / num=11 / card-c:111
2026-08-09T16:22:37.831+09:00  INFO 14788 --- [CardCapture-back] [restartedMain] j.c.e.c.service.GlobalStateService       : createDeck; makeCard :code; 112 / suitLスペード s:1 / num: 12 numLab:クイーン
2026-08-09T16:22:37.832+09:00  INFO 14788 --- [CardCapture-back] [restartedMain] j.c.e.c.service.GlobalStateService       : suit=1 / num=12 / card-c:112
2026-08-09T16:22:37.832+09:00  INFO 14788 --- [CardCapture-back] [restartedMain] j.c.e.c.service.GlobalStateService       : createDeck; makeCard :code; 113 / suitLスペード s:1 / num: 13 numLab:キング
2026-08-09T16:22:37.832+09:00  INFO 14788 --- [CardCapture-back] [restartedMain] j.c.e.c.service.GlobalStateService       : suit=1 / num=13 / card-c:113
2026-08-09T16:22:37.833+09:00  INFO 14788 --- [CardCapture-back] [restartedMain] j.c.e.c.service.GlobalStateService       : createDeck; makeCard :code; 114 / suitLスペード s:1 / num: 14 numLab:エース
2026-08-09T16:22:37.833+09:00  INFO 14788 --- [CardCapture-back] [restartedMain] j.c.e.c.service.GlobalStateService       : suit=1 / num=14 / card-c:114
2026-08-09T16:22:37.834+09:00  INFO 14788 --- [CardCapture-back] [restartedMain] j.c.e.c.service.GlobalStateService       : createDeck; makeCard :code; 202 / suitLハート s:2 / num: 2 numLab:2
2026-08-09T16:22:37.834+09:00  INFO 14788 --- [CardCapture-back] [restartedMain] j.c.e.c.service.GlobalStateService       : suit=2 / num=2 / card-c:202
2026-08-09T16:22:37.835+09:00  INFO 14788 --- [CardCapture-back] [restartedMain] j.c.e.c.service.GlobalStateService       : createDeck; makeCard :code; 203 / suitLハート s:2 / num: 3 numLab:3
2026-08-09T16:22:37.835+09:00  INFO 14788 --- [CardCapture-back] [restartedMain] j.c.e.c.service.GlobalStateService       : suit=2 / num=3 / card-c:203
2026-08-09T16:22:37.835+09:00  INFO 14788 --- [CardCapture-back] [restartedMain] j.c.e.c.service.GlobalStateService       : createDeck; makeCard :code; 204 / suitLハート s:2 / num: 4 numLab:4
2026-08-09T16:22:37.836+09:00  INFO 14788 --- [CardCapture-back] [restartedMain] j.c.e.c.service.GlobalStateService       : suit=2 / num=4 / card-c:204
2026-08-09T16:22:37.836+09:00  INFO 14788 --- [CardCapture-back] [restartedMain] j.c.e.c.service.GlobalStateService       : createDeck; makeCard :code; 205 / suitLハート s:2 / num: 5 numLab:5
2026-08-09T16:22:37.837+09:00  INFO 14788 --- [CardCapture-back] [restartedMain] j.c.e.c.service.GlobalStateService       : suit=2 / num=5 / card-c:205
2026-08-09T16:22:37.839+09:00  INFO 14788 --- [CardCapture-back] [restartedMain] j.c.e.c.service.GlobalStateService       : createDeck; makeCard :code; 206 / suitLハート s:2 / num: 6 numLab:6
2026-08-09T16:22:37.840+09:00  INFO 14788 --- [CardCapture-back] [restartedMain] j.c.e.c.service.GlobalStateService       : suit=2 / num=6 / card-c:206
2026-08-09T16:22:37.840+09:00  INFO 14788 --- [CardCapture-back] [restartedMain] j.c.e.c.service.GlobalStateService       : createDeck; makeCard :code; 207 / suitLハート s:2 / num: 7 numLab:7
2026-08-09T16:22:37.840+09:00  INFO 14788 --- [CardCapture-back] [restartedMain] j.c.e.c.service.GlobalStateService       : suit=2 / num=7 / card-c:207
2026-08-09T16:22:37.841+09:00  INFO 14788 --- [CardCapture-back] [restartedMain] j.c.e.c.service.GlobalStateService       : createDeck; makeCard :code; 208 / suitLハート s:2 / num: 8 numLab:8
2026-08-09T16:22:37.842+09:00  INFO 14788 --- [CardCapture-back] [restartedMain] j.c.e.c.service.GlobalStateService       : suit=2 / num=8 / card-c:208
2026-08-09T16:22:37.842+09:00  INFO 14788 --- [CardCapture-back] [restartedMain] j.c.e.c.service.GlobalStateService       : createDeck; makeCard :code; 209 / suitLハート s:2 / num: 9 numLab:9
2026-08-09T16:22:37.843+09:00  INFO 14788 --- [CardCapture-back] [restartedMain] j.c.e.c.service.GlobalStateService       : suit=2 / num=9 / card-c:209
2026-08-09T16:22:37.843+09:00  INFO 14788 --- [CardCapture-back] [restartedMain] j.c.e.c.service.GlobalStateService       : createDeck; makeCard :code; 210 / suitLハート s:2 / num: 10 numLab:10
2026-08-09T16:22:37.844+09:00  INFO 14788 --- [CardCapture-back] [restartedMain] j.c.e.c.service.GlobalStateService       : suit=2 / num=10 / card-c:210
2026-08-09T16:22:37.844+09:00  INFO 14788 --- [CardCapture-back] [restartedMain] j.c.e.c.service.GlobalStateService       : createDeck; makeCard :code; 211 / suitLハート s:2 / num: 11 numLab:ジャック
2026-08-09T16:22:37.844+09:00  INFO 14788 --- [CardCapture-back] [restartedMain] j.c.e.c.service.GlobalStateService       : suit=2 / num=11 / card-c:211
2026-08-09T16:22:37.844+09:00  INFO 14788 --- [CardCapture-back] [restartedMain] j.c.e.c.service.GlobalStateService       : createDeck; makeCard :code; 212 / suitLハート s:2 / num: 12 numLab:クイーン
2026-08-09T16:22:37.845+09:00  INFO 14788 --- [CardCapture-back] [restartedMain] j.c.e.c.service.GlobalStateService       : suit=2 / num=12 / card-c:212
2026-08-09T16:22:37.845+09:00  INFO 14788 --- [CardCapture-back] [restartedMain] j.c.e.c.service.GlobalStateService       : createDeck; makeCard :code; 213 / suitLハート s:2 / num: 13 numLab:キング
2026-08-09T16:22:37.845+09:00  INFO 14788 --- [CardCapture-back] [restartedMain] j.c.e.c.service.GlobalStateService       : suit=2 / num=13 / card-c:213
2026-08-09T16:22:37.846+09:00  INFO 14788 --- [CardCapture-back] [restartedMain] j.c.e.c.service.GlobalStateService       : createDeck; makeCard :code; 214 / suitLハート s:2 / num: 14 numLab:エース
2026-08-09T16:22:37.846+09:00  INFO 14788 --- [CardCapture-back] [restartedMain] j.c.e.c.service.GlobalStateService       : suit=2 / num=14 / card-c:214
2026-08-09T16:22:37.846+09:00  INFO 14788 --- [CardCapture-back] [restartedMain] j.c.e.c.service.GlobalStateService       : createDeck; makeCard :code; 302 / suitLダイヤ s:3 / num: 2 numLab:2
2026-08-09T16:22:37.847+09:00  INFO 14788 --- [CardCapture-back] [restartedMain] j.c.e.c.service.GlobalStateService       : suit=3 / num=2 / card-c:302
2026-08-09T16:22:37.847+09:00  INFO 14788 --- [CardCapture-back] [restartedMain] j.c.e.c.service.GlobalStateService       : createDeck; makeCard :code; 303 / suitLダイヤ s:3 / num: 3 numLab:3
2026-08-09T16:22:37.849+09:00  INFO 14788 --- [CardCapture-back] [restartedMain] j.c.e.c.service.GlobalStateService       : suit=3 / num=3 / card-c:303
2026-08-09T16:22:37.850+09:00  INFO 14788 --- [CardCapture-back] [restartedMain] j.c.e.c.service.GlobalStateService       : createDeck; makeCard :code; 304 / suitLダイヤ s:3 / num: 4 numLab:4
2026-08-09T16:22:37.850+09:00  INFO 14788 --- [CardCapture-back] [restartedMain] j.c.e.c.service.GlobalStateService       : suit=3 / num=4 / card-c:304
2026-08-09T16:22:37.850+09:00  INFO 14788 --- [CardCapture-back] [restartedMain] j.c.e.c.service.GlobalStateService       : createDeck; makeCard :code; 305 / suitLダイヤ s:3 / num: 5 numLab:5
2026-08-09T16:22:37.850+09:00  INFO 14788 --- [CardCapture-back] [restartedMain] j.c.e.c.service.GlobalStateService       : suit=3 / num=5 / card-c:305
2026-08-09T16:22:37.850+09:00  INFO 14788 --- [CardCapture-back] [restartedMain] j.c.e.c.service.GlobalStateService       : createDeck; makeCard :code; 306 / suitLダイヤ s:3 / num: 6 numLab:6
2026-08-09T16:22:37.851+09:00  INFO 14788 --- [CardCapture-back] [restartedMain] j.c.e.c.service.GlobalStateService       : suit=3 / num=6 / card-c:306
2026-08-09T16:22:37.851+09:00  INFO 14788 --- [CardCapture-back] [restartedMain] j.c.e.c.service.GlobalStateService       : createDeck; makeCard :code; 307 / suitLダイヤ s:3 / num: 7 numLab:7
2026-08-09T16:22:37.851+09:00  INFO 14788 --- [CardCapture-back] [restartedMain] j.c.e.c.service.GlobalStateService       : suit=3 / num=7 / card-c:307
2026-08-09T16:22:37.852+09:00  INFO 14788 --- [CardCapture-back] [restartedMain] j.c.e.c.service.GlobalStateService       : createDeck; makeCard :code; 308 / suitLダイヤ s:3 / num: 8 numLab:8
2026-08-09T16:22:37.852+09:00  INFO 14788 --- [CardCapture-back] [restartedMain] j.c.e.c.service.GlobalStateService       : suit=3 / num=8 / card-c:308
2026-08-09T16:22:37.853+09:00  INFO 14788 --- [CardCapture-back] [restartedMain] j.c.e.c.service.GlobalStateService       : createDeck; makeCard :code; 309 / suitLダイヤ s:3 / num: 9 numLab:9
2026-08-09T16:22:37.853+09:00  INFO 14788 --- [CardCapture-back] [restartedMain] j.c.e.c.service.GlobalStateService       : suit=3 / num=9 / card-c:309
2026-08-09T16:22:37.854+09:00  INFO 14788 --- [CardCapture-back] [restartedMain] j.c.e.c.service.GlobalStateService       : createDeck; makeCard :code; 310 / suitLダイヤ s:3 / num: 10 numLab:10
2026-08-09T16:22:37.854+09:00  INFO 14788 --- [CardCapture-back] [restartedMain] j.c.e.c.service.GlobalStateService       : suit=3 / num=10 / card-c:310
2026-08-09T16:22:37.855+09:00  INFO 14788 --- [CardCapture-back] [restartedMain] j.c.e.c.service.GlobalStateService       : createDeck; makeCard :code; 311 / suitLダイヤ s:3 / num: 11 numLab:ジャック
2026-08-09T16:22:37.856+09:00  INFO 14788 --- [CardCapture-back] [restartedMain] j.c.e.c.service.GlobalStateService       : suit=3 / num=11 / card-c:311
2026-08-09T16:22:37.856+09:00  INFO 14788 --- [CardCapture-back] [restartedMain] j.c.e.c.service.GlobalStateService       : createDeck; makeCard :code; 312 / suitLダイヤ s:3 / num: 12 numLab:クイーン
2026-08-09T16:22:37.857+09:00  INFO 14788 --- [CardCapture-back] [restartedMain] j.c.e.c.service.GlobalStateService       : suit=3 / num=12 / card-c:312
2026-08-09T16:22:37.857+09:00  INFO 14788 --- [CardCapture-back] [restartedMain] j.c.e.c.service.GlobalStateService       : createDeck; makeCard :code; 313 / suitLダイヤ s:3 / num: 13 numLab:キング
2026-08-09T16:22:37.857+09:00  INFO 14788 --- [CardCapture-back] [restartedMain] j.c.e.c.service.GlobalStateService       : suit=3 / num=13 / card-c:313
2026-08-09T16:22:37.857+09:00  INFO 14788 --- [CardCapture-back] [restartedMain] j.c.e.c.service.GlobalStateService       : createDeck; makeCard :code; 314 / suitLダイヤ s:3 / num: 14 numLab:エース
2026-08-09T16:22:37.858+09:00  INFO 14788 --- [CardCapture-back] [restartedMain] j.c.e.c.service.GlobalStateService       : suit=3 / num=14 / card-c:314
2026-08-09T16:22:37.858+09:00  INFO 14788 --- [CardCapture-back] [restartedMain] j.c.e.c.service.GlobalStateService       : createDeck; makeCard :code; 402 / suitLクラブ s:4 / num: 2 numLab:2
2026-08-09T16:22:37.858+09:00  INFO 14788 --- [CardCapture-back] [restartedMain] j.c.e.c.service.GlobalStateService       : suit=4 / num=2 / card-c:402
2026-08-09T16:22:37.858+09:00  INFO 14788 --- [CardCapture-back] [restartedMain] j.c.e.c.service.GlobalStateService       : createDeck; makeCard :code; 403 / suitLクラブ s:4 / num: 3 numLab:3
2026-08-09T16:22:37.859+09:00  INFO 14788 --- [CardCapture-back] [restartedMain] j.c.e.c.service.GlobalStateService       : suit=4 / num=3 / card-c:403
2026-08-09T16:22:37.859+09:00  INFO 14788 --- [CardCapture-back] [restartedMain] j.c.e.c.service.GlobalStateService       : createDeck; makeCard :code; 404 / suitLクラブ s:4 / num: 4 numLab:4
2026-08-09T16:22:37.859+09:00  INFO 14788 --- [CardCapture-back] [restartedMain] j.c.e.c.service.GlobalStateService       : suit=4 / num=4 / card-c:404
2026-08-09T16:22:37.859+09:00  INFO 14788 --- [CardCapture-back] [restartedMain] j.c.e.c.service.GlobalStateService       : createDeck; makeCard :code; 405 / suitLクラブ s:4 / num: 5 numLab:5
2026-08-09T16:22:37.859+09:00  INFO 14788 --- [CardCapture-back] [restartedMain] j.c.e.c.service.GlobalStateService       : suit=4 / num=5 / card-c:405
2026-08-09T16:22:37.860+09:00  INFO 14788 --- [CardCapture-back] [restartedMain] j.c.e.c.service.GlobalStateService       : createDeck; makeCard :code; 406 / suitLクラブ s:4 / num: 6 numLab:6
2026-08-09T16:22:37.860+09:00  INFO 14788 --- [CardCapture-back] [restartedMain] j.c.e.c.service.GlobalStateService       : suit=4 / num=6 / card-c:406
2026-08-09T16:22:37.860+09:00  INFO 14788 --- [CardCapture-back] [restartedMain] j.c.e.c.service.GlobalStateService       : createDeck; makeCard :code; 407 / suitLクラブ s:4 / num: 7 numLab:7
2026-08-09T16:22:37.860+09:00  INFO 14788 --- [CardCapture-back] [restartedMain] j.c.e.c.service.GlobalStateService       : suit=4 / num=7 / card-c:407
2026-08-09T16:22:37.860+09:00  INFO 14788 --- [CardCapture-back] [restartedMain] j.c.e.c.service.GlobalStateService       : createDeck; makeCard :code; 408 / suitLクラブ s:4 / num: 8 numLab:8
2026-08-09T16:22:37.860+09:00  INFO 14788 --- [CardCapture-back] [restartedMain] j.c.e.c.service.GlobalStateService       : suit=4 / num=8 / card-c:408
2026-08-09T16:22:37.861+09:00  INFO 14788 --- [CardCapture-back] [restartedMain] j.c.e.c.service.GlobalStateService       : createDeck; makeCard :code; 409 / suitLクラブ s:4 / num: 9 numLab:9
2026-08-09T16:22:37.861+09:00  INFO 14788 --- [CardCapture-back] [restartedMain] j.c.e.c.service.GlobalStateService       : suit=4 / num=9 / card-c:409
2026-08-09T16:22:37.861+09:00  INFO 14788 --- [CardCapture-back] [restartedMain] j.c.e.c.service.GlobalStateService       : createDeck; makeCard :code; 410 / suitLクラブ s:4 / num: 10 numLab:10
2026-08-09T16:22:37.861+09:00  INFO 14788 --- [CardCapture-back] [restartedMain] j.c.e.c.service.GlobalStateService       : suit=4 / num=10 / card-c:410
2026-08-09T16:22:37.861+09:00  INFO 14788 --- [CardCapture-back] [restartedMain] j.c.e.c.service.GlobalStateService       : createDeck; makeCard :code; 411 / suitLクラブ s:4 / num: 11 numLab:ジャック
2026-08-09T16:22:37.861+09:00  INFO 14788 --- [CardCapture-back] [restartedMain] j.c.e.c.service.GlobalStateService       : suit=4 / num=11 / card-c:411
2026-08-09T16:22:37.862+09:00  INFO 14788 --- [CardCapture-back] [restartedMain] j.c.e.c.service.GlobalStateService       : createDeck; makeCard :code; 412 / suitLクラブ s:4 / num: 12 numLab:クイーン
2026-08-09T16:22:37.862+09:00  INFO 14788 --- [CardCapture-back] [restartedMain] j.c.e.c.service.GlobalStateService       : suit=4 / num=12 / card-c:412
2026-08-09T16:22:37.862+09:00  INFO 14788 --- [CardCapture-back] [restartedMain] j.c.e.c.service.GlobalStateService       : createDeck; makeCard :code; 413 / suitLクラブ s:4 / num: 13 numLab:キング
2026-08-09T16:22:37.862+09:00  INFO 14788 --- [CardCapture-back] [restartedMain] j.c.e.c.service.GlobalStateService       : suit=4 / num=13 / card-c:413
2026-08-09T16:22:37.862+09:00  INFO 14788 --- [CardCapture-back] [restartedMain] j.c.e.c.service.GlobalStateService       : createDeck; makeCard :code; 414 / suitLクラブ s:4 / num: 14 numLab:エース
2026-08-09T16:22:37.862+09:00  INFO 14788 --- [CardCapture-back] [restartedMain] j.c.e.c.service.GlobalStateService       : suit=4 / num=14 / card-c:414
2026-08-09T16:22:37.863+09:00  INFO 14788 --- [CardCapture-back] [restartedMain] j.c.e.c.service.GlobalStateService       : createDeck; makeCard :code; 501 / suitLジョーカー s:5 / num: 1 numLab:1
2026-08-09T16:22:37.863+09:00  INFO 14788 --- [CardCapture-back] [restartedMain] j.c.e.c.service.GlobalStateService       : createDeck; makeCard :code; 502 / suitLジョーカー s:5 / num: 2 numLab:2
2026-08-09T16:22:37.863+09:00  INFO 14788 --- [CardCapture-back] [restartedMain] j.c.e.c.service.GlobalStateService       : createDeck; 終了
2026-08-09T16:22:38.130+09:00  INFO 14788 --- [CardCapture-back] [restartedMain] o.s.v.b.OptionalValidatorFactoryBean     : Failed to set up a Bean Validation provider: jakarta.validation.NoProviderFoundException: Unable to create a Configuration, because no Jakarta Validation provider could be found. Add a provider like Hibernate Validator (RI) to your classpath.
2026-08-09T16:22:38.802+09:00  INFO 14788 --- [CardCapture-back] [restartedMain] o.s.boot.tomcat.TomcatWebServer          : Tomcat started on port 8080 (http) with context path '/'
2026-08-09T16:22:38.814+09:00  INFO 14788 --- [CardCapture-back] [restartedMain] j.c.e.c.CardCaptureBackApplication       : Started CardCaptureBackApplication in 4.339 seconds (process running for 6.181)
2026-08-09T16:22:44.730+09:00  INFO 14788 --- [CardCapture-back] [http-nio-8080-exec-1] o.a.c.c.C.[Tomcat].[localhost].[/]       : Initializing Spring DispatcherServlet 'dispatcherServlet'
2026-08-09T16:22:44.731+09:00  INFO 14788 --- [CardCapture-back] [http-nio-8080-exec-1] o.s.web.servlet.DispatcherServlet        : Initializing Servlet 'dispatcherServlet'
2026-08-09T16:22:44.735+09:00  INFO 14788 --- [CardCapture-back] [http-nio-8080-exec-1] o.s.web.servlet.DispatcherServlet        : Completed initialization in 4 ms
2026-08-09T16:22:44.825+09:00  INFO 14788 --- [CardCapture-back] [http-nio-8080-exec-1] j.c.e.c.service.CardCuptureInitService   : CardCuptureInitService: init 開始
2026-08-09T16:22:58.612+09:00  INFO 14788 --- [CardCapture-back] [http-nio-8080-exec-1] j.c.e.c.service.CardCuptureInitService   : CardCuptureInitService; init 終了
2026-08-09T16:22:58.613+09:00  INFO 14788 --- [CardCapture-back] [http-nio-8080-exec-1] j.c.e.c.service.CardCuptureInitService   : CardCuptureInitService: gameStart 開始
2026-08-09T16:22:58.614+09:00  INFO 14788 --- [CardCapture-back] [http-nio-8080-exec-1] j.c.e.c.service.CardCuptureInitService   : CardCuptureInitService: gameStart: EnemyArea枚数:0
2026-08-09T16:22:58.614+09:00  INFO 14788 --- [CardCapture-back] [http-nio-8080-exec-1] j.c.e.c.service.CardCuptureInitService   : CardCuptureInitService: gameStart: playerHands枚数:4
2026-08-09T16:22:58.615+09:00  INFO 14788 --- [CardCapture-back] [http-nio-8080-exec-1] j.c.e.c.service.CardCuptureInitService   : CardCuptureInitService: gameStart 終了
2026-08-09T16:24:46.515+09:00  INFO 14788 --- [CardCapture-back] [http-nio-8080-exec-3] j.c.e.c.service.CardCuptureInitService   : CardCuptureInitService: init 開始
2026-08-09T16:24:52.418+09:00  INFO 14788 --- [CardCapture-back] [http-nio-8080-exec-3] j.c.e.c.service.CardCuptureInitService   : CardCuptureInitService; init 終了
2026-08-09T16:24:52.418+09:00  INFO 14788 --- [CardCapture-back] [http-nio-8080-exec-3] j.c.e.c.service.CardCuptureInitService   : CardCuptureInitService: gameStart 開始
2026-08-09T16:24:52.418+09:00  INFO 14788 --- [CardCapture-back] [http-nio-8080-exec-3] j.c.e.c.service.CardCuptureInitService   : CardCuptureInitService: gameStart: EnemyArea枚数:0
2026-08-09T16:24:52.418+09:00  INFO 14788 --- [CardCapture-back] [http-nio-8080-exec-3] j.c.e.c.service.CardCuptureInitService   : CardCuptureInitService: gameStart: playerHands枚数:4
2026-08-09T16:24:52.419+09:00  INFO 14788 --- [CardCapture-back] [http-nio-8080-exec-3] j.c.e.c.service.CardCuptureInitService   : CardCuptureInitService: gameStart 終了
2026-08-09T16:41:37.534+09:00  INFO 14788 --- [CardCapture-back] [File Watcher] rtingClassPathChangeChangedEventListener : Restarting due to 1 class path change (1 addition, 0 deletions, 0 modifications)
2026-08-09T16:41:37.556+09:00  INFO 14788 --- [CardCapture-back] [Thread-1] o.s.boot.tomcat.GracefulShutdown         : Commencing graceful shutdown. Waiting for active requests to complete
2026-08-09T16:41:37.585+09:00  INFO 14788 --- [CardCapture-back] [tomcat-shutdown] o.s.boot.tomcat.GracefulShutdown         : Graceful shutdown complete
2026-08-09T16:41:37.845+09:00  INFO 14788 --- [CardCapture-back] [restartedMain] j.c.e.c.CardCaptureBackApplication       : Starting CardCaptureBackApplication using Java 21.0.9 with PID 14788 (C:\kino-work\SpringBoot\CardCapture-back\bin\main started by NPC-61 in C:\kino-work\SpringBoot\CardCapture-back)
2026-08-09T16:41:37.846+09:00  INFO 14788 --- [CardCapture-back] [restartedMain] j.c.e.c.CardCaptureBackApplication       : No active profile set, falling back to 1 default profile: "default"
2026-08-09T16:41:38.518+09:00  INFO 14788 --- [CardCapture-back] [restartedMain] o.s.boot.tomcat.TomcatWebServer          : Tomcat initialized with port 8080 (http)
2026-08-09T16:41:38.523+09:00  INFO 14788 --- [CardCapture-back] [restartedMain] o.apache.catalina.core.StandardService   : Starting service [Tomcat]
2026-08-09T16:41:38.523+09:00  INFO 14788 --- [CardCapture-back] [restartedMain] o.apache.catalina.core.StandardEngine    : Starting Servlet engine: [Apache Tomcat/11.0.22]
2026-08-09T16:41:38.562+09:00  INFO 14788 --- [CardCapture-back] [restartedMain] b.w.c.s.WebApplicationContextInitializer : Root WebApplicationContext: initialization completed in 707 ms
2026-08-09T16:41:40.702+09:00  INFO 14788 --- [CardCapture-back] [restartedMain] j.c.e.c.service.GlobalStateService       : createDeck; 開始
2026-08-09T16:41:40.713+09:00  INFO 14788 --- [CardCapture-back] [restartedMain] j.c.e.c.service.GlobalStateService       : createDeck; makeCard :code; 102 / suitLスペード s:1 / num: 2 numLab:2
2026-08-09T16:41:40.716+09:00  INFO 14788 --- [CardCapture-back] [restartedMain] j.c.e.c.service.GlobalStateService       : suit=1 / num=2 / card-c:102
2026-08-09T16:41:40.716+09:00  INFO 14788 --- [CardCapture-back] [restartedMain] j.c.e.c.service.GlobalStateService       : createDeck; makeCard :code; 103 / suitLスペード s:1 / num: 3 numLab:3
2026-08-09T16:41:40.717+09:00  INFO 14788 --- [CardCapture-back] [restartedMain] j.c.e.c.service.GlobalStateService       : suit=1 / num=3 / card-c:103
2026-08-09T16:41:40.717+09:00  INFO 14788 --- [CardCapture-back] [restartedMain] j.c.e.c.service.GlobalStateService       : createDeck; makeCard :code; 104 / suitLスペード s:1 / num: 4 numLab:4
2026-08-09T16:41:40.717+09:00  INFO 14788 --- [CardCapture-back] [restartedMain] j.c.e.c.service.GlobalStateService       : suit=1 / num=4 / card-c:104
2026-08-09T16:41:40.717+09:00  INFO 14788 --- [CardCapture-back] [restartedMain] j.c.e.c.service.GlobalStateService       : createDeck; makeCard :code; 105 / suitLスペード s:1 / num: 5 numLab:5
2026-08-09T16:41:40.717+09:00  INFO 14788 --- [CardCapture-back] [restartedMain] j.c.e.c.service.GlobalStateService       : suit=1 / num=5 / card-c:105
2026-08-09T16:41:40.718+09:00  INFO 14788 --- [CardCapture-back] [restartedMain] j.c.e.c.service.GlobalStateService       : createDeck; makeCard :code; 106 / suitLスペード s:1 / num: 6 numLab:6
2026-08-09T16:41:40.718+09:00  INFO 14788 --- [CardCapture-back] [restartedMain] j.c.e.c.service.GlobalStateService       : suit=1 / num=6 / card-c:106
2026-08-09T16:41:40.718+09:00  INFO 14788 --- [CardCapture-back] [restartedMain] j.c.e.c.service.GlobalStateService       : createDeck; makeCard :code; 107 / suitLスペード s:1 / num: 7 numLab:7
2026-08-09T16:41:40.718+09:00  INFO 14788 --- [CardCapture-back] [restartedMain] j.c.e.c.service.GlobalStateService       : suit=1 / num=7 / card-c:107
2026-08-09T16:41:40.718+09:00  INFO 14788 --- [CardCapture-back] [restartedMain] j.c.e.c.service.GlobalStateService       : createDeck; makeCard :code; 108 / suitLスペード s:1 / num: 8 numLab:8
2026-08-09T16:41:40.718+09:00  INFO 14788 --- [CardCapture-back] [restartedMain] j.c.e.c.service.GlobalStateService       : suit=1 / num=8 / card-c:108
2026-08-09T16:41:40.719+09:00  INFO 14788 --- [CardCapture-back] [restartedMain] j.c.e.c.service.GlobalStateService       : createDeck; makeCard :code; 109 / suitLスペード s:1 / num: 9 numLab:9
2026-08-09T16:41:40.719+09:00  INFO 14788 --- [CardCapture-back] [restartedMain] j.c.e.c.service.GlobalStateService       : suit=1 / num=9 / card-c:109
2026-08-09T16:41:40.719+09:00  INFO 14788 --- [CardCapture-back] [restartedMain] j.c.e.c.service.GlobalStateService       : createDeck; makeCard :code; 110 / suitLスペード s:1 / num: 10 numLab:10
2026-08-09T16:41:40.719+09:00  INFO 14788 --- [CardCapture-back] [restartedMain] j.c.e.c.service.GlobalStateService       : suit=1 / num=10 / card-c:110
2026-08-09T16:41:40.719+09:00  INFO 14788 --- [CardCapture-back] [restartedMain] j.c.e.c.service.GlobalStateService       : createDeck; makeCard :code; 111 / suitLスペード s:1 / num: 11 numLab:ジャック
2026-08-09T16:41:40.719+09:00  INFO 14788 --- [CardCapture-back] [restartedMain] j.c.e.c.service.GlobalStateService       : suit=1 / num=11 / card-c:111
2026-08-09T16:41:40.719+09:00  INFO 14788 --- [CardCapture-back] [restartedMain] j.c.e.c.service.GlobalStateService       : createDeck; makeCard :code; 112 / suitLスペード s:1 / num: 12 numLab:クイーン
2026-08-09T16:41:40.720+09:00  INFO 14788 --- [CardCapture-back] [restartedMain] j.c.e.c.service.GlobalStateService       : suit=1 / num=12 / card-c:112
2026-08-09T16:41:40.720+09:00  INFO 14788 --- [CardCapture-back] [restartedMain] j.c.e.c.service.GlobalStateService       : createDeck; makeCard :code; 113 / suitLスペード s:1 / num: 13 numLab:キング
2026-08-09T16:41:40.720+09:00  INFO 14788 --- [CardCapture-back] [restartedMain] j.c.e.c.service.GlobalStateService       : suit=1 / num=13 / card-c:113
2026-08-09T16:41:40.720+09:00  INFO 14788 --- [CardCapture-back] [restartedMain] j.c.e.c.service.GlobalStateService       : createDeck; makeCard :code; 114 / suitLスペード s:1 / num: 14 numLab:エース
2026-08-09T16:41:40.720+09:00  INFO 14788 --- [CardCapture-back] [restartedMain] j.c.e.c.service.GlobalStateService       : suit=1 / num=14 / card-c:114
2026-08-09T16:41:40.720+09:00  INFO 14788 --- [CardCapture-back] [restartedMain] j.c.e.c.service.GlobalStateService       : createDeck; makeCard :code; 202 / suitLハート s:2 / num: 2 numLab:2
2026-08-09T16:41:40.721+09:00  INFO 14788 --- [CardCapture-back] [restartedMain] j.c.e.c.service.GlobalStateService       : suit=2 / num=2 / card-c:202
2026-08-09T16:41:40.721+09:00  INFO 14788 --- [CardCapture-back] [restartedMain] j.c.e.c.service.GlobalStateService       : createDeck; makeCard :code; 203 / suitLハート s:2 / num: 3 numLab:3
2026-08-09T16:41:40.721+09:00  INFO 14788 --- [CardCapture-back] [restartedMain] j.c.e.c.service.GlobalStateService       : suit=2 / num=3 / card-c:203
2026-08-09T16:41:40.721+09:00  INFO 14788 --- [CardCapture-back] [restartedMain] j.c.e.c.service.GlobalStateService       : createDeck; makeCard :code; 204 / suitLハート s:2 / num: 4 numLab:4
2026-08-09T16:41:40.721+09:00  INFO 14788 --- [CardCapture-back] [restartedMain] j.c.e.c.service.GlobalStateService       : suit=2 / num=4 / card-c:204
2026-08-09T16:41:40.721+09:00  INFO 14788 --- [CardCapture-back] [restartedMain] j.c.e.c.service.GlobalStateService       : createDeck; makeCard :code; 205 / suitLハート s:2 / num: 5 numLab:5
2026-08-09T16:41:40.722+09:00  INFO 14788 --- [CardCapture-back] [restartedMain] j.c.e.c.service.GlobalStateService       : suit=2 / num=5 / card-c:205
2026-08-09T16:41:40.722+09:00  INFO 14788 --- [CardCapture-back] [restartedMain] j.c.e.c.service.GlobalStateService       : createDeck; makeCard :code; 206 / suitLハート s:2 / num: 6 numLab:6
2026-08-09T16:41:40.722+09:00  INFO 14788 --- [CardCapture-back] [restartedMain] j.c.e.c.service.GlobalStateService       : suit=2 / num=6 / card-c:206
2026-08-09T16:41:40.722+09:00  INFO 14788 --- [CardCapture-back] [restartedMain] j.c.e.c.service.GlobalStateService       : createDeck; makeCard :code; 207 / suitLハート s:2 / num: 7 numLab:7
2026-08-09T16:41:40.722+09:00  INFO 14788 --- [CardCapture-back] [restartedMain] j.c.e.c.service.GlobalStateService       : suit=2 / num=7 / card-c:207
2026-08-09T16:41:40.722+09:00  INFO 14788 --- [CardCapture-back] [restartedMain] j.c.e.c.service.GlobalStateService       : createDeck; makeCard :code; 208 / suitLハート s:2 / num: 8 numLab:8
2026-08-09T16:41:40.722+09:00  INFO 14788 --- [CardCapture-back] [restartedMain] j.c.e.c.service.GlobalStateService       : suit=2 / num=8 / card-c:208
2026-08-09T16:41:40.723+09:00  INFO 14788 --- [CardCapture-back] [restartedMain] j.c.e.c.service.GlobalStateService       : createDeck; makeCard :code; 209 / suitLハート s:2 / num: 9 numLab:9
2026-08-09T16:41:40.723+09:00  INFO 14788 --- [CardCapture-back] [restartedMain] j.c.e.c.service.GlobalStateService       : suit=2 / num=9 / card-c:209
2026-08-09T16:41:40.723+09:00  INFO 14788 --- [CardCapture-back] [restartedMain] j.c.e.c.service.GlobalStateService       : createDeck; makeCard :code; 210 / suitLハート s:2 / num: 10 numLab:10
2026-08-09T16:41:40.723+09:00  INFO 14788 --- [CardCapture-back] [restartedMain] j.c.e.c.service.GlobalStateService       : suit=2 / num=10 / card-c:210
2026-08-09T16:41:40.723+09:00  INFO 14788 --- [CardCapture-back] [restartedMain] j.c.e.c.service.GlobalStateService       : createDeck; makeCard :code; 211 / suitLハート s:2 / num: 11 numLab:ジャック
2026-08-09T16:41:40.723+09:00  INFO 14788 --- [CardCapture-back] [restartedMain] j.c.e.c.service.GlobalStateService       : suit=2 / num=11 / card-c:211
2026-08-09T16:41:40.723+09:00  INFO 14788 --- [CardCapture-back] [restartedMain] j.c.e.c.service.GlobalStateService       : createDeck; makeCard :code; 212 / suitLハート s:2 / num: 12 numLab:クイーン
2026-08-09T16:41:40.723+09:00  INFO 14788 --- [CardCapture-back] [restartedMain] j.c.e.c.service.GlobalStateService       : suit=2 / num=12 / card-c:212
2026-08-09T16:41:40.724+09:00  INFO 14788 --- [CardCapture-back] [restartedMain] j.c.e.c.service.GlobalStateService       : createDeck; makeCard :code; 213 / suitLハート s:2 / num: 13 numLab:キング
2026-08-09T16:41:40.724+09:00  INFO 14788 --- [CardCapture-back] [restartedMain] j.c.e.c.service.GlobalStateService       : suit=2 / num=13 / card-c:213
2026-08-09T16:41:40.724+09:00  INFO 14788 --- [CardCapture-back] [restartedMain] j.c.e.c.service.GlobalStateService       : createDeck; makeCard :code; 214 / suitLハート s:2 / num: 14 numLab:エース
2026-08-09T16:41:40.724+09:00  INFO 14788 --- [CardCapture-back] [restartedMain] j.c.e.c.service.GlobalStateService       : suit=2 / num=14 / card-c:214
2026-08-09T16:41:40.724+09:00  INFO 14788 --- [CardCapture-back] [restartedMain] j.c.e.c.service.GlobalStateService       : createDeck; makeCard :code; 302 / suitLダイヤ s:3 / num: 2 numLab:2
2026-08-09T16:41:40.725+09:00  INFO 14788 --- [CardCapture-back] [restartedMain] j.c.e.c.service.GlobalStateService       : suit=3 / num=2 / card-c:302
2026-08-09T16:41:40.725+09:00  INFO 14788 --- [CardCapture-back] [restartedMain] j.c.e.c.service.GlobalStateService       : createDeck; makeCard :code; 303 / suitLダイヤ s:3 / num: 3 numLab:3
2026-08-09T16:41:40.725+09:00  INFO 14788 --- [CardCapture-back] [restartedMain] j.c.e.c.service.GlobalStateService       : suit=3 / num=3 / card-c:303
2026-08-09T16:41:40.726+09:00  INFO 14788 --- [CardCapture-back] [restartedMain] j.c.e.c.service.GlobalStateService       : createDeck; makeCard :code; 304 / suitLダイヤ s:3 / num: 4 numLab:4
2026-08-09T16:41:40.727+09:00  INFO 14788 --- [CardCapture-back] [restartedMain] j.c.e.c.service.GlobalStateService       : suit=3 / num=4 / card-c:304
2026-08-09T16:41:40.727+09:00  INFO 14788 --- [CardCapture-back] [restartedMain] j.c.e.c.service.GlobalStateService       : createDeck; makeCard :code; 305 / suitLダイヤ s:3 / num: 5 numLab:5
2026-08-09T16:41:40.727+09:00  INFO 14788 --- [CardCapture-back] [restartedMain] j.c.e.c.service.GlobalStateService       : suit=3 / num=5 / card-c:305
2026-08-09T16:41:40.728+09:00  INFO 14788 --- [CardCapture-back] [restartedMain] j.c.e.c.service.GlobalStateService       : createDeck; makeCard :code; 306 / suitLダイヤ s:3 / num: 6 numLab:6
2026-08-09T16:41:40.728+09:00  INFO 14788 --- [CardCapture-back] [restartedMain] j.c.e.c.service.GlobalStateService       : suit=3 / num=6 / card-c:306
2026-08-09T16:41:40.728+09:00  INFO 14788 --- [CardCapture-back] [restartedMain] j.c.e.c.service.GlobalStateService       : createDeck; makeCard :code; 307 / suitLダイヤ s:3 / num: 7 numLab:7
2026-08-09T16:41:40.728+09:00  INFO 14788 --- [CardCapture-back] [restartedMain] j.c.e.c.service.GlobalStateService       : suit=3 / num=7 / card-c:307
2026-08-09T16:41:40.728+09:00  INFO 14788 --- [CardCapture-back] [restartedMain] j.c.e.c.service.GlobalStateService       : createDeck; makeCard :code; 308 / suitLダイヤ s:3 / num: 8 numLab:8
2026-08-09T16:41:40.728+09:00  INFO 14788 --- [CardCapture-back] [restartedMain] j.c.e.c.service.GlobalStateService       : suit=3 / num=8 / card-c:308
2026-08-09T16:41:40.728+09:00  INFO 14788 --- [CardCapture-back] [restartedMain] j.c.e.c.service.GlobalStateService       : createDeck; makeCard :code; 309 / suitLダイヤ s:3 / num: 9 numLab:9
2026-08-09T16:41:40.728+09:00  INFO 14788 --- [CardCapture-back] [restartedMain] j.c.e.c.service.GlobalStateService       : suit=3 / num=9 / card-c:309
2026-08-09T16:41:40.728+09:00  INFO 14788 --- [CardCapture-back] [restartedMain] j.c.e.c.service.GlobalStateService       : createDeck; makeCard :code; 310 / suitLダイヤ s:3 / num: 10 numLab:10
2026-08-09T16:41:40.728+09:00  INFO 14788 --- [CardCapture-back] [restartedMain] j.c.e.c.service.GlobalStateService       : suit=3 / num=10 / card-c:310
2026-08-09T16:41:40.729+09:00  INFO 14788 --- [CardCapture-back] [restartedMain] j.c.e.c.service.GlobalStateService       : createDeck; makeCard :code; 311 / suitLダイヤ s:3 / num: 11 numLab:ジャック
2026-08-09T16:41:40.729+09:00  INFO 14788 --- [CardCapture-back] [restartedMain] j.c.e.c.service.GlobalStateService       : suit=3 / num=11 / card-c:311
2026-08-09T16:41:40.729+09:00  INFO 14788 --- [CardCapture-back] [restartedMain] j.c.e.c.service.GlobalStateService       : createDeck; makeCard :code; 312 / suitLダイヤ s:3 / num: 12 numLab:クイーン
2026-08-09T16:41:40.729+09:00  INFO 14788 --- [CardCapture-back] [restartedMain] j.c.e.c.service.GlobalStateService       : suit=3 / num=12 / card-c:312
2026-08-09T16:41:40.729+09:00  INFO 14788 --- [CardCapture-back] [restartedMain] j.c.e.c.service.GlobalStateService       : createDeck; makeCard :code; 313 / suitLダイヤ s:3 / num: 13 numLab:キング
2026-08-09T16:41:40.729+09:00  INFO 14788 --- [CardCapture-back] [restartedMain] j.c.e.c.service.GlobalStateService       : suit=3 / num=13 / card-c:313
2026-08-09T16:41:40.729+09:00  INFO 14788 --- [CardCapture-back] [restartedMain] j.c.e.c.service.GlobalStateService       : createDeck; makeCard :code; 314 / suitLダイヤ s:3 / num: 14 numLab:エース
2026-08-09T16:41:40.730+09:00  INFO 14788 --- [CardCapture-back] [restartedMain] j.c.e.c.service.GlobalStateService       : suit=3 / num=14 / card-c:314
2026-08-09T16:41:40.730+09:00  INFO 14788 --- [CardCapture-back] [restartedMain] j.c.e.c.service.GlobalStateService       : createDeck; makeCard :code; 402 / suitLクラブ s:4 / num: 2 numLab:2
2026-08-09T16:41:40.730+09:00  INFO 14788 --- [CardCapture-back] [restartedMain] j.c.e.c.service.GlobalStateService       : suit=4 / num=2 / card-c:402
2026-08-09T16:41:40.730+09:00  INFO 14788 --- [CardCapture-back] [restartedMain] j.c.e.c.service.GlobalStateService       : createDeck; makeCard :code; 403 / suitLクラブ s:4 / num: 3 numLab:3
2026-08-09T16:41:40.730+09:00  INFO 14788 --- [CardCapture-back] [restartedMain] j.c.e.c.service.GlobalStateService       : suit=4 / num=3 / card-c:403
2026-08-09T16:41:40.730+09:00  INFO 14788 --- [CardCapture-back] [restartedMain] j.c.e.c.service.GlobalStateService       : createDeck; makeCard :code; 404 / suitLクラブ s:4 / num: 4 numLab:4
2026-08-09T16:41:40.731+09:00  INFO 14788 --- [CardCapture-back] [restartedMain] j.c.e.c.service.GlobalStateService       : suit=4 / num=4 / card-c:404
2026-08-09T16:41:40.731+09:00  INFO 14788 --- [CardCapture-back] [restartedMain] j.c.e.c.service.GlobalStateService       : createDeck; makeCard :code; 405 / suitLクラブ s:4 / num: 5 numLab:5
2026-08-09T16:41:40.731+09:00  INFO 14788 --- [CardCapture-back] [restartedMain] j.c.e.c.service.GlobalStateService       : suit=4 / num=5 / card-c:405
2026-08-09T16:41:40.731+09:00  INFO 14788 --- [CardCapture-back] [restartedMain] j.c.e.c.service.GlobalStateService       : createDeck; makeCard :code; 406 / suitLクラブ s:4 / num: 6 numLab:6
2026-08-09T16:41:40.731+09:00  INFO 14788 --- [CardCapture-back] [restartedMain] j.c.e.c.service.GlobalStateService       : suit=4 / num=6 / card-c:406
2026-08-09T16:41:40.731+09:00  INFO 14788 --- [CardCapture-back] [restartedMain] j.c.e.c.service.GlobalStateService       : createDeck; makeCard :code; 407 / suitLクラブ s:4 / num: 7 numLab:7
2026-08-09T16:41:40.731+09:00  INFO 14788 --- [CardCapture-back] [restartedMain] j.c.e.c.service.GlobalStateService       : suit=4 / num=7 / card-c:407
2026-08-09T16:41:40.731+09:00  INFO 14788 --- [CardCapture-back] [restartedMain] j.c.e.c.service.GlobalStateService       : createDeck; makeCard :code; 408 / suitLクラブ s:4 / num: 8 numLab:8
2026-08-09T16:41:40.731+09:00  INFO 14788 --- [CardCapture-back] [restartedMain] j.c.e.c.service.GlobalStateService       : suit=4 / num=8 / card-c:408
2026-08-09T16:41:40.732+09:00  INFO 14788 --- [CardCapture-back] [restartedMain] j.c.e.c.service.GlobalStateService       : createDeck; makeCard :code; 409 / suitLクラブ s:4 / num: 9 numLab:9
2026-08-09T16:41:40.732+09:00  INFO 14788 --- [CardCapture-back] [restartedMain] j.c.e.c.service.GlobalStateService       : suit=4 / num=9 / card-c:409
2026-08-09T16:41:40.732+09:00  INFO 14788 --- [CardCapture-back] [restartedMain] j.c.e.c.service.GlobalStateService       : createDeck; makeCard :code; 410 / suitLクラブ s:4 / num: 10 numLab:10
2026-08-09T16:41:40.732+09:00  INFO 14788 --- [CardCapture-back] [restartedMain] j.c.e.c.service.GlobalStateService       : suit=4 / num=10 / card-c:410
2026-08-09T16:41:40.732+09:00  INFO 14788 --- [CardCapture-back] [restartedMain] j.c.e.c.service.GlobalStateService       : createDeck; makeCard :code; 411 / suitLクラブ s:4 / num: 11 numLab:ジャック
2026-08-09T16:41:40.732+09:00  INFO 14788 --- [CardCapture-back] [restartedMain] j.c.e.c.service.GlobalStateService       : suit=4 / num=11 / card-c:411
2026-08-09T16:41:40.732+09:00  INFO 14788 --- [CardCapture-back] [restartedMain] j.c.e.c.service.GlobalStateService       : createDeck; makeCard :code; 412 / suitLクラブ s:4 / num: 12 numLab:クイーン
2026-08-09T16:41:40.733+09:00  INFO 14788 --- [CardCapture-back] [restartedMain] j.c.e.c.service.GlobalStateService       : suit=4 / num=12 / card-c:412
2026-08-09T16:41:40.733+09:00  INFO 14788 --- [CardCapture-back] [restartedMain] j.c.e.c.service.GlobalStateService       : createDeck; makeCard :code; 413 / suitLクラブ s:4 / num: 13 numLab:キング
2026-08-09T16:41:40.734+09:00  INFO 14788 --- [CardCapture-back] [restartedMain] j.c.e.c.service.GlobalStateService       : suit=4 / num=13 / card-c:413
2026-08-09T16:41:40.734+09:00  INFO 14788 --- [CardCapture-back] [restartedMain] j.c.e.c.service.GlobalStateService       : createDeck; makeCard :code; 414 / suitLクラブ s:4 / num: 14 numLab:エース
2026-08-09T16:41:40.734+09:00  INFO 14788 --- [CardCapture-back] [restartedMain] j.c.e.c.service.GlobalStateService       : suit=4 / num=14 / card-c:414
2026-08-09T16:41:40.735+09:00  INFO 14788 --- [CardCapture-back] [restartedMain] j.c.e.c.service.GlobalStateService       : createDeck; makeCard :code; 501 / suitLジョーカー s:5 / num: 1 numLab:1
2026-08-09T16:41:40.735+09:00  INFO 14788 --- [CardCapture-back] [restartedMain] j.c.e.c.service.GlobalStateService       : createDeck; makeCard :code; 502 / suitLジョーカー s:5 / num: 2 numLab:2
2026-08-09T16:41:40.735+09:00  INFO 14788 --- [CardCapture-back] [restartedMain] j.c.e.c.service.GlobalStateService       : createDeck; 終了
2026-08-09T16:41:40.829+09:00  INFO 14788 --- [CardCapture-back] [restartedMain] o.s.v.b.OptionalValidatorFactoryBean     : Failed to set up a Bean Validation provider: jakarta.validation.NoProviderFoundException: Unable to create a Configuration, because no Jakarta Validation provider could be found. Add a provider like Hibernate Validator (RI) to your classpath.
2026-08-09T16:41:41.002+09:00  INFO 14788 --- [CardCapture-back] [restartedMain] o.s.boot.tomcat.TomcatWebServer          : Tomcat started on port 8080 (http) with context path '/'
2026-08-09T16:41:41.009+09:00  INFO 14788 --- [CardCapture-back] [restartedMain] j.c.e.c.CardCaptureBackApplication       : Started CardCaptureBackApplication in 3.264 seconds (process running for 1148.592)
2026-08-09T16:41:41.013+09:00  INFO 14788 --- [CardCapture-back] [restartedMain] .ConditionEvaluationDeltaLoggingListener : Condition evaluation unchanged
2026-08-09T16:42:01.527+09:00  INFO 14788 --- [CardCapture-back] [http-nio-8080-exec-1] o.a.c.c.C.[Tomcat].[localhost].[/]       : Initializing Spring DispatcherServlet 'dispatcherServlet'
2026-08-09T16:42:01.528+09:00  INFO 14788 --- [CardCapture-back] [http-nio-8080-exec-1] o.s.web.servlet.DispatcherServlet        : Initializing Servlet 'dispatcherServlet'
2026-08-09T16:42:01.535+09:00  INFO 14788 --- [CardCapture-back] [http-nio-8080-exec-1] o.s.web.servlet.DispatcherServlet        : Completed initialization in 6 ms
2026-08-09T16:42:01.541+09:00  INFO 14788 --- [CardCapture-back] [http-nio-8080-exec-1] j.c.e.c.service.CardCuptureInitService   : CardCuptureInitService: init 開始
2026-08-09T16:55:01.548+09:00  INFO 14788 --- [CardCapture-back] [http-nio-8080-exec-1] j.c.e.c.service.CardCuptureInitService   : CardCuptureInitService; init 終了
2026-08-09T16:55:01.549+09:00  INFO 14788 --- [CardCapture-back] [http-nio-8080-exec-1] j.c.e.c.service.CardCuptureInitService   : CardCuptureInitService: gameStart 開始
2026-08-09T16:55:01.549+09:00  INFO 14788 --- [CardCapture-back] [http-nio-8080-exec-1] j.c.e.c.service.CardCuptureInitService   : CardCuptureInitService: gameStart: EnemyArea枚数:0
2026-08-09T16:55:01.550+09:00  INFO 14788 --- [CardCapture-back] [http-nio-8080-exec-1] j.c.e.c.service.CardCuptureInitService   : CardCuptureInitService: gameStart: playerHands枚数:4
2026-08-09T16:55:01.550+09:00  INFO 14788 --- [CardCapture-back] [http-nio-8080-exec-1] j.c.e.c.service.CardCuptureInitService   : CardCuptureInitService: gameStart 終了
2026-08-09T16:58:46.435+09:00  INFO 14788 --- [CardCapture-back] [http-nio-8080-exec-3] j.c.e.c.service.CardCuptureInitService   : CardCuptureInitService: init 開始
2026-08-09T16:59:17.346+09:00  INFO 14788 --- [CardCapture-back] [http-nio-8080-exec-3] j.c.e.c.service.CardCuptureInitService   : CardCuptureInitService; init 終了
2026-08-09T16:59:17.346+09:00  INFO 14788 --- [CardCapture-back] [http-nio-8080-exec-3] j.c.e.c.service.CardCuptureInitService   : CardCuptureInitService: gameStart 開始
2026-08-09T16:59:17.346+09:00  INFO 14788 --- [CardCapture-back] [http-nio-8080-exec-3] j.c.e.c.service.CardCuptureInitService   : CardCuptureInitService: gameStart: EnemyArea枚数:0
2026-08-09T16:59:20.065+09:00  INFO 14788 --- [CardCapture-back] [http-nio-8080-exec-3] j.c.e.c.service.CardCuptureInitService   : CardCuptureInitService: gameStart: playerHands枚数:4
2026-08-09T16:59:20.066+09:00  INFO 14788 --- [CardCapture-back] [http-nio-8080-exec-3] j.c.e.c.service.CardCuptureInitService   : CardCuptureInitService: gameStart 終了
2026-08-09T16:59:45.209+09:00  INFO 14788 --- [CardCapture-back] [http-nio-8080-exec-4] j.c.e.c.service.CardCuptureInitService   : CardCuptureInitService: init 開始
2026-08-09T16:59:45.266+09:00  INFO 14788 --- [CardCapture-back] [http-nio-8080-exec-4] j.c.e.c.service.CardCuptureInitService   : CardCuptureInitService; init 終了
2026-08-09T16:59:45.267+09:00  INFO 14788 --- [CardCapture-back] [http-nio-8080-exec-4] j.c.e.c.service.CardCuptureInitService   : CardCuptureInitService: gameStart 開始
2026-08-09T17:00:50.537+09:00  INFO 14788 --- [CardCapture-back] [http-nio-8080-exec-4] j.c.e.c.service.CardCuptureInitService   : CardCuptureInitService: gameStart: EnemyArea枚数:0
2026-08-09T17:00:53.625+09:00  INFO 14788 --- [CardCapture-back] [http-nio-8080-exec-4] j.c.e.c.service.CardCuptureInitService   : CardCuptureInitService: gameStart: playerHands枚数:4
2026-08-09T17:00:53.625+09:00  INFO 14788 --- [CardCapture-back] [http-nio-8080-exec-4] j.c.e.c.service.CardCuptureInitService   : CardCuptureInitService: gameStart 終了
2026-08-09T17:00:55.714+09:00  INFO 14788 --- [CardCapture-back] [http-nio-8080-exec-5] j.c.e.c.service.CardCuptureInitService   : CardCuptureInitService: init 開始
2026-08-09T17:04:59.793+09:00  INFO 14788 --- [CardCapture-back] [http-nio-8080-exec-5] j.c.e.c.service.CardCuptureInitService   : CardCuptureInitService; init 終了
2026-08-09T17:04:59.794+09:00  INFO 14788 --- [CardCapture-back] [http-nio-8080-exec-5] j.c.e.c.service.CardCuptureInitService   : CardCuptureInitService: gameStart 開始
2026-08-09T17:05:00.376+09:00  INFO 14788 --- [CardCapture-back] [http-nio-8080-exec-5] j.c.e.c.service.CardCuptureInitService   : CardCuptureInitService: gameStart: EnemyArea枚数:0
2026-08-09T17:05:07.636+09:00  INFO 14788 --- [CardCapture-back] [http-nio-8080-exec-5] j.c.e.c.service.CardCuptureInitService   : CardCuptureInitService: gameStart: playerHands枚数:4
2026-08-09T17:05:07.637+09:00  INFO 14788 --- [CardCapture-back] [http-nio-8080-exec-5] j.c.e.c.service.CardCuptureInitService   : CardCuptureInitService: gameStart 終了
2026-08-09T17:18:10.303+09:00  INFO 14788 --- [CardCapture-back] [File Watcher] rtingClassPathChangeChangedEventListener : Restarting due to 21 class path changes (0 additions, 1 deletion, 20 modifications)
2026-08-09T17:18:10.390+09:00  INFO 14788 --- [CardCapture-back] [Thread-5] o.s.boot.tomcat.GracefulShutdown         : Commencing graceful shutdown. Waiting for active requests to complete
2026-08-09T17:18:10.425+09:00  INFO 14788 --- [CardCapture-back] [tomcat-shutdown] o.s.boot.tomcat.GracefulShutdown         : Graceful shutdown complete
2026-08-09T17:18:11.071+09:00  INFO 14788 --- [CardCapture-back] [restartedMain] j.c.e.c.CardCaptureBackApplication       : Starting CardCaptureBackApplication using Java 21.0.9 with PID 14788 (C:\kino-work\SpringBoot\CardCapture-back\bin\main started by NPC-61 in C:\kino-work\SpringBoot\CardCapture-back)
2026-08-09T17:18:11.072+09:00  INFO 14788 --- [CardCapture-back] [restartedMain] j.c.e.c.CardCaptureBackApplication       : No active profile set, falling back to 1 default profile: "default"
2026-08-09T17:18:11.580+09:00  INFO 14788 --- [CardCapture-back] [restartedMain] o.s.boot.tomcat.TomcatWebServer          : Tomcat initialized with port 8080 (http)
2026-08-09T17:18:11.583+09:00  INFO 14788 --- [CardCapture-back] [restartedMain] o.apache.catalina.core.StandardService   : Starting service [Tomcat]
2026-08-09T17:18:11.583+09:00  INFO 14788 --- [CardCapture-back] [restartedMain] o.apache.catalina.core.StandardEngine    : Starting Servlet engine: [Apache Tomcat/11.0.22]
2026-08-09T17:18:11.615+09:00  INFO 14788 --- [CardCapture-back] [restartedMain] b.w.c.s.WebApplicationContextInitializer : Root WebApplicationContext: initialization completed in 536 ms
2026-08-09T17:18:13.040+09:00  INFO 14788 --- [CardCapture-back] [restartedMain] j.c.e.c.service.GlobalStateService       : createDeck; 開始
2026-08-09T17:18:13.049+09:00  INFO 14788 --- [CardCapture-back] [restartedMain] j.c.e.c.service.GlobalStateService       : createDeck; makeCard :code; 102 / suitLスペード s:1 / num: 2 numLab:2
2026-08-09T17:18:13.051+09:00  INFO 14788 --- [CardCapture-back] [restartedMain] j.c.e.c.service.GlobalStateService       : suit=1 / num=2 / card-c:102
2026-08-09T17:18:13.051+09:00  INFO 14788 --- [CardCapture-back] [restartedMain] j.c.e.c.service.GlobalStateService       : createDeck; makeCard :code; 103 / suitLスペード s:1 / num: 3 numLab:3
2026-08-09T17:18:13.052+09:00  INFO 14788 --- [CardCapture-back] [restartedMain] j.c.e.c.service.GlobalStateService       : suit=1 / num=3 / card-c:103
2026-08-09T17:18:13.052+09:00  INFO 14788 --- [CardCapture-back] [restartedMain] j.c.e.c.service.GlobalStateService       : createDeck; makeCard :code; 104 / suitLスペード s:1 / num: 4 numLab:4
2026-08-09T17:18:13.052+09:00  INFO 14788 --- [CardCapture-back] [restartedMain] j.c.e.c.service.GlobalStateService       : suit=1 / num=4 / card-c:104
2026-08-09T17:18:13.052+09:00  INFO 14788 --- [CardCapture-back] [restartedMain] j.c.e.c.service.GlobalStateService       : createDeck; makeCard :code; 105 / suitLスペード s:1 / num: 5 numLab:5
2026-08-09T17:18:13.052+09:00  INFO 14788 --- [CardCapture-back] [restartedMain] j.c.e.c.service.GlobalStateService       : suit=1 / num=5 / card-c:105
2026-08-09T17:18:13.052+09:00  INFO 14788 --- [CardCapture-back] [restartedMain] j.c.e.c.service.GlobalStateService       : createDeck; makeCard :code; 106 / suitLスペード s:1 / num: 6 numLab:6
2026-08-09T17:18:13.052+09:00  INFO 14788 --- [CardCapture-back] [restartedMain] j.c.e.c.service.GlobalStateService       : suit=1 / num=6 / card-c:106
2026-08-09T17:18:13.052+09:00  INFO 14788 --- [CardCapture-back] [restartedMain] j.c.e.c.service.GlobalStateService       : createDeck; makeCard :code; 107 / suitLスペード s:1 / num: 7 numLab:7
2026-08-09T17:18:13.053+09:00  INFO 14788 --- [CardCapture-back] [restartedMain] j.c.e.c.service.GlobalStateService       : suit=1 / num=7 / card-c:107
2026-08-09T17:18:13.053+09:00  INFO 14788 --- [CardCapture-back] [restartedMain] j.c.e.c.service.GlobalStateService       : createDeck; makeCard :code; 108 / suitLスペード s:1 / num: 8 numLab:8
2026-08-09T17:18:13.053+09:00  INFO 14788 --- [CardCapture-back] [restartedMain] j.c.e.c.service.GlobalStateService       : suit=1 / num=8 / card-c:108
2026-08-09T17:18:13.053+09:00  INFO 14788 --- [CardCapture-back] [restartedMain] j.c.e.c.service.GlobalStateService       : createDeck; makeCard :code; 109 / suitLスペード s:1 / num: 9 numLab:9
2026-08-09T17:18:13.053+09:00  INFO 14788 --- [CardCapture-back] [restartedMain] j.c.e.c.service.GlobalStateService       : suit=1 / num=9 / card-c:109
2026-08-09T17:18:13.053+09:00  INFO 14788 --- [CardCapture-back] [restartedMain] j.c.e.c.service.GlobalStateService       : createDeck; makeCard :code; 110 / suitLスペード s:1 / num: 10 numLab:10
2026-08-09T17:18:13.053+09:00  INFO 14788 --- [CardCapture-back] [restartedMain] j.c.e.c.service.GlobalStateService       : suit=1 / num=10 / card-c:110
2026-08-09T17:18:13.053+09:00  INFO 14788 --- [CardCapture-back] [restartedMain] j.c.e.c.service.GlobalStateService       : createDeck; makeCard :code; 111 / suitLスペード s:1 / num: 11 numLab:ジャック
2026-08-09T17:18:13.053+09:00  INFO 14788 --- [CardCapture-back] [restartedMain] j.c.e.c.service.GlobalStateService       : suit=1 / num=11 / card-c:111
2026-08-09T17:18:13.053+09:00  INFO 14788 --- [CardCapture-back] [restartedMain] j.c.e.c.service.GlobalStateService       : createDeck; makeCard :code; 112 / suitLスペード s:1 / num: 12 numLab:クイーン
2026-08-09T17:18:13.053+09:00  INFO 14788 --- [CardCapture-back] [restartedMain] j.c.e.c.service.GlobalStateService       : suit=1 / num=12 / card-c:112
2026-08-09T17:18:13.053+09:00  INFO 14788 --- [CardCapture-back] [restartedMain] j.c.e.c.service.GlobalStateService       : createDeck; makeCard :code; 113 / suitLスペード s:1 / num: 13 numLab:キング
2026-08-09T17:18:13.055+09:00  INFO 14788 --- [CardCapture-back] [restartedMain] j.c.e.c.service.GlobalStateService       : suit=1 / num=13 / card-c:113
2026-08-09T17:18:13.055+09:00  INFO 14788 --- [CardCapture-back] [restartedMain] j.c.e.c.service.GlobalStateService       : createDeck; makeCard :code; 114 / suitLスペード s:1 / num: 14 numLab:エース
2026-08-09T17:18:13.055+09:00  INFO 14788 --- [CardCapture-back] [restartedMain] j.c.e.c.service.GlobalStateService       : suit=1 / num=14 / card-c:114
2026-08-09T17:18:13.055+09:00  INFO 14788 --- [CardCapture-back] [restartedMain] j.c.e.c.service.GlobalStateService       : createDeck; makeCard :code; 202 / suitLハート s:2 / num: 2 numLab:2
2026-08-09T17:18:13.055+09:00  INFO 14788 --- [CardCapture-back] [restartedMain] j.c.e.c.service.GlobalStateService       : suit=2 / num=2 / card-c:202
2026-08-09T17:18:13.055+09:00  INFO 14788 --- [CardCapture-back] [restartedMain] j.c.e.c.service.GlobalStateService       : createDeck; makeCard :code; 203 / suitLハート s:2 / num: 3 numLab:3
2026-08-09T17:18:13.055+09:00  INFO 14788 --- [CardCapture-back] [restartedMain] j.c.e.c.service.GlobalStateService       : suit=2 / num=3 / card-c:203
2026-08-09T17:18:13.055+09:00  INFO 14788 --- [CardCapture-back] [restartedMain] j.c.e.c.service.GlobalStateService       : createDeck; makeCard :code; 204 / suitLハート s:2 / num: 4 numLab:4
2026-08-09T17:18:13.056+09:00  INFO 14788 --- [CardCapture-back] [restartedMain] j.c.e.c.service.GlobalStateService       : suit=2 / num=4 / card-c:204
2026-08-09T17:18:13.056+09:00  INFO 14788 --- [CardCapture-back] [restartedMain] j.c.e.c.service.GlobalStateService       : createDeck; makeCard :code; 205 / suitLハート s:2 / num: 5 numLab:5
2026-08-09T17:18:13.056+09:00  INFO 14788 --- [CardCapture-back] [restartedMain] j.c.e.c.service.GlobalStateService       : suit=2 / num=5 / card-c:205
2026-08-09T17:18:13.056+09:00  INFO 14788 --- [CardCapture-back] [restartedMain] j.c.e.c.service.GlobalStateService       : createDeck; makeCard :code; 206 / suitLハート s:2 / num: 6 numLab:6
2026-08-09T17:18:13.057+09:00  INFO 14788 --- [CardCapture-back] [restartedMain] j.c.e.c.service.GlobalStateService       : suit=2 / num=6 / card-c:206
2026-08-09T17:18:13.057+09:00  INFO 14788 --- [CardCapture-back] [restartedMain] j.c.e.c.service.GlobalStateService       : createDeck; makeCard :code; 207 / suitLハート s:2 / num: 7 numLab:7
2026-08-09T17:18:13.057+09:00  INFO 14788 --- [CardCapture-back] [restartedMain] j.c.e.c.service.GlobalStateService       : suit=2 / num=7 / card-c:207
2026-08-09T17:18:13.057+09:00  INFO 14788 --- [CardCapture-back] [restartedMain] j.c.e.c.service.GlobalStateService       : createDeck; makeCard :code; 208 / suitLハート s:2 / num: 8 numLab:8
2026-08-09T17:18:13.057+09:00  INFO 14788 --- [CardCapture-back] [restartedMain] j.c.e.c.service.GlobalStateService       : suit=2 / num=8 / card-c:208
2026-08-09T17:18:13.057+09:00  INFO 14788 --- [CardCapture-back] [restartedMain] j.c.e.c.service.GlobalStateService       : createDeck; makeCard :code; 209 / suitLハート s:2 / num: 9 numLab:9
2026-08-09T17:18:13.057+09:00  INFO 14788 --- [CardCapture-back] [restartedMain] j.c.e.c.service.GlobalStateService       : suit=2 / num=9 / card-c:209
2026-08-09T17:18:13.057+09:00  INFO 14788 --- [CardCapture-back] [restartedMain] j.c.e.c.service.GlobalStateService       : createDeck; makeCard :code; 210 / suitLハート s:2 / num: 10 numLab:10
2026-08-09T17:18:13.057+09:00  INFO 14788 --- [CardCapture-back] [restartedMain] j.c.e.c.service.GlobalStateService       : suit=2 / num=10 / card-c:210
2026-08-09T17:18:13.057+09:00  INFO 14788 --- [CardCapture-back] [restartedMain] j.c.e.c.service.GlobalStateService       : createDeck; makeCard :code; 211 / suitLハート s:2 / num: 11 numLab:ジャック
2026-08-09T17:18:13.057+09:00  INFO 14788 --- [CardCapture-back] [restartedMain] j.c.e.c.service.GlobalStateService       : suit=2 / num=11 / card-c:211
2026-08-09T17:18:13.057+09:00  INFO 14788 --- [CardCapture-back] [restartedMain] j.c.e.c.service.GlobalStateService       : createDeck; makeCard :code; 212 / suitLハート s:2 / num: 12 numLab:クイーン
2026-08-09T17:18:13.057+09:00  INFO 14788 --- [CardCapture-back] [restartedMain] j.c.e.c.service.GlobalStateService       : suit=2 / num=12 / card-c:212
2026-08-09T17:18:13.057+09:00  INFO 14788 --- [CardCapture-back] [restartedMain] j.c.e.c.service.GlobalStateService       : createDeck; makeCard :code; 213 / suitLハート s:2 / num: 13 numLab:キング
2026-08-09T17:18:13.057+09:00  INFO 14788 --- [CardCapture-back] [restartedMain] j.c.e.c.service.GlobalStateService       : suit=2 / num=13 / card-c:213
2026-08-09T17:18:13.058+09:00  INFO 14788 --- [CardCapture-back] [restartedMain] j.c.e.c.service.GlobalStateService       : createDeck; makeCard :code; 214 / suitLハート s:2 / num: 14 numLab:エース
2026-08-09T17:18:13.058+09:00  INFO 14788 --- [CardCapture-back] [restartedMain] j.c.e.c.service.GlobalStateService       : suit=2 / num=14 / card-c:214
2026-08-09T17:18:13.058+09:00  INFO 14788 --- [CardCapture-back] [restartedMain] j.c.e.c.service.GlobalStateService       : createDeck; makeCard :code; 302 / suitLダイヤ s:3 / num: 2 numLab:2
2026-08-09T17:18:13.058+09:00  INFO 14788 --- [CardCapture-back] [restartedMain] j.c.e.c.service.GlobalStateService       : suit=3 / num=2 / card-c:302
2026-08-09T17:18:13.058+09:00  INFO 14788 --- [CardCapture-back] [restartedMain] j.c.e.c.service.GlobalStateService       : createDeck; makeCard :code; 303 / suitLダイヤ s:3 / num: 3 numLab:3
2026-08-09T17:18:13.058+09:00  INFO 14788 --- [CardCapture-back] [restartedMain] j.c.e.c.service.GlobalStateService       : suit=3 / num=3 / card-c:303
2026-08-09T17:18:13.058+09:00  INFO 14788 --- [CardCapture-back] [restartedMain] j.c.e.c.service.GlobalStateService       : createDeck; makeCard :code; 304 / suitLダイヤ s:3 / num: 4 numLab:4
2026-08-09T17:18:13.058+09:00  INFO 14788 --- [CardCapture-back] [restartedMain] j.c.e.c.service.GlobalStateService       : suit=3 / num=4 / card-c:304
2026-08-09T17:18:13.058+09:00  INFO 14788 --- [CardCapture-back] [restartedMain] j.c.e.c.service.GlobalStateService       : createDeck; makeCard :code; 305 / suitLダイヤ s:3 / num: 5 numLab:5
2026-08-09T17:18:13.058+09:00  INFO 14788 --- [CardCapture-back] [restartedMain] j.c.e.c.service.GlobalStateService       : suit=3 / num=5 / card-c:305
2026-08-09T17:18:13.058+09:00  INFO 14788 --- [CardCapture-back] [restartedMain] j.c.e.c.service.GlobalStateService       : createDeck; makeCard :code; 306 / suitLダイヤ s:3 / num: 6 numLab:6
2026-08-09T17:18:13.058+09:00  INFO 14788 --- [CardCapture-back] [restartedMain] j.c.e.c.service.GlobalStateService       : suit=3 / num=6 / card-c:306
2026-08-09T17:18:13.058+09:00  INFO 14788 --- [CardCapture-back] [restartedMain] j.c.e.c.service.GlobalStateService       : createDeck; makeCard :code; 307 / suitLダイヤ s:3 / num: 7 numLab:7
2026-08-09T17:18:13.059+09:00  INFO 14788 --- [CardCapture-back] [restartedMain] j.c.e.c.service.GlobalStateService       : suit=3 / num=7 / card-c:307
2026-08-09T17:18:13.059+09:00  INFO 14788 --- [CardCapture-back] [restartedMain] j.c.e.c.service.GlobalStateService       : createDeck; makeCard :code; 308 / suitLダイヤ s:3 / num: 8 numLab:8
2026-08-09T17:18:13.059+09:00  INFO 14788 --- [CardCapture-back] [restartedMain] j.c.e.c.service.GlobalStateService       : suit=3 / num=8 / card-c:308
2026-08-09T17:18:13.059+09:00  INFO 14788 --- [CardCapture-back] [restartedMain] j.c.e.c.service.GlobalStateService       : createDeck; makeCard :code; 309 / suitLダイヤ s:3 / num: 9 numLab:9
2026-08-09T17:18:13.059+09:00  INFO 14788 --- [CardCapture-back] [restartedMain] j.c.e.c.service.GlobalStateService       : suit=3 / num=9 / card-c:309
2026-08-09T17:18:13.059+09:00  INFO 14788 --- [CardCapture-back] [restartedMain] j.c.e.c.service.GlobalStateService       : createDeck; makeCard :code; 310 / suitLダイヤ s:3 / num: 10 numLab:10
2026-08-09T17:18:13.059+09:00  INFO 14788 --- [CardCapture-back] [restartedMain] j.c.e.c.service.GlobalStateService       : suit=3 / num=10 / card-c:310
2026-08-09T17:18:13.060+09:00  INFO 14788 --- [CardCapture-back] [restartedMain] j.c.e.c.service.GlobalStateService       : createDeck; makeCard :code; 311 / suitLダイヤ s:3 / num: 11 numLab:ジャック
2026-08-09T17:18:13.060+09:00  INFO 14788 --- [CardCapture-back] [restartedMain] j.c.e.c.service.GlobalStateService       : suit=3 / num=11 / card-c:311
2026-08-09T17:18:13.060+09:00  INFO 14788 --- [CardCapture-back] [restartedMain] j.c.e.c.service.GlobalStateService       : createDeck; makeCard :code; 312 / suitLダイヤ s:3 / num: 12 numLab:クイーン
2026-08-09T17:18:13.060+09:00  INFO 14788 --- [CardCapture-back] [restartedMain] j.c.e.c.service.GlobalStateService       : suit=3 / num=12 / card-c:312
2026-08-09T17:18:13.060+09:00  INFO 14788 --- [CardCapture-back] [restartedMain] j.c.e.c.service.GlobalStateService       : createDeck; makeCard :code; 313 / suitLダイヤ s:3 / num: 13 numLab:キング
2026-08-09T17:18:13.060+09:00  INFO 14788 --- [CardCapture-back] [restartedMain] j.c.e.c.service.GlobalStateService       : suit=3 / num=13 / card-c:313
2026-08-09T17:18:13.060+09:00  INFO 14788 --- [CardCapture-back] [restartedMain] j.c.e.c.service.GlobalStateService       : createDeck; makeCard :code; 314 / suitLダイヤ s:3 / num: 14 numLab:エース
2026-08-09T17:18:13.060+09:00  INFO 14788 --- [CardCapture-back] [restartedMain] j.c.e.c.service.GlobalStateService       : suit=3 / num=14 / card-c:314
2026-08-09T17:18:13.061+09:00  INFO 14788 --- [CardCapture-back] [restartedMain] j.c.e.c.service.GlobalStateService       : createDeck; makeCard :code; 402 / suitLクラブ s:4 / num: 2 numLab:2
2026-08-09T17:18:13.061+09:00  INFO 14788 --- [CardCapture-back] [restartedMain] j.c.e.c.service.GlobalStateService       : suit=4 / num=2 / card-c:402
2026-08-09T17:18:13.061+09:00  INFO 14788 --- [CardCapture-back] [restartedMain] j.c.e.c.service.GlobalStateService       : createDeck; makeCard :code; 403 / suitLクラブ s:4 / num: 3 numLab:3
2026-08-09T17:18:13.061+09:00  INFO 14788 --- [CardCapture-back] [restartedMain] j.c.e.c.service.GlobalStateService       : suit=4 / num=3 / card-c:403
2026-08-09T17:18:13.061+09:00  INFO 14788 --- [CardCapture-back] [restartedMain] j.c.e.c.service.GlobalStateService       : createDeck; makeCard :code; 404 / suitLクラブ s:4 / num: 4 numLab:4
2026-08-09T17:18:13.061+09:00  INFO 14788 --- [CardCapture-back] [restartedMain] j.c.e.c.service.GlobalStateService       : suit=4 / num=4 / card-c:404
2026-08-09T17:18:13.061+09:00  INFO 14788 --- [CardCapture-back] [restartedMain] j.c.e.c.service.GlobalStateService       : createDeck; makeCard :code; 405 / suitLクラブ s:4 / num: 5 numLab:5
2026-08-09T17:18:13.061+09:00  INFO 14788 --- [CardCapture-back] [restartedMain] j.c.e.c.service.GlobalStateService       : suit=4 / num=5 / card-c:405
2026-08-09T17:18:13.061+09:00  INFO 14788 --- [CardCapture-back] [restartedMain] j.c.e.c.service.GlobalStateService       : createDeck; makeCard :code; 406 / suitLクラブ s:4 / num: 6 numLab:6
2026-08-09T17:18:13.061+09:00  INFO 14788 --- [CardCapture-back] [restartedMain] j.c.e.c.service.GlobalStateService       : suit=4 / num=6 / card-c:406
2026-08-09T17:18:13.061+09:00  INFO 14788 --- [CardCapture-back] [restartedMain] j.c.e.c.service.GlobalStateService       : createDeck; makeCard :code; 407 / suitLクラブ s:4 / num: 7 numLab:7
2026-08-09T17:18:13.061+09:00  INFO 14788 --- [CardCapture-back] [restartedMain] j.c.e.c.service.GlobalStateService       : suit=4 / num=7 / card-c:407
2026-08-09T17:18:13.061+09:00  INFO 14788 --- [CardCapture-back] [restartedMain] j.c.e.c.service.GlobalStateService       : createDeck; makeCard :code; 408 / suitLクラブ s:4 / num: 8 numLab:8
2026-08-09T17:18:13.062+09:00  INFO 14788 --- [CardCapture-back] [restartedMain] j.c.e.c.service.GlobalStateService       : suit=4 / num=8 / card-c:408
2026-08-09T17:18:13.062+09:00  INFO 14788 --- [CardCapture-back] [restartedMain] j.c.e.c.service.GlobalStateService       : createDeck; makeCard :code; 409 / suitLクラブ s:4 / num: 9 numLab:9
2026-08-09T17:18:13.062+09:00  INFO 14788 --- [CardCapture-back] [restartedMain] j.c.e.c.service.GlobalStateService       : suit=4 / num=9 / card-c:409
2026-08-09T17:18:13.062+09:00  INFO 14788 --- [CardCapture-back] [restartedMain] j.c.e.c.service.GlobalStateService       : createDeck; makeCard :code; 410 / suitLクラブ s:4 / num: 10 numLab:10
2026-08-09T17:18:13.062+09:00  INFO 14788 --- [CardCapture-back] [restartedMain] j.c.e.c.service.GlobalStateService       : suit=4 / num=10 / card-c:410
2026-08-09T17:18:13.062+09:00  INFO 14788 --- [CardCapture-back] [restartedMain] j.c.e.c.service.GlobalStateService       : createDeck; makeCard :code; 411 / suitLクラブ s:4 / num: 11 numLab:ジャック
2026-08-09T17:18:13.062+09:00  INFO 14788 --- [CardCapture-back] [restartedMain] j.c.e.c.service.GlobalStateService       : suit=4 / num=11 / card-c:411
2026-08-09T17:18:13.062+09:00  INFO 14788 --- [CardCapture-back] [restartedMain] j.c.e.c.service.GlobalStateService       : createDeck; makeCard :code; 412 / suitLクラブ s:4 / num: 12 numLab:クイーン
2026-08-09T17:18:13.062+09:00  INFO 14788 --- [CardCapture-back] [restartedMain] j.c.e.c.service.GlobalStateService       : suit=4 / num=12 / card-c:412
2026-08-09T17:18:13.063+09:00  INFO 14788 --- [CardCapture-back] [restartedMain] j.c.e.c.service.GlobalStateService       : createDeck; makeCard :code; 413 / suitLクラブ s:4 / num: 13 numLab:キング
2026-08-09T17:18:13.063+09:00  INFO 14788 --- [CardCapture-back] [restartedMain] j.c.e.c.service.GlobalStateService       : suit=4 / num=13 / card-c:413
2026-08-09T17:18:13.063+09:00  INFO 14788 --- [CardCapture-back] [restartedMain] j.c.e.c.service.GlobalStateService       : createDeck; makeCard :code; 414 / suitLクラブ s:4 / num: 14 numLab:エース
2026-08-09T17:18:13.063+09:00  INFO 14788 --- [CardCapture-back] [restartedMain] j.c.e.c.service.GlobalStateService       : suit=4 / num=14 / card-c:414
2026-08-09T17:18:13.063+09:00  INFO 14788 --- [CardCapture-back] [restartedMain] j.c.e.c.service.GlobalStateService       : createDeck; 終了
2026-08-09T17:18:13.133+09:00  INFO 14788 --- [CardCapture-back] [restartedMain] o.s.v.b.OptionalValidatorFactoryBean     : Failed to set up a Bean Validation provider: jakarta.validation.NoProviderFoundException: Unable to create a Configuration, because no Jakarta Validation provider could be found. Add a provider like Hibernate Validator (RI) to your classpath.
2026-08-09T17:18:13.256+09:00  INFO 14788 --- [CardCapture-back] [restartedMain] o.s.boot.tomcat.TomcatWebServer          : Tomcat started on port 8080 (http) with context path '/'
2026-08-09T17:18:13.261+09:00  INFO 14788 --- [CardCapture-back] [restartedMain] j.c.e.c.CardCaptureBackApplication       : Started CardCaptureBackApplication in 2.263 seconds (process running for 3344.499)
2026-08-09T17:18:13.264+09:00  INFO 14788 --- [CardCapture-back] [restartedMain] .ConditionEvaluationDeltaLoggingListener : Condition evaluation unchanged
2026-08-09T17:18:17.859+09:00  INFO 14788 --- [CardCapture-back] [RMI TCP Connection(59)-127.0.0.1] inMXBeanRegistrar$SpringApplicationAdmin : Application shutdown requested.
2026-08-09T17:18:17.860+09:00  INFO 14788 --- [CardCapture-back] [RMI TCP Connection(59)-127.0.0.1] o.s.boot.tomcat.GracefulShutdown         : Commencing graceful shutdown. Waiting for active requests to complete
2026-08-09T17:18:17.869+09:00  INFO 14788 --- [CardCapture-back] [tomcat-shutdown] o.s.boot.tomcat.GracefulShutdown         : Graceful shutdown complete
2026-08-09T17:18:36.030+09:00  INFO 6308 --- [CardCapture-back] [restartedMain] j.c.e.c.CardCaptureBackApplication       : Starting CardCaptureBackApplication using Java 21.0.9 with PID 6308 (C:\kino-work\SpringBoot\CardCapture-back\bin\main started by NPC-61 in C:\kino-work\SpringBoot\CardCapture-back)
2026-08-09T17:18:36.035+09:00  INFO 6308 --- [CardCapture-back] [restartedMain] j.c.e.c.CardCaptureBackApplication       : No active profile set, falling back to 1 default profile: "default"
2026-08-09T17:18:36.104+09:00  INFO 6308 --- [CardCapture-back] [restartedMain] .e.DevToolsPropertyDefaultsPostProcessor : Devtools property defaults active! Set 'spring.devtools.add-properties' to 'false' to disable
2026-08-09T17:18:36.104+09:00  INFO 6308 --- [CardCapture-back] [restartedMain] .e.DevToolsPropertyDefaultsPostProcessor : For additional web related logging consider setting the 'logging.level.web' property to 'DEBUG'
2026-08-09T17:18:37.353+09:00  INFO 6308 --- [CardCapture-back] [restartedMain] o.s.boot.tomcat.TomcatWebServer          : Tomcat initialized with port 8080 (http)
2026-08-09T17:18:37.377+09:00  INFO 6308 --- [CardCapture-back] [restartedMain] o.apache.catalina.core.StandardService   : Starting service [Tomcat]
2026-08-09T17:18:37.378+09:00  INFO 6308 --- [CardCapture-back] [restartedMain] o.apache.catalina.core.StandardEngine    : Starting Servlet engine: [Apache Tomcat/11.0.22]
2026-08-09T17:18:37.438+09:00  INFO 6308 --- [CardCapture-back] [restartedMain] b.w.c.s.WebApplicationContextInitializer : Root WebApplicationContext: initialization completed in 1333 ms
2026-08-09T17:18:37.569+09:00  INFO 6308 --- [CardCapture-back] [restartedMain] j.c.e.c.service.GlobalStateService       : createDeck; 開始
2026-08-09T17:18:37.576+09:00  INFO 6308 --- [CardCapture-back] [restartedMain] j.c.e.c.service.GlobalStateService       : createDeck; makeCard :code; 102 / suitLスペード s:1 / num: 2 numLab:2
2026-08-09T17:18:37.578+09:00  INFO 6308 --- [CardCapture-back] [restartedMain] j.c.e.c.service.GlobalStateService       : suit=1 / num=2 / card-c:102
2026-08-09T17:18:37.579+09:00  INFO 6308 --- [CardCapture-back] [restartedMain] j.c.e.c.service.GlobalStateService       : createDeck; makeCard :code; 103 / suitLスペード s:1 / num: 3 numLab:3
2026-08-09T17:18:37.579+09:00  INFO 6308 --- [CardCapture-back] [restartedMain] j.c.e.c.service.GlobalStateService       : suit=1 / num=3 / card-c:103
2026-08-09T17:18:37.579+09:00  INFO 6308 --- [CardCapture-back] [restartedMain] j.c.e.c.service.GlobalStateService       : createDeck; makeCard :code; 104 / suitLスペード s:1 / num: 4 numLab:4
2026-08-09T17:18:37.579+09:00  INFO 6308 --- [CardCapture-back] [restartedMain] j.c.e.c.service.GlobalStateService       : suit=1 / num=4 / card-c:104
2026-08-09T17:18:37.579+09:00  INFO 6308 --- [CardCapture-back] [restartedMain] j.c.e.c.service.GlobalStateService       : createDeck; makeCard :code; 105 / suitLスペード s:1 / num: 5 numLab:5
2026-08-09T17:18:37.580+09:00  INFO 6308 --- [CardCapture-back] [restartedMain] j.c.e.c.service.GlobalStateService       : suit=1 / num=5 / card-c:105
2026-08-09T17:18:37.580+09:00  INFO 6308 --- [CardCapture-back] [restartedMain] j.c.e.c.service.GlobalStateService       : createDeck; makeCard :code; 106 / suitLスペード s:1 / num: 6 numLab:6
2026-08-09T17:18:37.580+09:00  INFO 6308 --- [CardCapture-back] [restartedMain] j.c.e.c.service.GlobalStateService       : suit=1 / num=6 / card-c:106
2026-08-09T17:18:37.580+09:00  INFO 6308 --- [CardCapture-back] [restartedMain] j.c.e.c.service.GlobalStateService       : createDeck; makeCard :code; 107 / suitLスペード s:1 / num: 7 numLab:7
2026-08-09T17:18:37.580+09:00  INFO 6308 --- [CardCapture-back] [restartedMain] j.c.e.c.service.GlobalStateService       : suit=1 / num=7 / card-c:107
2026-08-09T17:18:37.580+09:00  INFO 6308 --- [CardCapture-back] [restartedMain] j.c.e.c.service.GlobalStateService       : createDeck; makeCard :code; 108 / suitLスペード s:1 / num: 8 numLab:8
2026-08-09T17:18:37.580+09:00  INFO 6308 --- [CardCapture-back] [restartedMain] j.c.e.c.service.GlobalStateService       : suit=1 / num=8 / card-c:108
2026-08-09T17:18:37.581+09:00  INFO 6308 --- [CardCapture-back] [restartedMain] j.c.e.c.service.GlobalStateService       : createDeck; makeCard :code; 109 / suitLスペード s:1 / num: 9 numLab:9
2026-08-09T17:18:37.581+09:00  INFO 6308 --- [CardCapture-back] [restartedMain] j.c.e.c.service.GlobalStateService       : suit=1 / num=9 / card-c:109
2026-08-09T17:18:37.581+09:00  INFO 6308 --- [CardCapture-back] [restartedMain] j.c.e.c.service.GlobalStateService       : createDeck; makeCard :code; 110 / suitLスペード s:1 / num: 10 numLab:10
2026-08-09T17:18:37.581+09:00  INFO 6308 --- [CardCapture-back] [restartedMain] j.c.e.c.service.GlobalStateService       : suit=1 / num=10 / card-c:110
2026-08-09T17:18:37.582+09:00  INFO 6308 --- [CardCapture-back] [restartedMain] j.c.e.c.service.GlobalStateService       : createDeck; makeCard :code; 111 / suitLスペード s:1 / num: 11 numLab:ジャック
2026-08-09T17:18:37.582+09:00  INFO 6308 --- [CardCapture-back] [restartedMain] j.c.e.c.service.GlobalStateService       : suit=1 / num=11 / card-c:111
2026-08-09T17:18:37.582+09:00  INFO 6308 --- [CardCapture-back] [restartedMain] j.c.e.c.service.GlobalStateService       : createDeck; makeCard :code; 112 / suitLスペード s:1 / num: 12 numLab:クイーン
2026-08-09T17:18:37.582+09:00  INFO 6308 --- [CardCapture-back] [restartedMain] j.c.e.c.service.GlobalStateService       : suit=1 / num=12 / card-c:112
2026-08-09T17:18:37.582+09:00  INFO 6308 --- [CardCapture-back] [restartedMain] j.c.e.c.service.GlobalStateService       : createDeck; makeCard :code; 113 / suitLスペード s:1 / num: 13 numLab:キング
2026-08-09T17:18:37.582+09:00  INFO 6308 --- [CardCapture-back] [restartedMain] j.c.e.c.service.GlobalStateService       : suit=1 / num=13 / card-c:113
2026-08-09T17:18:37.582+09:00  INFO 6308 --- [CardCapture-back] [restartedMain] j.c.e.c.service.GlobalStateService       : createDeck; makeCard :code; 114 / suitLスペード s:1 / num: 14 numLab:エース
2026-08-09T17:18:37.582+09:00  INFO 6308 --- [CardCapture-back] [restartedMain] j.c.e.c.service.GlobalStateService       : suit=1 / num=14 / card-c:114
2026-08-09T17:18:37.584+09:00  INFO 6308 --- [CardCapture-back] [restartedMain] j.c.e.c.service.GlobalStateService       : createDeck; makeCard :code; 202 / suitLハート s:2 / num: 2 numLab:2
2026-08-09T17:18:37.584+09:00  INFO 6308 --- [CardCapture-back] [restartedMain] j.c.e.c.service.GlobalStateService       : suit=2 / num=2 / card-c:202
2026-08-09T17:18:37.584+09:00  INFO 6308 --- [CardCapture-back] [restartedMain] j.c.e.c.service.GlobalStateService       : createDeck; makeCard :code; 203 / suitLハート s:2 / num: 3 numLab:3
2026-08-09T17:18:37.584+09:00  INFO 6308 --- [CardCapture-back] [restartedMain] j.c.e.c.service.GlobalStateService       : suit=2 / num=3 / card-c:203
2026-08-09T17:18:37.584+09:00  INFO 6308 --- [CardCapture-back] [restartedMain] j.c.e.c.service.GlobalStateService       : createDeck; makeCard :code; 204 / suitLハート s:2 / num: 4 numLab:4
2026-08-09T17:18:37.584+09:00  INFO 6308 --- [CardCapture-back] [restartedMain] j.c.e.c.service.GlobalStateService       : suit=2 / num=4 / card-c:204
2026-08-09T17:18:37.585+09:00  INFO 6308 --- [CardCapture-back] [restartedMain] j.c.e.c.service.GlobalStateService       : createDeck; makeCard :code; 205 / suitLハート s:2 / num: 5 numLab:5
2026-08-09T17:18:37.585+09:00  INFO 6308 --- [CardCapture-back] [restartedMain] j.c.e.c.service.GlobalStateService       : suit=2 / num=5 / card-c:205
2026-08-09T17:18:37.585+09:00  INFO 6308 --- [CardCapture-back] [restartedMain] j.c.e.c.service.GlobalStateService       : createDeck; makeCard :code; 206 / suitLハート s:2 / num: 6 numLab:6
2026-08-09T17:18:37.585+09:00  INFO 6308 --- [CardCapture-back] [restartedMain] j.c.e.c.service.GlobalStateService       : suit=2 / num=6 / card-c:206
2026-08-09T17:18:37.585+09:00  INFO 6308 --- [CardCapture-back] [restartedMain] j.c.e.c.service.GlobalStateService       : createDeck; makeCard :code; 207 / suitLハート s:2 / num: 7 numLab:7
2026-08-09T17:18:37.586+09:00  INFO 6308 --- [CardCapture-back] [restartedMain] j.c.e.c.service.GlobalStateService       : suit=2 / num=7 / card-c:207
2026-08-09T17:18:37.586+09:00  INFO 6308 --- [CardCapture-back] [restartedMain] j.c.e.c.service.GlobalStateService       : createDeck; makeCard :code; 208 / suitLハート s:2 / num: 8 numLab:8
2026-08-09T17:18:37.586+09:00  INFO 6308 --- [CardCapture-back] [restartedMain] j.c.e.c.service.GlobalStateService       : suit=2 / num=8 / card-c:208
2026-08-09T17:18:37.587+09:00  INFO 6308 --- [CardCapture-back] [restartedMain] j.c.e.c.service.GlobalStateService       : createDeck; makeCard :code; 209 / suitLハート s:2 / num: 9 numLab:9
2026-08-09T17:18:37.587+09:00  INFO 6308 --- [CardCapture-back] [restartedMain] j.c.e.c.service.GlobalStateService       : suit=2 / num=9 / card-c:209
2026-08-09T17:18:37.587+09:00  INFO 6308 --- [CardCapture-back] [restartedMain] j.c.e.c.service.GlobalStateService       : createDeck; makeCard :code; 210 / suitLハート s:2 / num: 10 numLab:10
2026-08-09T17:18:37.588+09:00  INFO 6308 --- [CardCapture-back] [restartedMain] j.c.e.c.service.GlobalStateService       : suit=2 / num=10 / card-c:210
2026-08-09T17:18:37.588+09:00  INFO 6308 --- [CardCapture-back] [restartedMain] j.c.e.c.service.GlobalStateService       : createDeck; makeCard :code; 211 / suitLハート s:2 / num: 11 numLab:ジャック
2026-08-09T17:18:37.589+09:00  INFO 6308 --- [CardCapture-back] [restartedMain] j.c.e.c.service.GlobalStateService       : suit=2 / num=11 / card-c:211
2026-08-09T17:18:37.589+09:00  INFO 6308 --- [CardCapture-back] [restartedMain] j.c.e.c.service.GlobalStateService       : createDeck; makeCard :code; 212 / suitLハート s:2 / num: 12 numLab:クイーン
2026-08-09T17:18:37.589+09:00  INFO 6308 --- [CardCapture-back] [restartedMain] j.c.e.c.service.GlobalStateService       : suit=2 / num=12 / card-c:212
2026-08-09T17:18:37.589+09:00  INFO 6308 --- [CardCapture-back] [restartedMain] j.c.e.c.service.GlobalStateService       : createDeck; makeCard :code; 213 / suitLハート s:2 / num: 13 numLab:キング
2026-08-09T17:18:37.589+09:00  INFO 6308 --- [CardCapture-back] [restartedMain] j.c.e.c.service.GlobalStateService       : suit=2 / num=13 / card-c:213
2026-08-09T17:18:37.589+09:00  INFO 6308 --- [CardCapture-back] [restartedMain] j.c.e.c.service.GlobalStateService       : createDeck; makeCard :code; 214 / suitLハート s:2 / num: 14 numLab:エース
2026-08-09T17:18:37.589+09:00  INFO 6308 --- [CardCapture-back] [restartedMain] j.c.e.c.service.GlobalStateService       : suit=2 / num=14 / card-c:214
2026-08-09T17:18:37.589+09:00  INFO 6308 --- [CardCapture-back] [restartedMain] j.c.e.c.service.GlobalStateService       : createDeck; makeCard :code; 302 / suitLダイヤ s:3 / num: 2 numLab:2
2026-08-09T17:18:37.590+09:00  INFO 6308 --- [CardCapture-back] [restartedMain] j.c.e.c.service.GlobalStateService       : suit=3 / num=2 / card-c:302
2026-08-09T17:18:37.590+09:00  INFO 6308 --- [CardCapture-back] [restartedMain] j.c.e.c.service.GlobalStateService       : createDeck; makeCard :code; 303 / suitLダイヤ s:3 / num: 3 numLab:3
2026-08-09T17:18:37.590+09:00  INFO 6308 --- [CardCapture-back] [restartedMain] j.c.e.c.service.GlobalStateService       : suit=3 / num=3 / card-c:303
2026-08-09T17:18:37.590+09:00  INFO 6308 --- [CardCapture-back] [restartedMain] j.c.e.c.service.GlobalStateService       : createDeck; makeCard :code; 304 / suitLダイヤ s:3 / num: 4 numLab:4
2026-08-09T17:18:37.591+09:00  INFO 6308 --- [CardCapture-back] [restartedMain] j.c.e.c.service.GlobalStateService       : suit=3 / num=4 / card-c:304
2026-08-09T17:18:37.591+09:00  INFO 6308 --- [CardCapture-back] [restartedMain] j.c.e.c.service.GlobalStateService       : createDeck; makeCard :code; 305 / suitLダイヤ s:3 / num: 5 numLab:5
2026-08-09T17:18:37.591+09:00  INFO 6308 --- [CardCapture-back] [restartedMain] j.c.e.c.service.GlobalStateService       : suit=3 / num=5 / card-c:305
2026-08-09T17:18:37.591+09:00  INFO 6308 --- [CardCapture-back] [restartedMain] j.c.e.c.service.GlobalStateService       : createDeck; makeCard :code; 306 / suitLダイヤ s:3 / num: 6 numLab:6
2026-08-09T17:18:37.591+09:00  INFO 6308 --- [CardCapture-back] [restartedMain] j.c.e.c.service.GlobalStateService       : suit=3 / num=6 / card-c:306
2026-08-09T17:18:37.591+09:00  INFO 6308 --- [CardCapture-back] [restartedMain] j.c.e.c.service.GlobalStateService       : createDeck; makeCard :code; 307 / suitLダイヤ s:3 / num: 7 numLab:7
2026-08-09T17:18:37.591+09:00  INFO 6308 --- [CardCapture-back] [restartedMain] j.c.e.c.service.GlobalStateService       : suit=3 / num=7 / card-c:307
2026-08-09T17:18:37.591+09:00  INFO 6308 --- [CardCapture-back] [restartedMain] j.c.e.c.service.GlobalStateService       : createDeck; makeCard :code; 308 / suitLダイヤ s:3 / num: 8 numLab:8
2026-08-09T17:18:37.591+09:00  INFO 6308 --- [CardCapture-back] [restartedMain] j.c.e.c.service.GlobalStateService       : suit=3 / num=8 / card-c:308
2026-08-09T17:18:37.591+09:00  INFO 6308 --- [CardCapture-back] [restartedMain] j.c.e.c.service.GlobalStateService       : createDeck; makeCard :code; 309 / suitLダイヤ s:3 / num: 9 numLab:9
2026-08-09T17:18:37.593+09:00  INFO 6308 --- [CardCapture-back] [restartedMain] j.c.e.c.service.GlobalStateService       : suit=3 / num=9 / card-c:309
2026-08-09T17:18:37.593+09:00  INFO 6308 --- [CardCapture-back] [restartedMain] j.c.e.c.service.GlobalStateService       : createDeck; makeCard :code; 310 / suitLダイヤ s:3 / num: 10 numLab:10
2026-08-09T17:18:37.593+09:00  INFO 6308 --- [CardCapture-back] [restartedMain] j.c.e.c.service.GlobalStateService       : suit=3 / num=10 / card-c:310
2026-08-09T17:18:37.593+09:00  INFO 6308 --- [CardCapture-back] [restartedMain] j.c.e.c.service.GlobalStateService       : createDeck; makeCard :code; 311 / suitLダイヤ s:3 / num: 11 numLab:ジャック
2026-08-09T17:18:37.593+09:00  INFO 6308 --- [CardCapture-back] [restartedMain] j.c.e.c.service.GlobalStateService       : suit=3 / num=11 / card-c:311
2026-08-09T17:18:37.593+09:00  INFO 6308 --- [CardCapture-back] [restartedMain] j.c.e.c.service.GlobalStateService       : createDeck; makeCard :code; 312 / suitLダイヤ s:3 / num: 12 numLab:クイーン
2026-08-09T17:18:37.593+09:00  INFO 6308 --- [CardCapture-back] [restartedMain] j.c.e.c.service.GlobalStateService       : suit=3 / num=12 / card-c:312
2026-08-09T17:18:37.593+09:00  INFO 6308 --- [CardCapture-back] [restartedMain] j.c.e.c.service.GlobalStateService       : createDeck; makeCard :code; 313 / suitLダイヤ s:3 / num: 13 numLab:キング
2026-08-09T17:18:37.593+09:00  INFO 6308 --- [CardCapture-back] [restartedMain] j.c.e.c.service.GlobalStateService       : suit=3 / num=13 / card-c:313
2026-08-09T17:18:37.594+09:00  INFO 6308 --- [CardCapture-back] [restartedMain] j.c.e.c.service.GlobalStateService       : createDeck; makeCard :code; 314 / suitLダイヤ s:3 / num: 14 numLab:エース
2026-08-09T17:18:37.594+09:00  INFO 6308 --- [CardCapture-back] [restartedMain] j.c.e.c.service.GlobalStateService       : suit=3 / num=14 / card-c:314
2026-08-09T17:18:37.594+09:00  INFO 6308 --- [CardCapture-back] [restartedMain] j.c.e.c.service.GlobalStateService       : createDeck; makeCard :code; 402 / suitLクラブ s:4 / num: 2 numLab:2
2026-08-09T17:18:37.594+09:00  INFO 6308 --- [CardCapture-back] [restartedMain] j.c.e.c.service.GlobalStateService       : suit=4 / num=2 / card-c:402
2026-08-09T17:18:37.594+09:00  INFO 6308 --- [CardCapture-back] [restartedMain] j.c.e.c.service.GlobalStateService       : createDeck; makeCard :code; 403 / suitLクラブ s:4 / num: 3 numLab:3
2026-08-09T17:18:37.595+09:00  INFO 6308 --- [CardCapture-back] [restartedMain] j.c.e.c.service.GlobalStateService       : suit=4 / num=3 / card-c:403
2026-08-09T17:18:37.595+09:00  INFO 6308 --- [CardCapture-back] [restartedMain] j.c.e.c.service.GlobalStateService       : createDeck; makeCard :code; 404 / suitLクラブ s:4 / num: 4 numLab:4
2026-08-09T17:18:37.595+09:00  INFO 6308 --- [CardCapture-back] [restartedMain] j.c.e.c.service.GlobalStateService       : suit=4 / num=4 / card-c:404
2026-08-09T17:18:37.595+09:00  INFO 6308 --- [CardCapture-back] [restartedMain] j.c.e.c.service.GlobalStateService       : createDeck; makeCard :code; 405 / suitLクラブ s:4 / num: 5 numLab:5
2026-08-09T17:18:37.595+09:00  INFO 6308 --- [CardCapture-back] [restartedMain] j.c.e.c.service.GlobalStateService       : suit=4 / num=5 / card-c:405
2026-08-09T17:18:37.595+09:00  INFO 6308 --- [CardCapture-back] [restartedMain] j.c.e.c.service.GlobalStateService       : createDeck; makeCard :code; 406 / suitLクラブ s:4 / num: 6 numLab:6
2026-08-09T17:18:37.595+09:00  INFO 6308 --- [CardCapture-back] [restartedMain] j.c.e.c.service.GlobalStateService       : suit=4 / num=6 / card-c:406
2026-08-09T17:18:37.595+09:00  INFO 6308 --- [CardCapture-back] [restartedMain] j.c.e.c.service.GlobalStateService       : createDeck; makeCard :code; 407 / suitLクラブ s:4 / num: 7 numLab:7
2026-08-09T17:18:37.595+09:00  INFO 6308 --- [CardCapture-back] [restartedMain] j.c.e.c.service.GlobalStateService       : suit=4 / num=7 / card-c:407
2026-08-09T17:18:37.596+09:00  INFO 6308 --- [CardCapture-back] [restartedMain] j.c.e.c.service.GlobalStateService       : createDeck; makeCard :code; 408 / suitLクラブ s:4 / num: 8 numLab:8
2026-08-09T17:18:37.596+09:00  INFO 6308 --- [CardCapture-back] [restartedMain] j.c.e.c.service.GlobalStateService       : suit=4 / num=8 / card-c:408
2026-08-09T17:18:37.596+09:00  INFO 6308 --- [CardCapture-back] [restartedMain] j.c.e.c.service.GlobalStateService       : createDeck; makeCard :code; 409 / suitLクラブ s:4 / num: 9 numLab:9
2026-08-09T17:18:37.596+09:00  INFO 6308 --- [CardCapture-back] [restartedMain] j.c.e.c.service.GlobalStateService       : suit=4 / num=9 / card-c:409
2026-08-09T17:18:37.596+09:00  INFO 6308 --- [CardCapture-back] [restartedMain] j.c.e.c.service.GlobalStateService       : createDeck; makeCard :code; 410 / suitLクラブ s:4 / num: 10 numLab:10
2026-08-09T17:18:37.596+09:00  INFO 6308 --- [CardCapture-back] [restartedMain] j.c.e.c.service.GlobalStateService       : suit=4 / num=10 / card-c:410
2026-08-09T17:18:37.596+09:00  INFO 6308 --- [CardCapture-back] [restartedMain] j.c.e.c.service.GlobalStateService       : createDeck; makeCard :code; 411 / suitLクラブ s:4 / num: 11 numLab:ジャック
2026-08-09T17:18:37.596+09:00  INFO 6308 --- [CardCapture-back] [restartedMain] j.c.e.c.service.GlobalStateService       : suit=4 / num=11 / card-c:411
2026-08-09T17:18:37.596+09:00  INFO 6308 --- [CardCapture-back] [restartedMain] j.c.e.c.service.GlobalStateService       : createDeck; makeCard :code; 412 / suitLクラブ s:4 / num: 12 numLab:クイーン
2026-08-09T17:18:37.596+09:00  INFO 6308 --- [CardCapture-back] [restartedMain] j.c.e.c.service.GlobalStateService       : suit=4 / num=12 / card-c:412
2026-08-09T17:18:37.597+09:00  INFO 6308 --- [CardCapture-back] [restartedMain] j.c.e.c.service.GlobalStateService       : createDeck; makeCard :code; 413 / suitLクラブ s:4 / num: 13 numLab:キング
2026-08-09T17:18:37.597+09:00  INFO 6308 --- [CardCapture-back] [restartedMain] j.c.e.c.service.GlobalStateService       : suit=4 / num=13 / card-c:413
2026-08-09T17:18:37.597+09:00  INFO 6308 --- [CardCapture-back] [restartedMain] j.c.e.c.service.GlobalStateService       : createDeck; makeCard :code; 414 / suitLクラブ s:4 / num: 14 numLab:エース
2026-08-09T17:18:37.597+09:00  INFO 6308 --- [CardCapture-back] [restartedMain] j.c.e.c.service.GlobalStateService       : suit=4 / num=14 / card-c:414
2026-08-09T17:18:37.597+09:00  INFO 6308 --- [CardCapture-back] [restartedMain] j.c.e.c.service.GlobalStateService       : createDeck; 終了
2026-08-09T17:18:37.784+09:00  INFO 6308 --- [CardCapture-back] [restartedMain] o.s.v.b.OptionalValidatorFactoryBean     : Failed to set up a Bean Validation provider: jakarta.validation.NoProviderFoundException: Unable to create a Configuration, because no Jakarta Validation provider could be found. Add a provider like Hibernate Validator (RI) to your classpath.
2026-08-09T17:18:38.236+09:00  INFO 6308 --- [CardCapture-back] [restartedMain] o.s.boot.tomcat.TomcatWebServer          : Tomcat started on port 8080 (http) with context path '/'
2026-08-09T17:18:38.245+09:00  INFO 6308 --- [CardCapture-back] [restartedMain] j.c.e.c.CardCaptureBackApplication       : Started CardCaptureBackApplication in 2.805 seconds (process running for 3.762)
2026-08-09T17:18:42.351+09:00  INFO 6308 --- [CardCapture-back] [http-nio-8080-exec-1] o.a.c.c.C.[Tomcat].[localhost].[/]       : Initializing Spring DispatcherServlet 'dispatcherServlet'
2026-08-09T17:18:42.351+09:00  INFO 6308 --- [CardCapture-back] [http-nio-8080-exec-1] o.s.web.servlet.DispatcherServlet        : Initializing Servlet 'dispatcherServlet'
2026-08-09T17:18:42.355+09:00  INFO 6308 --- [CardCapture-back] [http-nio-8080-exec-1] o.s.web.servlet.DispatcherServlet        : Completed initialization in 2 ms
2026-08-09T17:18:42.404+09:00  INFO 6308 --- [CardCapture-back] [http-nio-8080-exec-1] j.c.e.c.service.CardCuptureInitService   : CardCuptureInitService: init 開始
2026-08-09T17:18:42.479+09:00  INFO 6308 --- [CardCapture-back] [http-nio-8080-exec-1] j.c.e.c.service.CardCuptureInitService   : CardCuptureInitService; init 終了
2026-08-09T17:18:42.479+09:00  INFO 6308 --- [CardCapture-back] [http-nio-8080-exec-1] j.c.e.c.service.CardCuptureInitService   : CardCuptureInitService: gameStart 開始
2026-08-09T17:18:42.479+09:00  INFO 6308 --- [CardCapture-back] [http-nio-8080-exec-1] j.c.e.c.service.CardCuptureInitService   : CardCuptureInitService: gameStart: EnemyArea枚数:4
2026-08-09T17:18:42.480+09:00  INFO 6308 --- [CardCapture-back] [http-nio-8080-exec-1] j.c.e.c.service.CardCuptureInitService   : CardCuptureInitService: gameStart: playerHands枚数:4
2026-08-09T17:18:42.480+09:00  INFO 6308 --- [CardCapture-back] [http-nio-8080-exec-1] j.c.e.c.service.CardCuptureInitService   : CardCuptureInitService: gameStart 終了
2026-08-09T17:20:49.563+09:00  INFO 6308 --- [CardCapture-back] [RMI TCP Connection(10)-127.0.0.1] inMXBeanRegistrar$SpringApplicationAdmin : Application shutdown requested.
2026-08-09T17:20:49.569+09:00  INFO 6308 --- [CardCapture-back] [RMI TCP Connection(10)-127.0.0.1] o.s.boot.tomcat.GracefulShutdown         : Commencing graceful shutdown. Waiting for active requests to complete
2026-08-09T17:20:49.584+09:00  INFO 6308 --- [CardCapture-back] [tomcat-shutdown] o.s.boot.tomcat.GracefulShutdown         : Graceful shutdown complete
